Tipe Laka Lantas;Jumlah Korban Luka Berat;Jumlah Korban Luka Ringan;Jumlah Korban Meninggal Dunia;latitude;longititude;Direction;Tipe Cahaya;Cuaca;Fungsi Jalan;Kelas Jalan;Geometri Jalan;Tipe Jalan;Kecepatan;Jenis Jalan;Lokasi Jalan;Kecamatan;Jenis Luka ;Age;jenis kelamin;jenis kendaraan
Tabrakan depan - belakang;0;2;0;-7,246220259;112,4488262;Utara (0°);Terang / Jelas;Cerah;Lokal / Lingkungan;II (Jalan Sedang utk beban s/d 10 ton & 12m  Panjang Ran);Lurus;2/2 TB (2 Lajur/2 Arah Tanpa Batas Median);50;Jalan Kota / Kabupaten;Jalan Raya Desa Klotok Kecamatan Balongpanggang Kabupaten  Gresik;Balongpanggang;Kecelakaan Ringan ;46-65;Perempuan;Sepeda Angin
Tabrakan depan - belakang;0;2;0;-7,246220259;112,4488262;Utara (0°);Terang / Jelas;Cerah;Lokal / Lingkungan;II (Jalan Sedang utk beban s/d 10 ton & 12m  Panjang Ran);Lurus;2/2 TB (2 Lajur/2 Arah Tanpa Batas Median);50;Jalan Kota / Kabupaten;Jalan Raya Desa Klotok Kecamatan Balongpanggang Kabupaten  Gresik;Balongpanggang;Kecelakaan Ringan ;46-65;Perempuan;Sepeda Angin
Tabrakan depan - belakang;0;2;0;-7,246220259;112,4488262;Utara (0°);Terang / Jelas;Cerah;Lokal / Lingkungan;II (Jalan Sedang utk beban s/d 10 ton & 12m  Panjang Ran);Lurus;2/2 TB (2 Lajur/2 Arah Tanpa Batas Median);50;Jalan Kota / Kabupaten;Jalan Raya Desa Klotok Kecamatan Balongpanggang Kabupaten  Gresik;Balongpanggang;Kecelakaan Ringan ;46-65;Perempuan;Sepeda Angin
Tabrakan depan - belakang;0;1;0;-6,989247733;112,5600946;Timur (90°);Terang / Jelas;Cerah;Lokal / Lingkungan;II (Jalan Sedang utk beban s/d 10 ton & 12m  Panjang Ran);Lurus;2/2 TB (2 Lajur/2 Arah Tanpa Batas Median);40;Jalan Kota / Kabupaten;Jalan Raya Desa Mriyunan Kecamatan Sidayu Kabupaten Gresik;Sidayu;Kecelakaan Ringan ;46-65;Laki-laki;R2 (Sepeda Motor)
Tabrakan depan - belakang;0;1;0;-7,188124275;112,6135045;Timur (90°);Terang / Jelas;Cerah;Lokal / Lingkungan;II (Jalan Sedang utk beban s/d 10 ton & 12m  Panjang Ran);Lurus;2/2 TB (2 Lajur/2 Arah Tanpa Batas Median);40;Jalan Kota / Kabupaten;Jalan Raya Ds. Kedanyang Kec. Kebomas Kab. Gresik;Kebomas;Kecelakaan Ringan ;<17;Perempuan;R2 (Sepeda Motor)
Tabrakan depan - belakang;0;1;0;-7,055594571;112,5812571;Timur (90°);Terang / Jelas;Cerah;Lokal / Lingkungan;II (Jalan Sedang utk beban s/d 10 ton & 12m  Panjang Ran);Lurus;2/2 TB (2 Lajur/2 Arah Tanpa Batas Median);40;Jalan Kota / Kabupaten;Jalan Raya Ds. Sukorejo Kec. Bungah Kab. Gresik;Bungah;Kecelakaan Ringan ;<17;Laki-laki;R2 (Sepeda Motor)
Tabrakan depan - belakang;1;0;0;-7,02103383;112,5684559;Selatan (180°);Terang / Jelas;Cerah;Arteri;I (Jalan Besar utk beban 10 ton & max 18 m Panjang Ran);Lurus;2/2 TB (2 Lajur/2 Arah Tanpa Batas Median);40;Jalan Nasional;Jalan Raya Ds. Kemangi Kec. Bungah Kab. Gresik;Bungah;Kecelakaan Berat ;<17;Laki-laki;Mini Truk
Tabrakan depan - belakang;0;2;0;-7,163272491;112,6290293;Barat (270°);Terang / Jelas;Cerah;Lokal / Lingkungan;II (Jalan Sedang utk beban s/d 10 ton & 12m  Panjang Ran);Lurus;2/2 TB (2 Lajur/2 Arah Tanpa Batas Median);40;Jalan Kota / Kabupaten;Jalan Raya Dr. Wahidin Sudirohusodo  Kel. Randuagung Kec. Kebomas Kab. Gresik;Kebomas;Kecelakaan Ringan ;46-65;Laki-laki;R2 (Sepeda Motor)
Tabrakan depan - belakang;0;1;0;-7,353808686;112,6029946;Timur (90°);Terang / Jelas;Cerah;Lokal / Lingkungan;II (Jalan Sedang utk beban s/d 10 ton & 12m  Panjang Ran);Lurus;2/2 TB (2 Lajur/2 Arah Tanpa Batas Median);40;Jalan Kota / Kabupaten;Jalan Raya Ds. Sumput Kec. Driyorejo Kab. Gresik;Driyorejo;Kecelakaan Ringan ;<17;Perempuan;R2 (Sepeda Motor)
Tabrakan depan - belakang;0;2;0;-7,114608058;112,5949296;Barat (270°);Terang / Jelas;Cerah;Arteri;I (Jalan Besar utk beban 10 ton & max 18 m Panjang Ran);Lurus;2/2 TB (2 Lajur/2 Arah Tanpa Batas Median);40;Jalan Nasional;Jalan Raya Ds. Manyarrejo Kec. Manyar Kab. Gresik;Manyar;Kecelakaan Ringan ;46-65;Laki-laki;R2 (Sepeda Motor)
Tabrakan depan - belakang;0;1;0;-6,987902576;112,5021599;Barat (270°);Terang / Jelas;Cerah;Lokal / Lingkungan;II (Jalan Sedang utk beban s/d 10 ton & 12m  Panjang Ran);Lurus;2/2 TB (2 Lajur/2 Arah Tanpa Batas Median);40;Jalan Kota / Kabupaten;Jalan Raya Ds. Lasem Kec. Sidayu Kab. Gresik;Sidayu;Kecelakaan Ringan ;<17;Laki-laki;R2 (Sepeda Motor)
Tabrakan depan - belakang;0;2;0;-6,90730752;112,4564192;Timur (90°);Terang / Jelas;Cerah;Arteri;I (Jalan Besar utk beban 10 ton & max 18 m Panjang Ran);Lurus;2/2 TB (2 Lajur/2 Arah Tanpa Batas Median);40;Jalan Nasional;Jalan Raya Ds. Prupuh Kec. Panceng Kab. Gresik;Panceng;Kecelakaan Ringan ;<17;Laki-laki;Mini Truk
Tabrakan depan - belakang;0;1;0;-7,327704;112,5663035;Selatan (180°);Terang / Jelas;Cerah;Kolektor;I (Jalan Besar utk beban 10 ton & max 18 m Panjang Ran);Lurus;2/2 TB (2 Lajur/2 Arah Tanpa Batas Median);40;Jalan Propinsi;Jalan Raya Desa Kedamean Kecamatan Kedamean Kabupaten Gresik;Kedamean;Kecelakaan Ringan ;26-45;Perempuan;R2 (Sepeda Motor)
Tabrakan depan - belakang;0;1;0;-7,02815713;112,5160376;Timur (90°);Terang / Jelas;Cerah;Lokal / Lingkungan;II (Jalan Sedang utk beban s/d 10 ton & 12m  Panjang Ran);Lurus;2/2 TB (2 Lajur/2 Arah Tanpa Batas Median);50;Jalan Kota / Kabupaten;Jalan Raya Ds. Mojopuro Gede Kec. Bungah Kab. Gresik;Bungah;Kecelakaan Ringan ;<17;Laki-laki;R2 (Sepeda Motor)
Tabrakan depan - belakang;0;1;0;-7,137962155;112,4915984;Barat (270°);Terang / Jelas;Cerah;Arteri;I (Jalan Besar utk beban 10 ton & max 18 m Panjang Ran);Lurus;4/2 B (4 Lajur/2 Arah dengan Batas Median);40;Jalan Nasional;Jalan Raya Ds. Glanggang Kec. Duduksampeyan Kab. Gresik;Duduk Sampeyan;Kecelakaan Ringan ;26-45;Laki-laki;Truk Berat / Tronton
Tabrakan depan - belakang;0;1;0;-7,323298533;112,5393822;Barat (270°);Terang / Jelas;Cerah;Lokal / Lingkungan;II (Jalan Sedang utk beban s/d 10 ton & 12m  Panjang Ran);Lurus;2/2 TB (2 Lajur/2 Arah Tanpa Batas Median);40;Jalan Kota / Kabupaten;Jalan Raya Ds. Tanjung Kec. Kedamean Kab. Gresik;Kedamean;Kecelakaan Ringan ;26-45;Laki-laki;Mini Bus
Tabrakan depan - belakang;0;2;0;-7,365672768;112,6156135;Timur (90°);Terang / Jelas;Cerah;Lokal / Lingkungan;II (Jalan Sedang utk beban s/d 10 ton & 12m  Panjang Ran);Lurus;2/2 TB (2 Lajur/2 Arah Tanpa Batas Median);60;Jalan Kota / Kabupaten;Jalan Raya Ds. Driyorejo Kec. Driyorejo Kab. Gresik;Driyorejo;Kecelakaan Ringan ;46-65;Laki-laki;R2 (Sepeda Motor)
Tabrakan depan - belakang;0;0;1;-7,159771785;112,5303322;Barat (270°);Terang / Jelas;Cerah;Arteri;I (Jalan Besar utk beban 10 ton & max 18 m Panjang Ran);Lurus;2/2 TB (2 Lajur/2 Arah Tanpa Batas Median);40;Jalan Nasional;Jalan Raya Ds. Samirplapan Kec. Duduksampeyan Kab. Gresik;Duduk Sampeyan;Kecelakaan Fatal ;46-65;Laki-laki;Mini Bus
Tabrakan depan - belakang;0;2;0;-7,101425842;112,5904852;Selatan (180°);Terang / Jelas;Cerah;Arteri;I (Jalan Besar utk beban 10 ton & max 18 m Panjang Ran);Lurus;2/2 TB (2 Lajur/2 Arah Tanpa Batas Median);50;Jalan Nasional;Jalan Raya Ds. Manyarrejo Kec. Manyar Kab. Gresik;Manyar;Kecelakaan Ringan ;<17;Laki-laki;R2 (Sepeda Motor)
Tabrakan depan - belakang;0;1;0;-7,188438888;112,5773217;Selatan (180°);Terang / Jelas;Cerah;Kolektor;I (Jalan Besar utk beban 10 ton & max 18 m Panjang Ran);Lurus;2/2 TB (2 Lajur/2 Arah Tanpa Batas Median);40;Jalan Propinsi;Jalan Raya Ds. Banjarsari Kec. Cerme Kab. Gresik;Cerme;Kecelakaan Ringan ;<17;Laki-laki;R2 (Sepeda Motor)
Tabrakan depan - belakang;1;1;0;-7,359657217;112,6498756;Barat (270°);Terang / Jelas;Cerah;Kolektor;I (Jalan Besar utk beban 10 ton & max 18 m Panjang Ran);Lurus;2/2 TB (2 Lajur/2 Arah Tanpa Batas Median);50;Jalan Propinsi;Jalan Raya Ds. Bambe Kec. Driyorejo Kab. Gresik;Driyorejo;Kecelakaan Berat ;26-45;Laki-laki;R2 (Sepeda Motor)
Tabrakan depan - belakang;0;2;0;-7,169905966;112,6502419;Timur (90°);Terang / Jelas;Cerah;Lokal / Lingkungan;II (Jalan Sedang utk beban s/d 10 ton & 12m  Panjang Ran);Lurus;4/2 B (4 Lajur/2 Arah dengan Batas Median);50;Jalan Kota / Kabupaten;Jalan Raya R.A. Kartini Kel. Sidomoro Kec. Kebomas Kab. Gresik;Kebomas;Kecelakaan Ringan ;46-65;Laki-laki;R2 (Sepeda Motor)
Tabrakan depan - belakang;1;0;0;-7,375196164;112,5868083;Barat (270°);Terang / Jelas;Cerah;Kolektor;I (Jalan Besar utk beban 10 ton & max 18 m Panjang Ran);Lurus;2/2 TB (2 Lajur/2 Arah Tanpa Batas Median);50;Jalan Propinsi;Jalan Raya Ds. Krikilan Kec. Driyorejo Kab. Gresik;Driyorejo;Kecelakaan Berat ;<17;Laki-laki;R2 (Sepeda Motor)
Tabrakan depan - belakang;0;4;0;-7,185851001;112,6106838;Timur (90°);Terang / Jelas;Cerah;Lokal / Lingkungan;II (Jalan Sedang utk beban s/d 10 ton & 12m  Panjang Ran);Lurus;2/2 TB (2 Lajur/2 Arah Tanpa Batas Median);40;Jalan Desa;Jalan Umum Ds. Kedanyang Kec. Kebomas Kab. Gresik;Kebomas;Kecelakaan Ringan ;26-45;Laki-laki;R2 (Sepeda Motor)
Tabrakan depan - belakang;0;1;0;-7,263537103;112,4945306;Barat (270°);Gelap / Sulit Terlihat;Cerah;Lokal / Lingkungan;II (Jalan Sedang utk beban s/d 10 ton & 12m  Panjang Ran);Lurus;2/2 TB (2 Lajur/2 Arah Tanpa Batas Median);50;Jalan Kota / Kabupaten;Jalan Raya Ds. Bulurejo Kec. Benjeng Kab. Gresik;Benjeng;Kecelakaan Ringan ;46-65;Laki-laki;R2 (Sepeda Motor)
Tabrakan depan - belakang;1;0;0;-7,27116318;112,4428627;Utara (0°);Terang / Jelas;Cerah;Lokal / Lingkungan;II (Jalan Sedang utk beban s/d 10 ton & 12m  Panjang Ran);Lurus;2/2 TB (2 Lajur/2 Arah Tanpa Batas Median);40;Jalan Kota / Kabupaten;Jalan Raya Ds. Balongpanggang Kec. Balongpanggang Kab. Gresik;Balongpanggang;Kecelakaan Berat ;26-45;Laki-laki;R2 (Sepeda Motor)
Tabrakan depan - belakang;0;1;0;-7,268610521;112,4422309;Barat (270°);Terang / Jelas;Cerah;Lokal / Lingkungan;II (Jalan Sedang utk beban s/d 10 ton & 12m  Panjang Ran);Lurus;2/2 TB (2 Lajur/2 Arah Tanpa Batas Median);40;Jalan Kota / Kabupaten;Jalan Raya Ds. Balongpanggang Kec. Balongpanggang Kab. Gresik;Balongpanggang;Kecelakaan Ringan ;17-25;Laki-laki;R2 (Sepeda Motor)
Tabrakan depan - belakang;0;2;0;-7,227158601;112,5642402;Timur (90°);Terang / Jelas;Cerah;Lokal / Lingkungan;II (Jalan Sedang utk beban s/d 10 ton & 12m  Panjang Ran);Lurus;2/2 TB (2 Lajur/2 Arah Tanpa Batas Median);40;Jalan Kota / Kabupaten;Jalan Raya Ds. Cerme Lor Kec. Cerme Kab. Gresik;Cerme;Kecelakaan Ringan ;;Laki-laki;R2 (Sepeda Motor)
Tabrakan depan - belakang;0;2;0;-7,227158601;112,5642402;Timur (90°);Terang / Jelas;Cerah;Lokal / Lingkungan;II (Jalan Sedang utk beban s/d 10 ton & 12m  Panjang Ran);Lurus;2/2 TB (2 Lajur/2 Arah Tanpa Batas Median);40;Jalan Kota / Kabupaten;Jalan Raya Ds. Cerme Lor Kec. Cerme Kab. Gresik;Cerme;Kecelakaan Ringan ;;Laki-laki;R2 (Sepeda Motor)
Tabrakan depan - belakang;0;1;0;-7,379078165;112,5751016;Utara (0°);Terang / Jelas;Cerah;Arteri;I (Jalan Besar utk beban 10 ton & max 18 m Panjang Ran);Lurus;2/2 TB (2 Lajur/2 Arah Tanpa Batas Median);40;Jalan Nasional;Jalan Raya Ds. Krikilan Kec. Driyorejo Kab. Gresik;Driyorejo;Kecelakaan Ringan ;26-45;Laki-laki;R2 (Sepeda Motor)
Tabrakan depan - belakang;0;1;0;-7,165739704;112,5549548;Barat (270°);Gelap / Sulit Terlihat;Cerah;Arteri;I (Jalan Besar utk beban 10 ton & max 18 m Panjang Ran);Lurus;2/2 TB (2 Lajur/2 Arah Tanpa Batas Median);50;Jalan Nasional;Jalan Raya Ds. Ambeng-ambeng Kec. Duduksampeyan Kab. Gresik;Duduk Sampeyan;Kecelakaan Ringan ;46-65;Laki-laki;R2 (Sepeda Motor)
Tabrakan depan - belakang;0;1;0;-7,360363997;112,6529794;Utara (0°);Terang / Jelas;Cerah;Lokal / Lingkungan;II (Jalan Sedang utk beban s/d 10 ton & 12m  Panjang Ran);Lurus;2/2 TB (2 Lajur/2 Arah Tanpa Batas Median);40;Jalan Desa;Jalan Umum Ds. Bambe Kec. Driyorejo Kab. Gresik;Driyorejo;Kecelakaan Ringan ;17-25;Laki-laki;R2 (Sepeda Motor)
Tabrakan depan - belakang;0;1;0;-7,009471525;112,5091052;Utara (0°);Terang / Jelas;Cerah;Lokal / Lingkungan;II (Jalan Sedang utk beban s/d 10 ton & 12m  Panjang Ran);Lurus;2/2 TB (2 Lajur/2 Arah Tanpa Batas Median);40;Jalan Kota / Kabupaten;Jalan Raya Ds. Dukun Anyar Kec. Dukun Kab. Gresik;Dukun;Kecelakaan Ringan;;Laki-laki;R2 (Sepeda Motor)
Tabrakan depan - belakang;0;1;0;-7,324576267;112,5661981;Utara (0°);Terang / Jelas;Cerah;Kolektor;I (Jalan Besar utk beban 10 ton & max 18 m Panjang Ran);Lurus;2/2 TB (2 Lajur/2 Arah Tanpa Batas Median);50;Jalan Propinsi;Jalan Raya Ds. Kedamean Kec. Kedamean Kab. Gresik;Kedamean;Kecelakaan Ringan ;46-65;Laki-laki;R2 (Sepeda Motor)
Tabrakan depan - belakang;0;1;0;-7,236827418;112,5641983;Utara (0°);Terang / Jelas;Cerah;Arteri;I (Jalan Besar utk beban 10 ton & max 18 m Panjang Ran);Lurus;2/2 TB (2 Lajur/2 Arah Tanpa Batas Median);50;Jalan Nasional;Jalan Raya Ds. Cerme Kidul Kec. Cerme Kab. Gresik;Cerme;Kecelakaan Ringan ;46-65;Laki-laki;R2 (Sepeda Motor)
Tabrakan depan - belakang;0;2;0;-6,977068986;112,5381451;Barat (270°);Terang / Jelas;Cerah;Arteri;I (Jalan Besar utk beban 10 ton & max 18 m Panjang Ran);Lurus;2/2 TB (2 Lajur/2 Arah Tanpa Batas Median);50;Jalan Nasional;Jalan Raya Desa Golokan Kecamatan Sidayu Kabupaten Gresik;Sidayu;Kecelakaan Ringan ;26-45;Laki-laki;R2 (Sepeda Motor)
Tabrakan depan - belakang;0;1;0;-7,144211096;112,6155636;Utara (0°);Terang / Jelas;Cerah;Lokal / Lingkungan;II (Jalan Sedang utk beban s/d 10 ton & 12m  Panjang Ran);O (Bundaran);2/2 TB (2 Lajur/2 Arah Tanpa Batas Median);40;Jalan Kota / Kabupaten;Jalan Kalimantan GKB Kel. Yosowilangun Kec. Manyar Kab. Gresik;Manyar;Kecelakaan Ringan ;17-25;Laki-laki;Mini Bus
Tabrakan depan - belakang;0;1;0;-6,98742348;112,5165273;Timur (90°);Terang / Jelas;Cerah;Lokal / Lingkungan;II (Jalan Sedang utk beban s/d 10 ton & 12m  Panjang Ran);Lurus;2/2 TB (2 Lajur/2 Arah Tanpa Batas Median);40;Jalan Kota / Kabupaten;Jalan Raya Desa Lasem Kecamatan Sidayu Kabupaten Gresik;Sidayu;Kecelakaan Ringan ;<17;Laki-laki;Mini Truk
Tabrakan depan - belakang;0;1;0;-7,162888704;112,6317424;Selatan (180°);Terang / Jelas;Cerah;Lokal / Lingkungan;II (Jalan Sedang utk beban s/d 10 ton & 12m  Panjang Ran);Lurus;2/2 TB (2 Lajur/2 Arah Tanpa Batas Median);50;Jalan Kota / Kabupaten;Jalan Raya Tri Dharma Kel. Ngipik Kec. Gresik;Gresik;Kecelakaan Ringan ;26-45;Laki-laki;Mini Bus
Tabrakan depan - belakang;0;1;0;-7,014834815;112,5675827;Selatan (180°);Terang / Jelas;Cerah;Arteri;I (Jalan Besar utk beban 10 ton & max 18 m Panjang Ran);Lurus;2/2 TB (2 Lajur/2 Arah Tanpa Batas Median);40;Jalan Nasional;Jalan Raya Ds. Gumeng Kec. Bungah Kab. Gresik;Bungah;Kecelakaan Ringan ;<17;Laki-laki;Mini Truk
Tabrakan depan - belakang;0;1;0;-6,978972862;112,5257747;Timur (90°);Terang / Jelas;Cerah;Lokal / Lingkungan;II (Jalan Sedang utk beban s/d 10 ton & 12m  Panjang Ran);Lurus;2/2 TB (2 Lajur/2 Arah Tanpa Batas Median);50;Jalan Kota / Kabupaten;Jalan Raya Ds. Sambipondok Kec. Sidayu Kab. Gresik;Sidayu;Kecelakaan Ringan ;<17;Perempuan;Mini Truk
Tabrakan depan - belakang;0;1;0;-7,167421805;112,6023681;Timur (90°);Terang / Jelas;Cerah;Lokal / Lingkungan;II (Jalan Sedang utk beban s/d 10 ton & 12m  Panjang Ran);Lurus;4/2 B (4 Lajur/2 Arah dengan Batas Median);50;Jalan Kota / Kabupaten;Jalan Raya Dr. Wahidin Sudirohusodo  Ds. Kembangan Kec Kebomas Kab. Gresik;Kebomas;Kecelakaan Ringan ;<17;Laki-laki;R2 (Sepeda Motor)
Tabrakan depan - belakang;0;1;0;-7,354864431;112,603059;Utara (0°);Terang / Jelas;Cerah;Lokal / Lingkungan;II (Jalan Sedang utk beban s/d 10 ton & 12m  Panjang Ran);Lurus;2/2 TB (2 Lajur/2 Arah Tanpa Batas Median);50;Jalan Kota / Kabupaten;Jalan Raya Ds. Sumput Kec. Driyorejo Kab. Gresik;Driyorejo;Kecelakaan Ringan ;46-65;Laki-laki;R2 (Sepeda Motor)
Tabrakan depan - belakang;0;1;0;-7,11803594;112,597491;Timur (90°);Gelap / Sulit Terlihat;Cerah;Arteri;I (Jalan Besar utk beban 10 ton & max 18 m Panjang Ran);Lurus;2/2 TB (2 Lajur/2 Arah Tanpa Batas Median);40;Jalan Nasional;Jalan Raya Ds Leran Kec Manyar  Kab. Gresik;Manyar;Kecelakaan Ringan ;46-65;Laki-laki;Mini Bus
Tabrakan depan - belakang;0;1;0;-7,165043335;112,549609;Timur (90°);Terang / Jelas;Cerah;Arteri;I (Jalan Besar utk beban 10 ton & max 18 m Panjang Ran);Lurus;2/2 TB (2 Lajur/2 Arah Tanpa Batas Median);40;Jalan Nasional;Jalan Raya Ds. Tebaloan Kec. Duduksampeyan Kab. Gresik;Duduk Sampeyan;Kecelakaan Ringan ;26-45;Laki-laki;Mini Truk
Tabrakan depan - belakang;0;1;0;-7,365504023;112,6237411;Barat (270°);Terang / Jelas;Cerah;Lokal / Lingkungan;II (Jalan Sedang utk beban s/d 10 ton & 12m  Panjang Ran);Lurus;2/2 TB (2 Lajur/2 Arah Tanpa Batas Median);40;Jalan Kota / Kabupaten;Jalan Raya Ds. Driyorejo Kec. Driyorejo Kab. Gresik;Driyorejo;Kecelakaan Ringan ;26-45;Laki-laki;R2 (Sepeda Motor)
Tabrakan depan - belakang;0;1;0;-7,355810519;112,5499596;Utara (0°);Terang / Jelas;Cerah;Lokal / Lingkungan;II (Jalan Sedang utk beban s/d 10 ton & 12m  Panjang Ran);Lurus;2/2 TB (2 Lajur/2 Arah Tanpa Batas Median);40;Jalan Kota / Kabupaten;Jalan Raya Desa Banyuurip Kecamatan Kedamean Kabupaten Gresik;Kedamean;Kecelakaan Ringan ;46-65;Laki-laki;R2 (Sepeda Motor)
Tabrakan depan - belakang;0;1;0;-7,132109671;112,4818342;Timur (90°);Terang / Jelas;Cerah;Arteri;I (Jalan Besar utk beban 10 ton & max 18 m Panjang Ran);Lurus;4/2 B (4 Lajur/2 Arah dengan Batas Median);40;Jalan Nasional;Jalan Raya Ds. Pandanan Kec. Duduksampeyan Kab. Gresik;Duduk Sampeyan;Kecelakaan Ringan ;46-65;Laki-laki;R2 (Sepeda Motor)
Tabrakan depan - belakang;0;1;0;-7,278124562;112,5838596;Utara (0°);Terang / Jelas;Cerah;Lokal / Lingkungan;II (Jalan Sedang utk beban s/d 10 ton & 12m  Panjang Ran);Lurus;2/2 TB (2 Lajur/2 Arah Tanpa Batas Median);40;Jalan Kota / Kabupaten;Jalan Raya Ds. Hulaan Kec. Menganti Kab. Gresik;Menganti;Kecelakaan Ringan ;46-65;Laki-laki;Mini Bus
Tabrakan depan - belakang;0;3;0;-7,190049855;112,5096586;Utara (0°);Terang / Jelas;Cerah;Lokal / Lingkungan;II (Jalan Sedang utk beban s/d 10 ton & 12m  Panjang Ran);Lurus;2/2 TB (2 Lajur/2 Arah Tanpa Batas Median);40;Jalan Kota / Kabupaten;Jalan Raya Ds. Jatirembe Kec. Benjeng Kab. Gresik;Benjeng;Kecelakaan Ringan ;17-25;Laki-laki;R2 (Sepeda Motor)
Tabrakan depan - belakang;0;3;0;-7,267735434;112,4487768;Utara (0°);Terang / Jelas;Cerah;Lokal / Lingkungan;II (Jalan Sedang utk beban s/d 10 ton & 12m  Panjang Ran);Lurus;2/2 TB (2 Lajur/2 Arah Tanpa Batas Median);50;Jalan Kota / Kabupaten;Jalan Raya Ds. Kedungpring Kec. Balongpanggang Kab. Gresik;Balongpanggang;Kecelakaan Ringan ;46-65;Laki-laki;R2 (Sepeda Motor)
Tabrakan depan - belakang;1;1;0;-7,232863474;112,565267;Selatan (180°);Terang / Jelas;Cerah;Kolektor;I (Jalan Besar utk beban 10 ton & max 18 m Panjang Ran);Lurus;2/2 TB (2 Lajur/2 Arah Tanpa Batas Median);50;Jalan Propinsi;Jalan Raya Ds. Cerme Kidul Kec. Cerme Kab. Gresik;Cerme;Kecelakaan Ringan ;26-45;Laki-laki;R2 (Sepeda Motor)
Tabrakan depan - belakang;1;1;0;-7,232863474;112,565267;Selatan (180°);Terang / Jelas;Cerah;Kolektor;I (Jalan Besar utk beban 10 ton & max 18 m Panjang Ran);Lurus;2/2 TB (2 Lajur/2 Arah Tanpa Batas Median);50;Jalan Propinsi;Jalan Raya Ds. Cerme Kidul Kec. Cerme Kab. Gresik;Cerme;Kecelakaan Berat ;26-45;Laki-laki;R2 (Sepeda Motor)
Tabrakan depan - belakang;0;1;0;-7,226997284;112,5635334;Timur (90°);Terang / Jelas;Cerah;Lokal / Lingkungan;II (Jalan Sedang utk beban s/d 10 ton & 12m  Panjang Ran);Lurus;2/2 TB (2 Lajur/2 Arah Tanpa Batas Median);40;Jalan Kota / Kabupaten;Jalan Raya Ds. Cerme Lor Kec. Cerme Kab. Gresik;Cerme;Kecelakaan Ringan ;<17;Laki-laki;R2 (Sepeda Motor)
Tabrakan depan - belakang;0;1;0;-7,369664641;112,5978034;Barat (270°);Terang / Jelas;Cerah;Lokal / Lingkungan;II (Jalan Sedang utk beban s/d 10 ton & 12m  Panjang Ran);Lurus;2/2 TB (2 Lajur/2 Arah Tanpa Batas Median);40;Jalan Kota / Kabupaten;Jalan Raya Ds. Driyorejo Kec. Driyorejo Kab. Gresik;Driyorejo;Kecelakaan Ringan;;Perempuan;R2 (Sepeda Motor)
Tabrakan depan - belakang;0;1;0;-7,402431286;112,5127804;Timur (90°);Terang / Jelas;Cerah;Kolektor;I (Jalan Besar utk beban 10 ton & max 18 m Panjang Ran);Lurus;2/2 TB (2 Lajur/2 Arah Tanpa Batas Median);50;Jalan Propinsi;Jalan Raya Ds. Sumberrame Kec. Wringinanom Kab. Gresik;Wringinanom;Kecelakaan Ringan ;<17;Perempuan;R2 (Sepeda Motor)
Tabrakan depan - belakang;0;1;0;-7,390257009;112,5573135;Timur (90°);Terang / Jelas;Cerah;Lokal / Lingkungan;II (Jalan Sedang utk beban s/d 10 ton & 12m  Panjang Ran);Lurus;2/2 TB (2 Lajur/2 Arah Tanpa Batas Median);40;Jalan Kota / Kabupaten;Jalan Raya Ds. Sumengko Kec. Wringianom Kab. Gresik;Wringinanom;Kecelakaan Ringan ;46-65;Laki-laki;Mini Truk
Tabrakan depan - belakang;0;1;0;-6,904452963;112,5004949;Barat (270°);Terang / Jelas;Cerah;Lokal / Lingkungan;II (Jalan Sedang utk beban s/d 10 ton & 12m  Panjang Ran);Lurus;2/2 TB (2 Lajur/2 Arah Tanpa Batas Median);40;Jalan Kota / Kabupaten;Jalan Raya Ds. Ngembo Kec. Ujungpangkah Kab. Gresik;Ujungpangkah;Kecelakaan Ringan ;<17;Laki-laki;R2 (Sepeda Motor)
Tabrakan depan - belakang;0;1;0;-7,201719682;112,5745386;Selatan (180°);Terang / Jelas;Cerah;Kolektor;I (Jalan Besar utk beban 10 ton & max 18 m Panjang Ran);Lurus;2/2 TB (2 Lajur/2 Arah Tanpa Batas Median);50;Jalan Propinsi;Jalan Raya Ds. Tambakberas Kec. Cerme Kab. Gresik;Cerme;Kecelakaan Ringan ;<17;Laki-laki;R2 (Sepeda Motor)
Tabrakan depan - belakang;0;2;0;-7,294047532;112,5913445;Timur (90°);Terang / Jelas;Cerah;Lokal / Lingkungan;II (Jalan Sedang utk beban s/d 10 ton & 12m  Panjang Ran);Lurus;2/2 TB (2 Lajur/2 Arah Tanpa Batas Median);40;Jalan Kota / Kabupaten;Jalan Raya Desa Menganti Kecamatan Menganti Kabupaten Gresik;Menganti;Kecelakaan Ringan ;26-45;Perempuan;R2 (Sepeda Motor)
Tabrakan depan - belakang;0;3;0;-7,343013505;112,6374884;Selatan (180°);Terang / Jelas;Cerah;Lokal / Lingkungan;II (Jalan Sedang utk beban s/d 10 ton & 12m  Panjang Ran);Lurus;2/2 TB (2 Lajur/2 Arah Tanpa Batas Median);50;Jalan Kota / Kabupaten;Jalan Raya Ds. Petiken Kec. Driyorejo Kab. Gresik;Driyorejo;Kecelakaan Ringan ;26-45;Laki-laki;R2 (Sepeda Motor)
Tabrakan depan - belakang;0;2;0;-7,162919961;112,6272015;Barat (270°);Terang / Jelas;Cerah;Lokal / Lingkungan;II (Jalan Sedang utk beban s/d 10 ton & 12m  Panjang Ran);Lurus;2/2 TB (2 Lajur/2 Arah Tanpa Batas Median);50;Jalan Kota / Kabupaten;Jalan Raya Dr. Wahidin Sudirohusodo  Kec. Kebomas Kab. Gresik;Kebomas;Kecelakaan Ringan ;17-25;Laki-laki;R2 (Sepeda Motor)
Tabrakan depan - belakang;0;1;0;-7,144356007;112,6298619;Timur (90°);Terang / Jelas;Cerah;Lokal / Lingkungan;II (Jalan Sedang utk beban s/d 10 ton & 12m  Panjang Ran);Lurus;2/2 TB (2 Lajur/2 Arah Tanpa Batas Median);50;Jalan Kota / Kabupaten;Jalan Raya Ds. Roomo Kec. Manyar Kab. Gresik;Manyar;Kecelakaan Ringan;;Laki-laki;R2 (Sepeda Motor)
Tabrakan depan - belakang;0;1;0;-7,357057229;112,5581209;Barat (270°);Terang / Jelas;Cerah;Lokal / Lingkungan;II (Jalan Sedang utk beban s/d 10 ton & 12m  Panjang Ran);Lurus;2/2 TB (2 Lajur/2 Arah Tanpa Batas Median);40;Jalan Kota / Kabupaten;Jalan Raya Ds. Miru  Kec. Kedamean Kab. Gresik;Kedamean;Kecelakaan Ringan ;<17;Laki-laki;R2 (Sepeda Motor)
Tabrakan depan - belakang;0;1;0;-7,160670635;112,6218454;Timur (90°);Terang / Jelas;Cerah;Lokal / Lingkungan;II (Jalan Sedang utk beban s/d 10 ton & 12m  Panjang Ran);Lurus;4/2 B (4 Lajur/2 Arah dengan Batas Median);50;Jalan Kota / Kabupaten;Jalan Raya Dr. Wahidin Sudirohusodo  Kel. Randuagung Kec. Kebomas Kab. Gresik;Kebomas;Kecelakaan Ringan ;<17;Laki-laki;R2 (Sepeda Motor)
Tabrakan depan - belakang;0;1;0;-7,261163592;112,5040055;Barat (270°);Terang / Jelas;Cerah;Lokal / Lingkungan;II (Jalan Sedang utk beban s/d 10 ton & 12m  Panjang Ran);Lurus;2/2 TB (2 Lajur/2 Arah Tanpa Batas Median);50;Jalan Kota / Kabupaten;Jalan Raya Ds. Dermo Kec. Benjeng Kab. Gresik;Benjeng;Kecelakaan Ringan ;<17;Laki-laki;R2 (Sepeda Motor)
Tabrakan depan - belakang;0;1;0;-7,372879322;112,5564364;Barat (270°);Terang / Jelas;Cerah;Tol;I (Jalan Besar utk beban 10 ton & max 18 m Panjang Ran);Lurus;4/2 B (4 Lajur/2 Arah dengan Batas Median);60;Jalan Nasional;Jalan Toll Sumo KM. 727 Ds. Pasinan Lemahputih Kec. Wringinanom Kab. Gresik;Wringinanom;Kecelakaan Ringan ;46-65;Laki-laki;Standar Bus
Tabrakan depan - belakang;0;1;0;-7,31104271;112,5424294;Selatan (180°);Terang / Jelas;Cerah;Tol;I (Jalan Besar utk beban 10 ton & max 18 m Panjang Ran);Lurus;2/1 (2 Lajur/1 Arah);50;Jalan Nasional;Jalan Tol KLBM KM 11.600 Jalur A Desa Belahanrejo Kecamatan Kedamean Kabupaten Gresik;Kedamean;Kecelakaan Ringan ;46-65;Laki-laki;Truk Berat / Tronton
Tabrakan depan - belakang;0;1;0;-7,360987134;112,640926;Timur (90°);Terang / Jelas;Cerah;Kolektor;I (Jalan Besar utk beban 10 ton & max 18 m Panjang Ran);Lurus;2/2 TB (2 Lajur/2 Arah Tanpa Batas Median);50;Jalan Kota / Kabupaten;Jalan Raya Ds. Cangkir Kec. Driyorejo Kab. Gresik;Driyorejo;Kecelakaan Ringan ;26-45;Laki-laki;R2 (Sepeda Motor)
Tabrakan depan - belakang;0;1;0;-7,27131077;112,4428581;Utara (0°);Terang / Jelas;Cerah;Lokal / Lingkungan;II (Jalan Sedang utk beban s/d 10 ton & 12m  Panjang Ran);Lurus;2/2 TB (2 Lajur/2 Arah Tanpa Batas Median);50;Jalan Kota / Kabupaten;Jalan Raya Ds. Wates Kec. Balongpanggang Kab. Gresik;Balongpanggang;Kecelakaan Ringan ;26-45;Perempuan;R2 (Sepeda Motor)
Tabrakan depan - belakang;0;1;0;-7,258830238;112,4473627;Utara (0°);Terang / Jelas;Cerah;Lokal / Lingkungan;II (Jalan Sedang utk beban s/d 10 ton & 12m  Panjang Ran);Lurus;2/2 TB (2 Lajur/2 Arah Tanpa Batas Median);50;Jalan Kota / Kabupaten;Jalan Raya Ds. Pacuh Kec. Balongpanggang Kab. Gresik;Balongpanggang;Kecelakaan Ringan ;<17;Laki-laki;Mini Bus
Tabrakan depan - belakang;0;4;0;-7,291525472;112,5705293;Timur (90°);Terang / Jelas;Cerah;Lokal / Lingkungan;II (Jalan Sedang utk beban s/d 10 ton & 12m  Panjang Ran);Lurus;2/2 TB (2 Lajur/2 Arah Tanpa Batas Median);50;Jalan Kota / Kabupaten;Jalan Raya Ds. Bringkang Kec. Menganti Kab. Gresik;Menganti;Kecelakaan Ringan ;17-25;Laki-laki;R2 (Sepeda Motor)
Tabrakan depan - belakang;0;1;0;-7,298606461;112,5441545;Utara (0°);Terang / Jelas;Cerah;Tol;I (Jalan Besar utk beban 10 ton & max 18 m Panjang Ran);Lurus;2/1 (2 Lajur/1 Arah);80;Jalan Nasional;Jalan Tol KLBM Km 14.400 Ds. Turirejo Kec. Kedamean Kab. Gresik;Kedamean;Kecelakaan Ringan ;<17;Laki-laki;Mini Truk
Tabrakan depan - belakang;0;1;0;-7,166214119;112,5589067;Timur (90°);Terang / Jelas;Cerah;Arteri;I (Jalan Besar utk beban 10 ton & max 18 m Panjang Ran);Lurus;2/2 TB (2 Lajur/2 Arah Tanpa Batas Median);40;Jalan Nasional;Jalan Raya Ds. Ambeng-ambeng Kec. Duduksampeyan Kab. Gresik;Duduk Sampeyan;Kecelakaan Ringan ;17-25;Laki-laki;R2 (Sepeda Motor)
Tabrakan depan - belakang;0;3;0;-7,364365347;112,5863592;Selatan (180°);Gelap / Sulit Terlihat;Cerah;Lokal / Lingkungan;II (Jalan Sedang utk beban s/d 10 ton & 12m  Panjang Ran);Lurus;2/2 TB (2 Lajur/2 Arah Tanpa Batas Median);40;Jalan Kota / Kabupaten;Jalan Raya Desa Banjaran Kecamatan Driyorejo Kabupaten Gresik;Driyorejo;Kecelakaan Ringan ;46-65;Laki-laki;R2 (Sepeda Motor)
Tabrakan depan - belakang;0;2;0;-6,999306512;112,5640321;Selatan (180°);Terang / Jelas;Cerah;Arteri;I (Jalan Besar utk beban 10 ton & max 18 m Panjang Ran);Lurus;2/2 TB (2 Lajur/2 Arah Tanpa Batas Median);50;Jalan Nasional;Jalan raya Ds. racitengah Kec. Sidayu Kab. Gresik;Sidayu;Kecelakaan Ringan ;46-65;Laki-laki;R2 (Sepeda Motor)
Tabrakan depan - belakang;0;2;0;-7,396593322;112,5246488;Timur (90°);Terang / Jelas;Cerah;Lokal / Lingkungan;II (Jalan Sedang utk beban s/d 10 ton & 12m  Panjang Ran);Lurus;2/2 TB (2 Lajur/2 Arah Tanpa Batas Median);40;Jalan Kota / Kabupaten;Jalan Raya Ds. Sumberame Kec. Wringinanom Kab. Gresik;Wringinanom;Kecelakaan Ringan ;26-45;Laki-laki;R2 (Sepeda Motor)
Tabrakan depan - belakang;0;1;0;-7,161424391;112,6143451;Timur (90°);Terang / Jelas;Cerah;Lokal / Lingkungan;III (Jalan Kecil utk max beban 8 ton & 9 m Panjang Ran);Lurus;2/2 TB (2 Lajur/2 Arah Tanpa Batas Median);40;Jalan Desa;Jalan Umum GKB Ds. Randuagung Kec. Kebomas Kab. Gresik;Kebomas;Kecelakaan Ringan ;46-65;Laki-laki;Jeep ( SUV )
Tabrakan depan - belakang;0;2;0;-7,160267372;112,5312466;Timur (90°);Terang / Jelas;Cerah;Arteri;I (Jalan Besar utk beban 10 ton & max 18 m Panjang Ran);Lurus;4/2 B (4 Lajur/2 Arah dengan Batas Median);40;Jalan Nasional;Jalan Raya Ds. Samirplapan Kec. Duduksampeyan Kab. Gresik;Duduk Sampeyan;Kecelakaan Ringan ;17-25;Laki-laki;R2 (Sepeda Motor)
Tabrakan depan - belakang;0;2;0;-7,14461297;112,5028689;Timur (90°);Terang / Jelas;Cerah;Arteri;I (Jalan Besar utk beban 10 ton & max 18 m Panjang Ran);Lurus;4/2 B (4 Lajur/2 Arah dengan Batas Median);40;Jalan Nasional;Jalan Raya Ds. Tambakrejo Kec. Duduksampeyan Kab. Gresik;Duduk Sampeyan;Kecelakaan Ringan ;<17;Perempuan;Pick up
Tabrakan depan - belakang;0;1;0;-7,355565121;112,5486393;Timur (90°);Terang / Jelas;Cerah;Lokal / Lingkungan;II (Jalan Sedang utk beban s/d 10 ton & 12m  Panjang Ran);Lurus;2/2 TB (2 Lajur/2 Arah Tanpa Batas Median);40;Jalan Kota / Kabupaten;Jalan Raya Ds. Banyuurip Kec. Kedamean Kab. Gresik;Kedamean;Kecelakaan Ringan ;17-25;Laki-laki;R2 (Sepeda Motor)
Tabrakan depan - belakang;0;2;0;-7,290924396;112,5636706;Selatan (180°);Terang / Jelas;Cerah;Kolektor;I (Jalan Besar utk beban 10 ton & max 18 m Panjang Ran);Lurus;2/2 TB (2 Lajur/2 Arah Tanpa Batas Median);40;Jalan Propinsi;Jalan Raya Ds. Bringkang Kec. Menganti Kab. Gresik;Menganti;Kecelakaan Ringan;;Laki-laki;Mobil
Tabrakan depan - belakang;0;1;0;-7,267323629;112,4524808;Barat (270°);Terang / Jelas;Cerah;Lokal / Lingkungan;II (Jalan Sedang utk beban s/d 10 ton & 12m  Panjang Ran);Lurus;2/2 TB (2 Lajur/2 Arah Tanpa Batas Median);40;Jalan Kota / Kabupaten;Jalan Raya Ds. Balongpanggang Kec. Balongpanggang Kab. Gresik;Balongpanggang;Kecelakaan Ringan ;26-45;Laki-laki;Jeep ( SUV )
Tabrakan depan - belakang;0;1;0;-6,990670806;112,5099318;Barat (270°);Terang / Jelas;Cerah;Lokal / Lingkungan;II (Jalan Sedang utk beban s/d 10 ton & 12m  Panjang Ran);Lurus;2/2 TB (2 Lajur/2 Arah Tanpa Batas Median);50;Jalan Kota / Kabupaten;Jalan Raya Ds. lasem Kec. Sidayu Kab. Gresik;Sidayu;Kecelakaan Ringan ;26-45;Laki-laki;R2 (Sepeda Motor)
Tabrakan depan - belakang;0;2;0;-6,978053127;112,5399588;Barat (270°);Terang / Jelas;Cerah;Arteri;I (Jalan Besar utk beban 10 ton & max 18 m Panjang Ran);Lurus;2/2 TB (2 Lajur/2 Arah Tanpa Batas Median);50;Jalan Nasional;Jalan Raya Ds. Golokan Kec. Sidayu Kab. Gresik;Sidayu;Kecelakaan Ringan ;26-45;Laki-laki;R2 (Sepeda Motor)
Tabrakan depan - belakang;0;2;0;-7,388785075;112,5639692;Timur (90°);Terang / Jelas;Cerah;Lokal / Lingkungan;II (Jalan Sedang utk beban s/d 10 ton & 12m  Panjang Ran);Lurus;2/2 TB (2 Lajur/2 Arah Tanpa Batas Median);40;Jalan Kota / Kabupaten;Jalan Raya Ds. Wringinanom Kec. Wringinanom Kab. Gresik;Wringinanom;Kecelakaan Ringan ;46-65;Perempuan;R2 (Sepeda Motor)
Tabrakan depan - belakang;0;1;0;-7,09451806;112,5896065;Timur (90°);Terang / Jelas;Cerah;Arteri;I (Jalan Besar utk beban 10 ton & max 18 m Panjang Ran);Lurus;2/2 TB (2 Lajur/2 Arah Tanpa Batas Median);50;Jalan Nasional;Jalan Raya Ds. Banyuwangi Kec. Manyar Kab. Gresik;Manyar;Kecelakaan Ringan ;<17;Perempuan;R2 (Sepeda Motor)
Tabrakan depan - belakang;0;1;0;-7,384131385;112,5760228;Utara (0°);Gelap / Sulit Terlihat;Cerah;Kolektor;I (Jalan Besar utk beban 10 ton & max 18 m Panjang Ran);Lurus;2/2 TB (2 Lajur/2 Arah Tanpa Batas Median);50;Jalan Propinsi;Jalan Raya Ds. Krikilan Legundi Kec. Driyorejo Kab. Gresik;Driyorejo;Kecelakaan Ringan ;26-45;Laki-laki;Truk Gandeng
Tabrakan depan - belakang;0;2;0;-7,226523129;112,4576105;Timur (90°);Terang / Jelas;Cerah;Lokal / Lingkungan;II (Jalan Sedang utk beban s/d 10 ton & 12m  Panjang Ran);Lurus;2/2 TB (2 Lajur/2 Arah Tanpa Batas Median);40;Jalan Kota / Kabupaten;Jalan Raya Desa Ngasin Kecamatan Balongpanggang Kabupaten Gresik;Balongpanggang;Kecelakaan Ringan ;26-45;Laki-laki;R2 (Sepeda Motor)
Tabrakan depan - belakang;0;1;0;-7,376274357;112,5510208;Timur (90°);Terang / Jelas;Cerah;Tol;I (Jalan Besar utk beban 10 ton & max 18 m Panjang Ran);Lurus;4/2 B (4 Lajur/2 Arah dengan Batas Median);40;Jalan Nasional;Jalan Tol Surabaya Mojokerto KM 725 B Ds. Pasinan Lemahputih Kec. Wringinanom Kab. Gresik;Wringinanom;Kecelakaan Ringan ;26-45;Laki-laki;Mini Bus
Tabrakan depan - belakang;0;1;0;-7,346917087;112,56847;Selatan (180°);Terang / Jelas;Cerah;Kolektor;I (Jalan Besar utk beban 10 ton & max 18 m Panjang Ran);Lurus;2/2 TB (2 Lajur/2 Arah Tanpa Batas Median);40;Jalan Propinsi;Jalan Raya Ds. Karangandong Kec. Driyorejo Kab. Gresik;Driyorejo;Kecelakaan Ringan ;26-45;Laki-laki;Mini Bus
Tabrakan depan - belakang;0;2;0;-6,989886183;112,5070525;Timur (90°);Terang / Jelas;Cerah;Lokal / Lingkungan;II (Jalan Sedang utk beban s/d 10 ton & 12m  Panjang Ran);Lurus;2/2 TB (2 Lajur/2 Arah Tanpa Batas Median);40;Jalan Kota / Kabupaten;Jalan Raya Ds. Lasem Kec. Sidayu Kab. Gresik;Sidayu;Kecelakaan Ringan ;17-25;Perempuan;R2 (Sepeda Motor)
Tabrakan depan - belakang;0;1;0;-7,395121874;112,5340165;Barat (270°);Terang / Jelas;Cerah;Lokal / Lingkungan;II (Jalan Sedang utk beban s/d 10 ton & 12m  Panjang Ran);Lurus;2/2 TB (2 Lajur/2 Arah Tanpa Batas Median);40;Jalan Kota / Kabupaten;Jalan Raya Ds. Lebaniwaras Kec. Wringinanom Kab. Gresik;Wringinanom;Kecelakaan Ringan ;26-45;Laki-laki;Mini Truk
Tabrakan depan - belakang;0;1;0;-7,328335619;112,5663678;Selatan (180°);Terang / Jelas;Cerah;Lokal / Lingkungan;II (Jalan Sedang utk beban s/d 10 ton & 12m  Panjang Ran);Lurus;2/2 TB (2 Lajur/2 Arah Tanpa Batas Median);40;Jalan Kota / Kabupaten;Jalan Raya Ds. Kedamean Kec. Kedamean Kab. Gresik;Kedamean;Kecelakaan Ringan ;26-45;Laki-laki;R2 (Sepeda Motor)
Tabrakan depan - belakang;0;1;0;-6,883893641;112,4489833;Selatan (180°);Gelap / Sulit Terlihat;Cerah;Lokal / Lingkungan;II (Jalan Sedang utk beban s/d 10 ton & 12m  Panjang Ran);Lurus;2/2 TB (2 Lajur/2 Arah Tanpa Batas Median);40;Jalan Kota / Kabupaten;Jalan Raya Ds. Campurejo Kec. Panceng Kab. Gresik;Panceng;Kecelakaan Ringan;;Laki-laki;R2 (Sepeda Motor)
Tabrakan depan - belakang;1;0;0;-7,215470804;112,5710349;Selatan (180°);Terang / Jelas;Cerah;Kolektor;I (Jalan Besar utk beban 10 ton & max 18 m Panjang Ran);Lurus;4/2 B (4 Lajur/2 Arah dengan Batas Median);50;Jalan Propinsi;Jalan Raya Ds Cerme Lor Kec Cerme Kab. Gresik;Cerme;Kecelakaan Berat ;17-25;Laki-laki;R2 (Sepeda Motor)
Tabrakan depan - belakang;0;3;0;-7,165002821;112,5872818;Utara (0°);Terang / Jelas;Cerah;Lokal / Lingkungan;II (Jalan Sedang utk beban s/d 10 ton & 12m  Panjang Ran);Lurus;2/2 TB (2 Lajur/2 Arah Tanpa Batas Median);40;Jalan Kota / Kabupaten;Jalan Kh. Syafi’i Ds. Dahanrejo Kec. Kebomas Kab. Gresik;Kebomas;Kecelakaan Ringan ;<17;Perempuan;R2 (Sepeda Motor)
Tabrakan depan - belakang;0;2;0;-7,36157427;112,6402164;Timur (90°);Gelap / Sulit Terlihat;Cerah;Kolektor;I (Jalan Besar utk beban 10 ton & max 18 m Panjang Ran);Lurus;2/2 TB (2 Lajur/2 Arah Tanpa Batas Median);40;Jalan Propinsi;Jalan Raya Ds. Cangkir Kec. Driyorejo Kab. Gresik;Driyorejo;Kecelakaan Ringan;;Laki-laki;R2 (Sepeda Motor)
Tabrakan depan - belakang;0;1;0;-7,384411536;112,5762244;Utara (0°);Terang / Jelas;Cerah;Kolektor;I (Jalan Besar utk beban 10 ton & max 18 m Panjang Ran);X atau + (Simpang Empat);2/2 TB (2 Lajur/2 Arah Tanpa Batas Median);40;Jalan Propinsi;Jalan Raya Sp4 Legundi Ds. Legundi Kec. Driyorejo Kab. Gresik;Driyorejo;Kecelakaan Ringan ;46-65;Perempuan;R2 (Sepeda Motor)
Tabrakan depan - belakang;0;1;0;-7,366142127;112,6141247;Timur (90°);Terang / Jelas;Cerah;Lokal / Lingkungan;II (Jalan Sedang utk beban s/d 10 ton & 12m  Panjang Ran);Lurus;2/2 TB (2 Lajur/2 Arah Tanpa Batas Median);40;Jalan Kota / Kabupaten;Jalan Raya Ds. Driyorejo Kec. Driyorejo Kab. Gresik;Driyorejo;Kecelakaan Ringan ;46-65;Laki-laki;R2 (Sepeda Motor)
Tabrakan depan - belakang;0;2;0;-7,165993105;112,6144053;Utara (0°);Terang / Jelas;Cerah;Lokal / Lingkungan;II (Jalan Sedang utk beban s/d 10 ton & 12m  Panjang Ran);Lurus;2/2 TB (2 Lajur/2 Arah Tanpa Batas Median);40;Jalan Kota / Kabupaten;Jalan Raya Dr. Wahidin Sudirohusodo d Kel. Kembangan Kec. Kebomas Kab. Gresik;Kebomas;Kecelakaan Ringan;;Perempuan;R2 (Sepeda Motor)
Tabrakan depan - belakang;0;1;0;-7,192106791;112,6192879;Timur (90°);Terang / Jelas;Cerah;Lokal / Lingkungan;II (Jalan Sedang utk beban s/d 10 ton & 12m  Panjang Ran);Lurus;2/2 TB (2 Lajur/2 Arah Tanpa Batas Median);40;Jalan Desa;Jalan umum Ds Kedanyang Kec. Kebomas Kab. Gresik;Kebomas;Kecelakaan Ringan ;<17;Laki-laki;Mini Truk
Tabrakan depan - belakang;0;2;0;-7,38201194;112,5375003;Utara (0°);Gelap / Sulit Terlihat;Cerah;Tol;I (Jalan Besar utk beban 10 ton & max 18 m Panjang Ran);Lurus;4/2 B (4 Lajur/2 Arah dengan Batas Median);50;Jalan Nasional;Jalan Tol KLBM Km 3,500 Ds. Lebaniwaras Kec. Wringinanom Kab. Gresik;Wringinanom;Kecelakaan Ringan ;46-65;Laki-laki;Truk Berat / Tronton
Tabrakan depan - belakang;0;10;0;-7,389094747;112,5072113;Barat (270°);Terang / Jelas;Cerah;Tol;I (Jalan Besar utk beban 10 ton & max 18 m Panjang Ran);Lurus;2/2 TB (2 Lajur/2 Arah Tanpa Batas Median);50;Jalan Nasional;Jalan Tol Surabaya Mojokerto Km 720+400 Jalur A Ds. Sumberame Kec. Wringinanom Kab. Gresik;Wringinanom;Kecelakaan Ringan ;26-45;Laki-laki;Standar Bus
Tabrakan depan - belakang;1;0;1;-7,173321667;112,6068697;Timur (90°);Terang / Jelas;Cerah;Tol;I (Jalan Besar utk beban 10 ton & max 18 m Panjang Ran);Lurus;4/2 B (4 Lajur/2 Arah dengan Batas Median);50;Jalan Nasional;Jalan Tol KM 15 (600) B Ds. Kembangan Kec. Kebomas Kab. Gresik;Kebomas;Kecelakaan Berat ;46-65;Laki-laki;Truk Berat / Tronton
Tabrakan depan - belakang;0;1;0;-7,263791997;112,5859846;Utara (0°);Terang / Jelas;Cerah;Lokal / Lingkungan;II (Jalan Sedang utk beban s/d 10 ton & 12m  Panjang Ran);Lurus;2/2 TB (2 Lajur/2 Arah Tanpa Batas Median);40;Jalan Kota / Kabupaten;Jalan Raya Ds. Pelemwatu Kec. Menganti Kab. Gresik;Menganti;Kecelakaan Ringan ;<17;Laki-laki;Pick up
Tabrakan depan - belakang;0;2;0;-7,359747858;112,6488884;Timur (90°);Terang / Jelas;Cerah;Kolektor;I (Jalan Besar utk beban 10 ton & max 18 m Panjang Ran);Lurus;2/2 TB (2 Lajur/2 Arah Tanpa Batas Median);50;Jalan Propinsi;Jalan Raya Desa Bambe Kecamatan Driyorejo  Kabupaten Gresik;Driyorejo;Kecelakaan Ringan ;26-45;Laki-laki;Mini Truk
Tabrakan depan - belakang;0;1;0;-7,406369068;112,5048698;Timur (90°);Terang / Jelas;Cerah;Lokal / Lingkungan;II (Jalan Sedang utk beban s/d 10 ton & 12m  Panjang Ran);Lurus;2/2 TB (2 Lajur/2 Arah Tanpa Batas Median);40;Jalan Kota / Kabupaten;Jalan Raya Desa Kedunganyar Kecamatan Wringinanom Kabupaten Gresik;Wringinanom;Kecelakaan Ringan ;46-65;Laki-laki;R2 (Sepeda Motor)
Tabrakan depan - belakang;0;1;0;-7,175668968;112,6246242;Selatan (180°);Terang / Jelas;Cerah;Lokal / Lingkungan;II (Jalan Sedang utk beban s/d 10 ton & 12m  Panjang Ran);Lurus;2/2 TB (2 Lajur/2 Arah Tanpa Batas Median);40;Jalan Kota / Kabupaten;Jalan Raya Mayjend Sungkono Kel. Sekarkurung Kec. Kebomas Kab. Gresik;Kebomas;Kecelakaan Ringan;;Perempuan;R2 (Sepeda Motor)
Tabrakan depan - belakang;0;1;0;-7,118394577;112,5980957;Selatan (180°);Terang / Jelas;Cerah;Arteri;I (Jalan Besar utk beban 10 ton & max 18 m Panjang Ran);Lurus;2/2 TB (2 Lajur/2 Arah Tanpa Batas Median);50;Jalan Nasional;Jalan Raya Ds. Manyarejo Kec. Manyar Kab. Gresik;Manyar;Kecelakaan Ringan ;26-45;Laki-laki;R2 (Sepeda Motor)
Tabrakan depan - belakang;0;2;0;-7,390716179;112,5556697;Barat (270°);Terang / Jelas;Cerah;Lokal / Lingkungan;II (Jalan Sedang utk beban s/d 10 ton & 12m  Panjang Ran);Lurus;2/2 TB (2 Lajur/2 Arah Tanpa Batas Median);40;Jalan Kota / Kabupaten;Jalan Raya Ds. Sumengko Kec. Wringinanom Kab. Gresik;Wringinanom;Kecelakaan Ringan ;46-65;Perempuan;R2 (Sepeda Motor)
Tabrakan depan - belakang;0;1;0;-7,166569046;112,5616713;Timur (90°);Terang / Jelas;Cerah;Arteri;I (Jalan Besar utk beban 10 ton & max 18 m Panjang Ran);Lurus;2/2 TB (2 Lajur/2 Arah Tanpa Batas Median);40;Jalan Nasional;Jalan Raya Ds. Ambeng-ambeng Watangrejo Kec. Duduksampeyan Kab. Gresik;Duduk Sampeyan;Kecelakaan Ringan ;26-45;Perempuan;R2 (Sepeda Motor)
Tabrakan depan - belakang;0;1;0;-7,265877349;112,4681771;Timur (90°);Terang / Jelas;Cerah;Lokal / Lingkungan;II (Jalan Sedang utk beban s/d 10 ton & 12m  Panjang Ran);Lurus;2/2 TB (2 Lajur/2 Arah Tanpa Batas Median);40;Jalan Kota / Kabupaten;Jalan Raya Ds. Kalipadang Kec. Benjeng Kab. Gresik;Benjeng;Kecelakaan Ringan ;<17;Perempuan;R2 (Sepeda Motor)
Tabrakan depan - belakang;0;1;0;-7,365303346;112,6203714;Timur (90°);Terang / Jelas;Cerah;Lokal / Lingkungan;II (Jalan Sedang utk beban s/d 10 ton & 12m  Panjang Ran);Lurus;2/2 TB (2 Lajur/2 Arah Tanpa Batas Median);40;Jalan Kota / Kabupaten;Jalan Raya Ds. Cangkir Kec. Driyorejo Kab. Gresik;Driyorejo;Kecelakaan Ringan ;<17;Perempuan;Mini Bus
Tabrakan depan - belakang;0;1;0;-7,368869056;112,6021359;Barat (270°);Terang / Jelas;Cerah;Lokal / Lingkungan;II (Jalan Sedang utk beban s/d 10 ton & 12m  Panjang Ran);Lurus;2/2 TB (2 Lajur/2 Arah Tanpa Batas Median);40;Jalan Kota / Kabupaten;Jalan Raya Ds. Semambung Kec. Driyorejo Kab. Gresik;Driyorejo;Kecelakaan Ringan;;Laki-laki;R2 (Sepeda Motor)
Tabrakan depan - belakang;0;1;0;-7,118951033;112,5989858;Timur (90°);Terang / Jelas;Cerah;Lokal / Lingkungan;II (Jalan Sedang utk beban s/d 10 ton & 12m  Panjang Ran);Lurus;2/2 TB (2 Lajur/2 Arah Tanpa Batas Median);50;Jalan Kota / Kabupaten;Jalan Raya Desa Manyarejo Kecamatan Manyar Kabupaten Gresik;Manyar;Kecelakaan Ringan ;46-65;Laki-laki;Truk Berat / Tronton
Tabrakan depan - belakang;0;1;0;-6,987396299;112,5182162;Timur (90°);Terang / Jelas;Cerah;Lokal / Lingkungan;II (Jalan Sedang utk beban s/d 10 ton & 12m  Panjang Ran);Lurus;2/2 TB (2 Lajur/2 Arah Tanpa Batas Median);50;Jalan Kota / Kabupaten;Jalan Raya Ds.Lasem Kec Sidayu Kab. Gresik;Sidayu;Kecelakaan Ringan ;<17;Laki-laki;Pick up
Tabrakan depan - belakang;0;1;0;-7,263807724;112,4921728;Barat (270°);Terang / Jelas;Cerah;Lokal / Lingkungan;II (Jalan Sedang utk beban s/d 10 ton & 12m  Panjang Ran);Lurus;2/2 TB (2 Lajur/2 Arah Tanpa Batas Median);50;Jalan Kota / Kabupaten;Jalan Raya Ds. Munggugianti Kec. Benjeng Kab. Gresik;Benjeng;Kecelakaan Ringan ;<17;Laki-laki;R2 (Sepeda Motor)
Tabrakan depan - belakang;0;2;0;-7,152765574;112,6150914;Utara (0°);Terang / Jelas;Cerah;Lokal / Lingkungan;II (Jalan Sedang utk beban s/d 10 ton & 12m  Panjang Ran);Lurus;1/1 (1 Lajur/1 Arah);40;Jalan Kota / Kabupaten;Jalan Jawa GKB Ds. Yosowilangun Kec. Manyar Kab. Gresik;Manyar;Kecelakaan Ringan ;26-45;Perempuan;R2 (Sepeda Motor)
Tabrakan depan - belakang;0;2;0;-7,152765574;112,6150914;Utara (0°);Terang / Jelas;Cerah;Lokal / Lingkungan;II (Jalan Sedang utk beban s/d 10 ton & 12m  Panjang Ran);Lurus;1/1 (1 Lajur/1 Arah);40;Jalan Kota / Kabupaten;Jalan Jawa GKB Ds. Yosowilangun Kec. Manyar Kab. Gresik;Manyar;Kecelakaan Ringan ;;Laki-laki;R2 (Sepeda Motor)
Tabrakan depan - belakang;0;1;0;-7,390663978;112,5559322;Selatan (180°);Terang / Jelas;Cerah;Kolektor;I (Jalan Besar utk beban 10 ton & max 18 m Panjang Ran);Lurus;2/2 TB (2 Lajur/2 Arah Tanpa Batas Median);40;Jalan Propinsi;Jalan Raya Ds. Sumengko Kec. Wringinanom Kab. Gresik;Wringinanom;Kecelakaan Ringan ;46-65;Laki-laki;R2 (Sepeda Motor)
Tabrakan depan - belakang;0;2;0;-7,314653071;112,5654526;Selatan (180°);Terang / Jelas;Cerah;Kolektor;I (Jalan Besar utk beban 10 ton & max 18 m Panjang Ran);Lurus;2/2 TB (2 Lajur/2 Arah Tanpa Batas Median);40;Jalan Propinsi;Jalan Raya Ds. Katimoho Kec. Kedamean Kab. Gresik;Kedamean;Kecelakaan Ringan ;26-45;Laki-laki;R2 (Sepeda Motor)
Tabrakan depan - belakang;0;8;0;-7,394459565;112,4912425;Barat (270°);Gelap / Sulit Terlihat;Cerah;Tol;I (Jalan Besar utk beban 10 ton & max 18 m Panjang Ran);Lurus;4/2 B (4 Lajur/2 Arah dengan Batas Median);60;Jalan Nasional;Jalan Toll Surabaya Mojokerto KM 718+600 Jalur A Ds. Sumberame Kec. Wringinanom Kab. Gresik;Wringinanom;Kecelakaan Ringan ;26-45;Perempuan;Mini Bus
Tabrakan depan - belakang;0;1;0;-7,170221868;112,5118584;Utara (0°);Terang / Jelas;Cerah;Lokal / Lingkungan;II (Jalan Sedang utk beban s/d 10 ton & 12m  Panjang Ran);Lurus;2/2 TB (2 Lajur/2 Arah Tanpa Batas Median);50;Jalan Kota / Kabupaten;Jalan Raya Desa Sumengko Kecamatan Duduksampeyan Kabupaten Gresik;Duduk Sampeyan;Kecelakaan Ringan ;46-65;Perempuan;R2 (Sepeda Motor)
Tabrakan depan - belakang;0;1;0;-7,334208556;112,5669466;Utara (0°);Terang / Jelas;Cerah;Kolektor;I (Jalan Besar utk beban 10 ton & max 18 m Panjang Ran);Lurus;2/2 TB (2 Lajur/2 Arah Tanpa Batas Median);40;Jalan Propinsi;Jalan Raya Ds. Kedamean Kec. Kedamean Kab. Gresik;Kedamean;Kecelakaan Ringan ;<17;Perempuan;Pick up
Tabrakan depan - belakang;0;1;0;-7,184147797;112,6123551;Timur (90°);Terang / Jelas;Cerah;Lokal / Lingkungan;II (Jalan Sedang utk beban s/d 10 ton & 12m  Panjang Ran);Lurus;2/2 TB (2 Lajur/2 Arah Tanpa Batas Median);50;Jalan Kota / Kabupaten;Jalan Raya Ds. Kedanyang Kec. Kebomas Kab. Gresik;Kebomas;Kecelakaan Ringan ;17-25;Laki-laki;R2 (Sepeda Motor)
Tabrakan depan - belakang;0;1;0;-7,306943439;112,5649499;Selatan (180°);Terang / Jelas;Cerah;Arteri;I (Jalan Besar utk beban 10 ton & max 18 m Panjang Ran);Lurus;2/2 TB (2 Lajur/2 Arah Tanpa Batas Median);50;Jalan Propinsi;Jalan Raya Ds. Mojotengah Kec. Menganti Kab. Gresik;Menganti;Kecelakaan Ringan ;17-25;Perempuan;R2 (Sepeda Motor)
Tabrakan depan - belakang;0;2;0;-7,225213825;112,5487535;Timur (90°);Terang / Jelas;Cerah;Lokal / Lingkungan;II (Jalan Sedang utk beban s/d 10 ton & 12m  Panjang Ran);Lurus;2/2 TB (2 Lajur/2 Arah Tanpa Batas Median);50;Jalan Kota / Kabupaten;Jalan Raya Ds. Kambingan Kec. Cerme Kab. Gresik;Cerme;Kecelakaan Ringan ;26-45;Perempuan;R2 (Sepeda Motor)
Tabrakan depan - belakang;0;1;0;-7,166914829;112,6421125;Barat (270°);Terang / Jelas;Cerah;Lokal / Lingkungan;II (Jalan Sedang utk beban s/d 10 ton & 12m  Panjang Ran);Lurus;4/2 B (4 Lajur/2 Arah dengan Batas Median);50;Jalan Kota / Kabupaten;Jalan Raya Ra Kartini Ds. Sukorame Kec. Gresik;Gresik;Kecelakaan Ringan ;26-45;Laki-laki;R2 (Sepeda Motor)
Tabrakan depan - belakang;0;3;0;-7,170557942;112,6305816;Utara (0°);Terang / Jelas;Cerah;Lokal / Lingkungan;II (Jalan Sedang utk beban s/d 10 ton & 12m  Panjang Ran);Lurus;2/2 TB (2 Lajur/2 Arah Tanpa Batas Median);50;Jalan Kota / Kabupaten;Jalan Umum Sunan Giri Ds. Dalemwetan Kec. Kebomas Kab. Gresik;Kebomas;Kecelakaan Ringan ;<17;Laki-laki;R2 (Sepeda Motor)
Tabrakan depan - belakang;0;1;0;-7,062867227;112,5763975;Utara (0°);Terang / Jelas;Cerah;Arteri;I (Jalan Besar utk beban 10 ton & max 18 m Panjang Ran);Lurus;2/2 TB (2 Lajur/2 Arah Tanpa Batas Median);40;Jalan Nasional;Jalan Raya Ds. Sembayat Kec. Manyar Kab. Gresik;Manyar;Kecelakaan Ringan;;Perempuan;R2 (Sepeda Motor)
Tabrakan depan - belakang;0;1;0;-7,167390298;112,6434143;Barat (270°);Terang / Jelas;Cerah;Lokal / Lingkungan;II (Jalan Sedang utk beban s/d 10 ton & 12m  Panjang Ran);Lurus;4/2 B (4 Lajur/2 Arah dengan Batas Median);40;Jalan Kota / Kabupaten;Jalan Raya Kartini Ds. Tlogobendung Kec. Gresik;Gresik;Kecelakaan Ringan ;26-45;Laki-laki;Mini Bus
Tabrakan depan - belakang;0;1;0;-7,156708137;112,657512;Selatan (180°);Terang / Jelas;Cerah;Lokal / Lingkungan;II (Jalan Sedang utk beban s/d 10 ton & 12m  Panjang Ran);Lurus;2/2 TB (2 Lajur/2 Arah Tanpa Batas Median);40;Jalan Kota / Kabupaten;Jalan Raya Ds. Kebungson Kec. Gresik;Gresik;Kecelakaan Ringan ;17-25;Perempuan;R2 (Sepeda Motor)
Tabrakan depan - belakang;0;1;0;-6,967514237;112,4822828;Barat (270°);Terang / Jelas;Cerah;Lokal / Lingkungan;II (Jalan Sedang utk beban s/d 10 ton & 12m  Panjang Ran);Lurus;2/2 TB (2 Lajur/2 Arah Tanpa Batas Median);40;Jalan Kota / Kabupaten;Jalan Raya Ds. Petung Kec. Panceng Kab. Gresik;Panceng;Kecelakaan Ringan ;26-45;Laki-laki;R2 (Sepeda Motor)
Tabrakan depan - belakang;0;1;0;-7,35720847;112,628127;Utara (0°);Terang / Jelas;Cerah;Lokal / Lingkungan;II (Jalan Sedang utk beban s/d 10 ton & 12m  Panjang Ran);Lurus;2/2 TB (2 Lajur/2 Arah Tanpa Batas Median);50;Jalan Kota / Kabupaten;Jalan Raya Desa Tenaru Kecamatan Driyorejo Kabupaten Gresik;Driyorejo;Kecelakaan Ringan ;<17;Laki-laki;R2 (Sepeda Motor)
Tabrakan depan - belakang;0;1;0;-7,164152747;112,6352243;Timur (90°);Terang / Jelas;Cerah;Lokal / Lingkungan;II (Jalan Sedang utk beban s/d 10 ton & 12m  Panjang Ran);Lurus;2/2 TB (2 Lajur/2 Arah Tanpa Batas Median);50;Jalan Kota / Kabupaten;Jalan Raya Dr. Wahidin Sudirohusodo  Kelurahan Kebomas Kecamatan Kebomas Kabupaten Gresik;Kebomas;Kecelakaan Ringan ;;Laki-laki;R2 (Sepeda Motor)
Tabrakan depan - belakang;0;1;0;-7,307645126;112,5649934;Selatan (180°);Terang / Jelas;Cerah;Kolektor;I (Jalan Besar utk beban 10 ton & max 18 m Panjang Ran);Lurus;2/2 TB (2 Lajur/2 Arah Tanpa Batas Median);50;Jalan Propinsi;Jalan Raya Ds. Mojotengah Kec. Menganti Kab. Gresik;Menganti;Kecelakaan Ringan ;17-25;Laki-laki;R2 (Sepeda Motor)
Tabrakan depan - belakang;0;1;0;-7,248097744;112,5612141;Utara (0°);Terang / Jelas;Cerah;Lokal / Lingkungan;II (Jalan Sedang utk beban s/d 10 ton & 12m  Panjang Ran);Lurus;2/2 TB (2 Lajur/2 Arah Tanpa Batas Median);40;Jalan Kota / Kabupaten;Jalan Raya Ds. Morowudi Kec. Cerme Kab. Gresik;Cerme;Kecelakaan Ringan ;26-45;Laki-laki;R2 (Sepeda Motor)
Tabrakan depan - belakang;0;1;0;-7,211857807;112,4900836;Selatan (180°);Terang / Jelas;Cerah;Lokal / Lingkungan;II (Jalan Sedang utk beban s/d 10 ton & 12m  Panjang Ran);Lurus;2/2 TB (2 Lajur/2 Arah Tanpa Batas Median);40;Jalan Kota / Kabupaten;Jalan Raya Ds. Jogodalu Kec. Benjeng Kab. Gresik;Benjeng;Kecelakaan Ringan ;17-25;Laki-laki;R2 (Sepeda Motor)
Tabrakan depan - belakang;0;1;0;-7,156056637;112,523439;Barat (270°);Terang / Jelas;Cerah;Arteri;I (Jalan Besar utk beban 10 ton & max 18 m Panjang Ran);Lurus;4/2 B (4 Lajur/2 Arah dengan Batas Median);50;Jalan Nasional;Jalan Raya Desa Duduksampeyan Kecamatan Duduksampeyan Kabupaten Gresik;Duduk Sampeyan;Kecelakaan Ringan ;26-45;Laki-laki;R2 (Sepeda Motor)
Tabrakan depan - belakang;0;1;0;-7,154883261;112,5213199;Timur (90°);Terang / Jelas;Cerah;Arteri;I (Jalan Besar utk beban 10 ton & max 18 m Panjang Ran);Lurus;2/2 TB (2 Lajur/2 Arah Tanpa Batas Median);40;Jalan Nasional;Jalan Raya Ds. Duduksampeyan Kec. Duduksampeyan Kab. Gresik;Duduk Sampeyan;Kecelakaan Ringan ;;Laki-laki;R2 (Sepeda Motor)
Tabrakan depan - belakang;0;2;0;-7,223508506;112,5304333;Barat (270°);Terang / Jelas;Cerah;Lokal / Lingkungan;II (Jalan Sedang utk beban s/d 10 ton & 12m  Panjang Ran);Lurus;2/2 TB (2 Lajur/2 Arah Tanpa Batas Median);40;Jalan Kota / Kabupaten;Jalan Raya Ds. Kandangan Kec. Cerme Kab. Gresik;Cerme;Kecelakaan Ringan ;<17;Laki-laki;R2 (Sepeda Motor)
Tabrakan depan - belakang;0;1;0;-7,30697119;112,4294236;Utara (0°);Terang / Jelas;Cerah;Lokal / Lingkungan;II (Jalan Sedang utk beban s/d 10 ton & 12m  Panjang Ran);Lurus;2/2 TB (2 Lajur/2 Arah Tanpa Batas Median);40;Jalan Kota / Kabupaten;Jalan Raya Ds. Dapet Kec. Balongpanggang Kab. Gresik;Balongpanggang;Kecelakaan Ringan ;46-65;Laki-laki;R2 (Sepeda Motor)
Tabrakan depan - belakang;0;4;0;-7,266651854;112,5554682;Utara (0°);Terang / Jelas;Cerah;Tol;I (Jalan Besar utk beban 10 ton & max 18 m Panjang Ran);Lurus;4/2 B (4 Lajur/2 Arah dengan Batas Median);50;Jalan Nasional;Jalan Toll KLBM KM 15 600 B Ds. Gadingwatu Kec. Menganti Kab. Gresik;Menganti;Kecelakaan Ringan ;26-45;Laki-laki;Mini Bus
Tabrakan depan - belakang;0;1;0;-7,251254656;112,5647066;Timur (90°);Terang / Jelas;Cerah;Arteri;I (Jalan Besar utk beban 10 ton & max 18 m Panjang Ran);Lurus;2/2 TB (2 Lajur/2 Arah Tanpa Batas Median);50;Jalan Nasional;Jalan Raya Ds. Boboh Kec. Menganti Kab. Gresik;Menganti;Kecelakaan Ringan ;<17;Laki-laki;R2 (Sepeda Motor)
Tabrakan depan - belakang;0;1;0;-7,052299191;112,5714854;Barat (270°);Terang / Jelas;Cerah;Lokal / Lingkungan;II (Jalan Sedang utk beban s/d 10 ton & 12m  Panjang Ran);Lurus;2/2 TB (2 Lajur/2 Arah Tanpa Batas Median);40;Jalan Kota / Kabupaten;Jalan Raya Ds. Bungah Kec. Bungah Kab. Gresik;Bungah;Kecelakaan Ringan ;46-65;Laki-laki;R2 (Sepeda Motor)
Tabrakan depan - belakang;0;1;0;-7,182611491;112,5787132;Timur (90°);Terang / Jelas;Cerah;Arteri;I (Jalan Besar utk beban 10 ton & max 18 m Panjang Ran);Lurus;2/2 TB (2 Lajur/2 Arah Tanpa Batas Median);40;Jalan Nasional;Jalan Raya Ds. Banjarsari Kec. Cerme Kab. Gresik;Cerme;Kecelakaan Ringan ;17-25;Perempuan;R2 (Sepeda Motor)
Tabrakan depan - belakang;0;2;0;-7,256961929;112,5175079;Barat (270°);Terang / Jelas;Cerah;Lokal / Lingkungan;II (Jalan Sedang utk beban s/d 10 ton & 12m  Panjang Ran);Lurus;2/2 TB (2 Lajur/2 Arah Tanpa Batas Median);50;Jalan Kota / Kabupaten;Jalan Raya Ds. Dadapkuning Kec. Cerme Kab. Gresik;Cerme;Kecelakaan Ringan ;26-45;Perempuan;R2 (Sepeda Motor)
Tabrakan depan - belakang;0;2;0;-7,303938511;112,4207966;Utara (0°);Terang / Jelas;Cerah;Lokal / Lingkungan;III (Jalan Kecil utk max beban 8 ton & 9 m Panjang Ran);Lurus;2/2 TB (2 Lajur/2 Arah Tanpa Batas Median);40;Jalan Desa;Jalan Umum Ds. Ngampel Kec. Balongpanggang Kab. Gresik;Balongpanggang;Kecelakaan Ringan ;<17;Laki-laki;R2 (Sepeda Motor)
Tabrakan depan - belakang;0;1;0;-7,24555133;112,5617797;Selatan (180°);Terang / Jelas;Cerah;Arteri;I (Jalan Besar utk beban 10 ton & max 18 m Panjang Ran);Lurus;2/2 TB (2 Lajur/2 Arah Tanpa Batas Median);40;Jalan Nasional;Jalan Raya Ds. Iker-iker Kec. Cerme Kab. Gresik;Cerme;Kecelakaan Ringan;;Laki-laki;R2 (Sepeda Motor)
Tabrakan depan - belakang;0;1;0;-7,179725548;112,5805066;Timur (90°);Terang / Jelas;Cerah;Arteri;I (Jalan Besar utk beban 10 ton & max 18 m Panjang Ran);Lurus;2/2 TB (2 Lajur/2 Arah Tanpa Batas Median);60;Jalan Nasional;Jalan Raya Ds. Banjarsari Kec. Cerme Kab. Gresik;Cerme;Kecelakaan Ringan ;<17;Laki-laki;R2 (Sepeda Motor)
Tabrakan depan - belakang;0;1;0;-7,320771644;112,5658969;Utara (0°);Terang / Jelas;Cerah;Arteri;I (Jalan Besar utk beban 10 ton & max 18 m Panjang Ran);Lurus;2/2 TB (2 Lajur/2 Arah Tanpa Batas Median);40;Jalan Nasional;Jalan Raya Desa Kedamean Kecamatan Kedamean  Kabupaten Gresik;Kedamean;Kecelakaan Ringan ;46-65;Laki-laki;Mini Truk
Tabrakan depan - belakang;0;2;0;-7,270315694;112,415086;Timur (90°);Gelap / Sulit Terlihat;Hujan/ Grimis;Lokal / Lingkungan;II (Jalan Sedang utk beban s/d 10 ton & 12m  Panjang Ran);Lurus;2/2 TB (2 Lajur/2 Arah Tanpa Batas Median);40;Jalan Kota / Kabupaten;Jalan Raya Ds. Babatan Kec. Balongpanggang Kab. Gresik;Balongpanggang;Kecelakaan Ringan ;<17;Laki-laki;Mini Bus
Tabrakan depan - belakang;0;1;0;-7,359434962;112,6528152;Timur (90°);Terang / Jelas;Cerah;Kolektor;I (Jalan Besar utk beban 10 ton & max 18 m Panjang Ran);Lurus;2/2 TB (2 Lajur/2 Arah Tanpa Batas Median);50;Jalan Propinsi;Jalan Raya Ds. Bambe Kec. Driyorejo Kab. Gresik;Driyorejo;Kecelakaan Ringan ;17-25;Laki-laki;R2 (Sepeda Motor)
Tabrakan depan - belakang;0;1;0;-7,141935084;112,599492;Selatan (180°);Terang / Jelas;Cerah;Tol;I (Jalan Besar utk beban 10 ton & max 18 m Panjang Ran);Lurus;4/2 B (4 Lajur/2 Arah dengan Batas Median);40;Jalan Nasional;Jalan Tol Kebomas KM 17 A Ds. Suci Kec. Manyar Kab. Gresik;Manyar;Kecelakaan Ringan ;<17;Laki-laki;Mini Truk
Tabrakan depan - belakang;0;1;0;-7,197924677;112,5754713;Utara (0°);Terang / Jelas;Cerah;Kolektor;I (Jalan Besar utk beban 10 ton & max 18 m Panjang Ran);Lurus;2/2 TB (2 Lajur/2 Arah Tanpa Batas Median);50;Jalan Propinsi;Jalan Raya Ds. Tambakberas Kec. Cerme Kab. Gresik;Cerme;Kecelakaan Ringan ;<17;Laki-laki;Mini Truk
Tabrakan depan - belakang;0;4;0;-7,354737671;112,6210736;Barat (270°);Terang / Jelas;Cerah;Tol;I (Jalan Besar utk beban 10 ton & max 18 m Panjang Ran);Lurus;4/2 B (4 Lajur/2 Arah dengan Batas Median);60;Jalan Nasional;Jalan Tol Sumo Km. 734 600A Ds. Tenaru Kec. Driyorejo Kab. Gresik;Driyorejo;Kecelakaan Ringan ;46-65;Laki-laki;Bus Gandeng
Tabrakan depan - belakang;0;1;0;-7,052345109;112,5720098;Utara (0°);Terang / Jelas;Cerah;Lokal / Lingkungan;II (Jalan Sedang utk beban s/d 10 ton & 12m  Panjang Ran);Lurus;2/2 TB (2 Lajur/2 Arah Tanpa Batas Median);40;Jalan Kota / Kabupaten;Jalan Raya Ds. Bungah Kec. Bungah Kab. Gresik;Bungah;Kecelakaan Ringan ;<17;Laki-laki;Mini Truk
Tabrakan depan - belakang;1;0;0;-7,370018134;112,5957577;Timur (90°);Gelap / Sulit Terlihat;Cerah;Kolektor;I (Jalan Besar utk beban 10 ton & max 18 m Panjang Ran);Lurus;2/2 TB (2 Lajur/2 Arah Tanpa Batas Median);50;Jalan Propinsi;Jalan Raya Ds. Krikilan Kec. Driyorejo Kab. Gresik;Driyorejo;Kecelakaan Berat ;<17;Laki-laki;R2 (Sepeda Motor)
Tabrakan depan - belakang;2;0;0;-7,375779104;112,5518762;Timur (90°);Terang / Jelas;Cerah;Tol;I (Jalan Besar utk beban 10 ton & max 18 m Panjang Ran);Lurus;4/2 B (4 Lajur/2 Arah dengan Batas Median);40;Jalan Nasional;Jalan Tol Surabaya - Mojokerto KM 726 B Desa Sumberame Kecamatan Wringinanom Kabupaten Gresik;Wringinanom;Kecelakaan Berat ;26-45;Laki-laki;Trailer 20 Feet
Tabrakan depan - belakang;0;2;0;-6,96709302;112,5580672;Selatan (180°);Terang / Jelas;Cerah;Lokal / Lingkungan;II (Jalan Sedang utk beban s/d 10 ton & 12m  Panjang Ran);Lurus;2/2 TB (2 Lajur/2 Arah Tanpa Batas Median);50;Jalan Kota / Kabupaten;Jalan Raya Ds. Tanjangawan Kec. Ujungpangkah Kab. Gresik;Ujungpangkah;Kecelakaan Ringan ;;Laki-laki;Sepeda Angin
Tabrakan depan - belakang;1;0;0;-7,340730689;112,629939;Selatan (180°);Terang / Jelas;Cerah;Lokal / Lingkungan;II (Jalan Sedang utk beban s/d 10 ton & 12m  Panjang Ran);Lurus;2/2 TB (2 Lajur/2 Arah Tanpa Batas Median);40;Jalan Kota / Kabupaten;Jalan Raya Ds. Petiken Kec. Driyorejo Kab. Gresik;Driyorejo;Kecelakaan Berat ;17-25;Laki-laki;R2 (Sepeda Motor)
Tabrakan depan - belakang;0;1;0;-7,09571734;112,5900132;Selatan (180°);Terang / Jelas;Cerah;Arteri;I (Jalan Besar utk beban 10 ton & max 18 m Panjang Ran);Lurus;2/2 TB (2 Lajur/2 Arah Tanpa Batas Median);50;Jalan Nasional;Jalan Raya Ds. Banyuwangi Kec. Manyar Kab. Gresik;Manyar;Kecelakaan Ringan;;Laki-laki;Truck
Tabrakan depan - belakang;0;2;0;-7,246220259;112,4488262;Utara (0°);Terang / Jelas;Cerah;Lokal / Lingkungan;II (Jalan Sedang utk beban s/d 10 ton & 12m  Panjang Ran);Lurus;2/2 TB (2 Lajur/2 Arah Tanpa Batas Median);50;Jalan Kota / Kabupaten;Jalan Raya Desa Klotok Kecamatan Balongpanggang Kabupaten  Gresik;Balongpanggang;Kecelakaan Ringan ;46-65;Laki-laki;Sepeda Angin
Tabrakan depan - belakang;0;1;0;-7,188276559;112,5773317;Barat (270°);Terang / Jelas;Cerah;Lokal / Lingkungan;II (Jalan Sedang utk beban s/d 10 ton & 12m  Panjang Ran);Lurus;2/2 TB (2 Lajur/2 Arah Tanpa Batas Median);50;Jalan Kota / Kabupaten;Jalan Umum Ds. Banjarsari Kec. Cerme Kab. Gresik;Cerme;Kecelakaan Ringan ;<17;Laki-laki;R2 (Sepeda Motor)
Tabrakan depan - belakang;0;1;0;-6,977387539;112,5387006;Timur (90°);Terang / Jelas;Cerah;Arteri;I (Jalan Besar utk beban 10 ton & max 18 m Panjang Ran);Lurus;2/2 TB (2 Lajur/2 Arah Tanpa Batas Median);40;Jalan Nasional;Jalan Raya Ds. Golokan Kec. Sidayu Kab. Gresik;Sidayu;Kecelakaan Ringan ;<17;Laki-laki;Pick up
Tabrakan depan - belakang;0;1;0;-7,154792617;112,6247177;Timur (90°);Terang / Jelas;Cerah;Lokal / Lingkungan;II (Jalan Sedang utk beban s/d 10 ton & 12m  Panjang Ran);Lurus;2/2 TB (2 Lajur/2 Arah Tanpa Batas Median);50;Jalan Kota / Kabupaten;Jalan Raya Siti Fatimah Binti Maium Ds. Randuagung Kec. Kebomas Kab. Gresik;Kebomas;Kecelakaan Ringan ;46-65;Perempuan;R2 (Sepeda Motor)
Tabrakan depan - belakang;0;4;0;-7,360991581;112,6409565;Timur (90°);Gelap / Sulit Terlihat;Cerah;Kolektor;I (Jalan Besar utk beban 10 ton & max 18 m Panjang Ran);Lurus;2/2 TB (2 Lajur/2 Arah Tanpa Batas Median);50;Jalan Propinsi;Jalan Raya Desa Cangkir Kecamatan Driyorejo Kabupaten Gresik;Driyorejo;Kecelakaan Ringan ;17-25;Laki-laki;R2 (Sepeda Motor)
Tabrakan depan - belakang;0;3;0;-7,268125717;112,4457832;Utara (0°);Terang / Jelas;Cerah;Lokal / Lingkungan;II (Jalan Sedang utk beban s/d 10 ton & 12m  Panjang Ran);Lurus;2/2 TB (2 Lajur/2 Arah Tanpa Batas Median);40;Jalan Kota / Kabupaten;Jalan Raya Ds. Kedungpring Kec. Balongpanggang Kab. Gresik;Balongpanggang;Kecelakaan Ringan ;<17;Laki-laki;R2 (Sepeda Motor)
Tabrakan depan - belakang;0;1;0;-7,170613963;112,5698367;Barat (270°);Terang / Jelas;Cerah;Arteri;I (Jalan Besar utk beban 10 ton & max 18 m Panjang Ran);Lurus;2/2 TB (2 Lajur/2 Arah Tanpa Batas Median);50;Jalan Nasional;Jalan Raya Ds. Ambeng – ambeng Kec. Duduksampeyan Kab. Gresik;Duduk Sampeyan;Kecelakaan Ringan;;Laki-laki;R2 (Sepeda Motor)
Tabrakan depan - belakang;0;1;0;-6,95717436;112,5057126;Barat (270°);Terang / Jelas;Cerah;Arteri;I (Jalan Besar utk beban 10 ton & max 18 m Panjang Ran);Lurus;2/2 TB (2 Lajur/2 Arah Tanpa Batas Median);50;Jalan Nasional;Jalan Raya Ds. Doudo Kec. Panceng Kab. Gresik;Panceng;Kecelakaan Ringan ;17-25;Laki-laki;R2 (Sepeda Motor)
Tabrakan depan - belakang;0;1;0;-7,292039036;112,5734866;Barat (270°);Terang / Jelas;Cerah;Lokal / Lingkungan;II (Jalan Sedang utk beban s/d 10 ton & 12m  Panjang Ran);Lurus;2/2 TB (2 Lajur/2 Arah Tanpa Batas Median);40;Jalan Kota / Kabupaten;Jalan Raya Ds. Sidojangkung Kec. Menganti Kab. Gresik;Menganti;Kecelakaan Ringan ;17-25;Laki-laki;R2 (Sepeda Motor)
Tabrakan depan - belakang;0;1;0;-7,228151888;112,5672019;Barat (270°);Terang / Jelas;Cerah;Lokal / Lingkungan;II (Jalan Sedang utk beban s/d 10 ton & 12m  Panjang Ran);Lurus;2/2 TB (2 Lajur/2 Arah Tanpa Batas Median);40;Jalan Kota / Kabupaten;Jalan Raya Ds. Cerme Lor Kec. Cerme Kab. Gresik;Cerme;Kecelakaan Ringan ;46-65;Perempuan;R2 (Sepeda Motor)
Tabrakan depan - belakang;0;2;0;-7,269674193;112,4308955;Barat (270°);Terang / Jelas;Cerah;Lokal / Lingkungan;II (Jalan Sedang utk beban s/d 10 ton & 12m  Panjang Ran);Lurus;2/2 TB (2 Lajur/2 Arah Tanpa Batas Median);40;Jalan Kota / Kabupaten;Jalan Raya Desa Kedunganyar Kecamatan Balongpanggang Kabupaten Gresik;Balongpanggang;Kecelakaan Ringan ;;Laki-laki;Sepeda Listrik
Tabrakan depan - belakang;0;2;0;-7,225364261;112,5684495;Utara (0°);Terang / Jelas;Cerah;Kolektor;I (Jalan Besar utk beban 10 ton & max 18 m Panjang Ran);Lurus;2/2 TB (2 Lajur/2 Arah Tanpa Batas Median);40;Jalan Propinsi;Jalan Raya Ds. Cerme Lor Kec. Cerme Kab. Gresik;Cerme;Kecelakaan Ringan ;46-65;Laki-laki;Pick up
Tabrakan depan - belakang;0;1;0;-7,306163862;112,4375667;Barat (270°);Terang / Jelas;Cerah;Lokal / Lingkungan;III (Jalan Kecil utk max beban 8 ton & 9 m Panjang Ran);Lurus;2/2 TB (2 Lajur/2 Arah Tanpa Batas Median);40;Jalan Desa;Jalan Umum Desa Dapet Kecamatan Balongpanggang  Kabupaten Gresik;Balongpanggang;Kecelakaan Ringan ;<17;Perempuan;R2 (Sepeda Motor)
Tabrakan depan - belakang;0;1;0;-7,391238835;112,5536727;Timur (90°);Terang / Jelas;Cerah;Kolektor;I (Jalan Besar utk beban 10 ton & max 18 m Panjang Ran);Lurus;2/2 TB (2 Lajur/2 Arah Tanpa Batas Median);40;Jalan Propinsi;Jalan Raya Ds. Sumengko Kec. Wringinanom Kab. Gresik;Wringinanom;Kecelakaan Ringan ;46-65;Perempuan;R2 (Sepeda Motor)
Tabrakan depan - belakang;0;1;0;-6,93117433;112,5177618;Utara (0°);Terang / Jelas;Cerah;Lokal / Lingkungan;II (Jalan Sedang utk beban s/d 10 ton & 12m  Panjang Ran);Lurus;2/2 TB (2 Lajur/2 Arah Tanpa Batas Median);50;Jalan Kota / Kabupaten;Jalan Raya Ds. Gosari Kec. Ujungpangkah Kab. Gresik;Ujungpangkah;Kecelakaan Ringan ;46-65;Perempuan;R2 (Sepeda Motor)
Tabrakan depan - belakang;0;1;0;-6,978664465;112,5410515;Barat (270°);Terang / Jelas;Cerah;Arteri;I (Jalan Besar utk beban 10 ton & max 18 m Panjang Ran);Lurus;2/2 TB (2 Lajur/2 Arah Tanpa Batas Median);40;Jalan Nasional;Jalan Raya Ds. Golokan Kec. Sidayu Kab. Gresik;Sidayu;Kecelakaan Ringan ;26-45;Laki-laki;Pick up
Tabrakan depan - belakang;0;2;0;-7,169455003;112,6493543;Timur (90°);Terang / Jelas;Cerah;Lokal / Lingkungan;II (Jalan Sedang utk beban s/d 10 ton & 12m  Panjang Ran);Lurus;4/2 B (4 Lajur/2 Arah dengan Batas Median);50;Jalan Kota / Kabupaten;Jalan Raya Kartini Ds. Sidomoro Kec. Kebomas Kab. Gresik;Kebomas;Kecelakaan Ringan ;17-25;Laki-laki;R2 (Sepeda Motor)
Tabrakan depan - depan;0;2;0;-7,364235912;112,6340108;Barat (270°);Terang / Jelas;Cerah;Kolektor;I (Jalan Besar utk beban 10 ton & max 18 m Panjang Ran);Lurus;2/2 TB (2 Lajur/2 Arah Tanpa Batas Median);50;Jalan Propinsi;Jalan Raya Ds. Cangkir Kec. Driyorejo Kab. Gresik;Driyorejo;Kecelakaan Ringan ;17-25;Perempuan;R2 (Sepeda Motor)
Tabrakan depan - depan;0;1;0;-7,290677394;112,5636461;Utara (0°);Terang / Jelas;Cerah;Kolektor;I (Jalan Besar utk beban 10 ton & max 18 m Panjang Ran);Lurus;2/2 TB (2 Lajur/2 Arah Tanpa Batas Median);50;Jalan Propinsi;Jalan Raya Desa Bringkang Kecamatan Menganti Kabupaten Gresik;Menganti;Kecelakaan Ringan ;26-45;Laki-laki;R2 (Sepeda Motor)
Tabrakan depan - depan;0;1;0;-7,405300541;112,5088418;Barat (270°);Terang / Jelas;Cerah;Kolektor;I (Jalan Besar utk beban 10 ton & max 18 m Panjang Ran);Lurus;2/2 TB (2 Lajur/2 Arah Tanpa Batas Median);40;Jalan Propinsi;Jalan Raya Ds. Kedunganyar Kec. Wringinanom Kab. Gresik;Wringinanom;Kecelakaan Ringan ;17-25;Laki-laki;Pick up
Tabrakan depan - depan;0;2;0;-7,152987879;112,5176971;Barat (270°);Terang / Jelas;Cerah;Arteri;I (Jalan Besar utk beban 10 ton & max 18 m Panjang Ran);Lurus;4/2 B (4 Lajur/2 Arah dengan Batas Median);50;Jalan Nasional;Jalan Raya Desa Duduksampeyan Kecamatan Duduksampeyan Kabupaten Gresik;Duduk Sampeyan;Kecelakaan Ringan ;46-65;Laki-laki;R2 (Sepeda Motor)
Tabrakan depan - depan;0;1;0;-7,341961464;112,4894048;Timur (90°);Terang / Jelas;Cerah;Lokal / Lingkungan;III (Jalan Kecil utk max beban 8 ton & 9 m Panjang Ran);Lurus;2/2 TB (2 Lajur/2 Arah Tanpa Batas Median);40;Jalan Desa;Jalan Umum Ds. Mondoluku Kec. Wringinanom Kab. Gresik;Wringinanom;Kecelakaan Ringan ;46-65;Laki-laki;R2 (Sepeda Motor)
Tabrakan depan - depan;0;2;0;-7,365353548;112,6212715;Barat (270°);Terang / Jelas;Cerah;Lokal / Lingkungan;II (Jalan Sedang utk beban s/d 10 ton & 12m  Panjang Ran);Lurus;2/2 TB (2 Lajur/2 Arah Tanpa Batas Median);40;Jalan Kota / Kabupaten;Jalan Raya Desa Driyorejo Kecamatan Driyorejo Kabupaten Gresik;Driyorejo;Kecelakaan Ringan ;26-45;Laki-laki;R2 (Sepeda Motor)
Tabrakan depan - depan;0;1;0;-7,234115396;112,564886;Utara (0°);Terang / Jelas;Cerah;Kolektor;I (Jalan Besar utk beban 10 ton & max 18 m Panjang Ran);Lurus;2/2 TB (2 Lajur/2 Arah Tanpa Batas Median);40;Jalan Propinsi;Jalan Raya Desa Cerme Kidul Kecamatan Cerme Kabupaten Gresik;Cerme;Kecelakaan Fatal ;46-65;Laki-laki;R2 (Sepeda Motor)
Tabrakan depan - depan;0;3;0;-7,168914226;112,5671066;Barat (270°);Terang / Jelas;Cerah;Arteri;I (Jalan Besar utk beban 10 ton & max 18 m Panjang Ran);Lurus;4/2 TB (4 Lajur/2 Arah Tanpa Batas Median);50;Jalan Nasional;Jalan Raya Desa Ambeng-ambeng Kecamatan Duduksampeyan Kabupaten Gresik;Duduk Sampeyan;Kecelakaan Ringan ;26-45;Laki-laki;Medium Truk
Tabrakan depan - depan;0;1;0;-7,333930859;112,4882997;Timur (90°);Terang / Jelas;Cerah;Lokal / Lingkungan;III (Jalan Kecil utk max beban 8 ton & 9 m Panjang Ran);Lurus;2/2 TB (2 Lajur/2 Arah Tanpa Batas Median);50;Jalan Desa;Jalan Umum Ds. Mondoluku Kec. Wringinanom Kab. Gresik;Wringinanom;Kecelakaan Ringan ;17-25;Laki-laki;R2 (Sepeda Motor)
Tabrakan depan - depan;0;1;0;-7,406982491;112,4944353;Timur (90°);Terang / Jelas;Cerah;Kolektor;I (Jalan Besar utk beban 10 ton & max 18 m Panjang Ran);Lurus;2/2 TB (2 Lajur/2 Arah Tanpa Batas Median);40;Jalan Propinsi;Jalan Raya Desa Kedunganyar Kecamatan Wringinanom Kabupaten Gresik;Wringinanom;Kecelakaan Ringan ;17-25;Laki-laki;R2 (Sepeda Motor)
Tabrakan depan - depan;0;3;0;-7,161165349;112,6380903;Timur (90°);Terang / Jelas;Cerah;Lokal / Lingkungan;II (Jalan Sedang utk beban s/d 10 ton & 12m  Panjang Ran);Lurus;2/2 TB (2 Lajur/2 Arah Tanpa Batas Median);40;Jalan Kota / Kabupaten;Jalan Raya Notoprayitno Kelurahan Kebomas Kecamatan Kebomas Kabupaten Gresik;Kebomas;Kecelakaan Ringan;;Laki-laki;R2 (Sepeda Motor)
Tabrakan depan - depan;0;1;0;-7,301219565;112,6165934;Timur (90°);Terang / Jelas;Cerah;Lokal / Lingkungan;II (Jalan Sedang utk beban s/d 10 ton & 12m  Panjang Ran);Lurus;2/2 TB (2 Lajur/2 Arah Tanpa Batas Median);40;Jalan Kota / Kabupaten;Jalan Raya Desa Laban Kecamatan Menganti Kabupaten Gresik;Menganti;Kecelakaan Ringan ;17-25;Perempuan;R2 (Sepeda Motor)
Tabrakan depan - depan;0;1;0;-7,379422248;112,5821483;Timur (90°);Terang / Jelas;Cerah;Kolektor;I (Jalan Besar utk beban 10 ton & max 18 m Panjang Ran);Lurus;2/2 TB (2 Lajur/2 Arah Tanpa Batas Median);50;Jalan Propinsi;Jalan Raya Ds. Krikilan Kec. Driyorejo Kab. Gresik;Driyorejo;Kecelakaan Ringan ;26-45;Laki-laki;Medium Truk
Tabrakan depan - depan;0;1;0;-7,263509235;112,4466556;Utara (0°);Terang / Jelas;Cerah;Lokal / Lingkungan;II (Jalan Sedang utk beban s/d 10 ton & 12m  Panjang Ran);Lurus;2/2 TB (2 Lajur/2 Arah Tanpa Batas Median);50;Jalan Kota / Kabupaten;Jalan Raya Ds. Sambiroto Kec. Balongpanggang Kab. Gresik;Balongpanggang;Kecelakaan Ringan ;26-45;Laki-laki;R2 (Sepeda Motor)
Tabrakan depan - depan;0;2;0;-7,152676153;112,5968925;Selatan (180°);Terang / Jelas;Cerah;Lokal / Lingkungan;II (Jalan Sedang utk beban s/d 10 ton & 12m  Panjang Ran);Lurus;2/2 TB (2 Lajur/2 Arah Tanpa Batas Median);40;Jalan Kota / Kabupaten;Jalan Perum Pondok Permata Suci Desa Suci Kecamatan Manyar Kabupaten Gresik;Manyar;Kecelakaan Ringan ;46-65;Laki-laki;R2 (Sepeda Motor)
Tabrakan depan - depan;0;2;0;-7,154528494;112,5207417;Utara (0°);Terang / Jelas;Cerah;Arteri;I (Jalan Besar utk beban 10 ton & max 18 m Panjang Ran);Lurus;4/2 B (4 Lajur/2 Arah dengan Batas Median);40;Jalan Nasional;Jalan Raya Ds. Duduksampeyan Kec. Duduksampeyan Kab. Gresik;Duduk Sampeyan;Kecelakaan Ringan;;Laki-laki;R2 (Sepeda Motor)
Tabrakan depan - depan;0;2;0;-7,324604856;112,6291435;Utara (0°);Terang / Jelas;Cerah;Lokal / Lingkungan;II (Jalan Sedang utk beban s/d 10 ton & 12m  Panjang Ran);Lurus;2/2 TB (2 Lajur/2 Arah Tanpa Batas Median);40;Jalan Kota / Kabupaten;Jalan Raya Ds. Randegansari Kec. Driyorejo Kab. Gresik;Driyorejo;Kecelakaan Ringan ;17-25;Laki-laki;R2 (Sepeda Motor)
Tabrakan depan - depan;0;1;0;-6,8887016;112,458488;Selatan (180°);Terang / Jelas;Cerah;Lokal / Lingkungan;III (Jalan Kecil utk max beban 8 ton & 9 m Panjang Ran);Lurus;2/2 TB (2 Lajur/2 Arah Tanpa Batas Median);50;Jalan Desa;Jalan Umum Ds. Campurejo Kec. Panceng Kab. Gresik;Panceng;Kecelakaan Ringan;;Laki-laki;R2 (Sepeda Motor)
Tabrakan depan - depan;0;2;0;-5,82435602;112,6342272;Barat (270°);Terang / Jelas;Cerah;Lokal / Lingkungan;III (Jalan Kecil utk max beban 8 ton & 9 m Panjang Ran);Lurus;2/2 TB (2 Lajur/2 Arah Tanpa Batas Median);40;Jalan Desa;Jalan Umum Desa Bululajang Kecamatan Sangkapura Kabupaten Gresik;Sangkapura;Kecelakaan Ringan ;17-25;Laki-laki;R2 (Sepeda Motor)
Tabrakan depan - depan;0;1;0;-7,150456037;112,5131913;Utara (0°);Terang / Jelas;Cerah;Arteri;I (Jalan Besar utk beban 10 ton & max 18 m Panjang Ran);Lurus;4/2 B (4 Lajur/2 Arah dengan Batas Median);40;Jalan Nasional;Jalan Raya Desa Petisbenem Kecamatan Duduksampeyan Kabupaten Gresik;Duduk Sampeyan;Kecelakaan Ringan ;46-65;Laki-laki;Pick up
Tabrakan depan - depan;0;1;0;-7,028884204;112,5175866;Timur (90°);Terang / Jelas;Cerah;Lokal / Lingkungan;II (Jalan Sedang utk beban s/d 10 ton & 12m  Panjang Ran);Lurus;2/2 TB (2 Lajur/2 Arah Tanpa Batas Median);50;Jalan Kota / Kabupaten;Jalan Raya Ds. Mojopurogede Kec. Bungah Kab. Gresik;Bungah;Kecelakaan Ringan ;17-25;Laki-laki;R2 (Sepeda Motor)
Tabrakan depan - depan;0;3;0;-7,16663622;112,5622128;Barat (270°);Terang / Jelas;Cerah;Arteri;I (Jalan Besar utk beban 10 ton & max 18 m Panjang Ran);Lurus;4/2 B (4 Lajur/2 Arah dengan Batas Median);60;Jalan Nasional;Jalan Raya Ds. Ambeng-ambeng Watangrejo Kec. Duduksampeyan Kab. Gresik;Duduk Sampeyan;Kecelakaan Ringan ;17-25;Laki-laki;Mini Bus
Tabrakan depan - depan;1;0;0;-7,250150301;112,5691732;Timur (90°);Terang / Jelas;Cerah;Lokal / Lingkungan;II (Jalan Sedang utk beban s/d 10 ton & 12m  Panjang Ran);Lurus;2/2 TB (2 Lajur/2 Arah Tanpa Batas Median);50;Jalan Kota / Kabupaten;Jalan Raya Ds. Boboh Kec. Menganti Kab. Gresik;Menganti;Kecelakaan Berat ;46-65;Laki-laki;R2 (Sepeda Motor)
Tabrakan depan - depan;0;1;0;-7,252169783;112,4996742;Utara (0°);Terang / Jelas;Cerah;Lokal / Lingkungan;II (Jalan Sedang utk beban s/d 10 ton & 12m  Panjang Ran);Lurus;2/2 TB (2 Lajur/2 Arah Tanpa Batas Median);50;Jalan Kota / Kabupaten;Jalan Raya Ds. Klampok Kec. Benjeng Kab. Gresik;Benjeng;Kecelakaan Ringan ;26-45;Perempuan;R2 (Sepeda Motor)
Tabrakan depan - depan;0;2;0;-7,189843296;112,6358269;Timur (90°);Terang / Jelas;Cerah;Lokal / Lingkungan;II (Jalan Sedang utk beban s/d 10 ton & 12m  Panjang Ran);Lurus;2/2 TB (2 Lajur/2 Arah Tanpa Batas Median);50;Jalan Kota / Kabupaten;Jalan Raya Mayjend Sungkono Kel. Segoromadu Kec. Kebomas Kab. Gresik;Kebomas;Kecelakaan Ringan;;Laki-laki;Mobil
Tabrakan depan - depan;0;1;0;-7,29322162;112,5803908;Barat (270°);Terang / Jelas;Cerah;Lokal / Lingkungan;II (Jalan Sedang utk beban s/d 10 ton & 12m  Panjang Ran);Lurus;2/2 TB (2 Lajur/2 Arah Tanpa Batas Median);40;Jalan Kota / Kabupaten;Jalan Raya Desa Menganti Kecamatan Menganti Kabupaten Gresik;Menganti;Kecelakaan Ringan ;46-65;Laki-laki;R2 (Sepeda Motor)
Tabrakan depan - depan;0;3;0;-7,165103879;112,5500563;Barat (270°);Terang / Jelas;Cerah;Arteri;I (Jalan Besar utk beban 10 ton & max 18 m Panjang Ran);Lurus;4/2 TB (4 Lajur/2 Arah Tanpa Batas Median);50;Jalan Nasional;Jalan Raya Ds. Tebaloan Kec. Duduksampeyan Kab. Gresik;Duduk Sampeyan;Kecelakaan Ringan;;Laki-laki;Truck
Tabrakan depan - depan;0;3;0;-7,037714148;112,5335561;Timur (90°);Terang / Jelas;Cerah;Lokal / Lingkungan;II (Jalan Sedang utk beban s/d 10 ton & 12m  Panjang Ran);Lurus;2/2 TB (2 Lajur/2 Arah Tanpa Batas Median);50;Jalan Kota / Kabupaten;Jalan Raya Desa Mojopuro Wetan Kecamatan Bungah Kabupaten Gresik;Bungah;Kecelakaan Ringan ;17-25;Laki-laki;R2 (Sepeda Motor)
Tabrakan depan - depan;0;1;0;-7,227455956;112,5650442;Timur (90°);Terang / Jelas;Cerah;Lokal / Lingkungan;II (Jalan Sedang utk beban s/d 10 ton & 12m  Panjang Ran);Lurus;2/2 TB (2 Lajur/2 Arah Tanpa Batas Median);40;Jalan Kota / Kabupaten;Jalan Raya Ds. Cerme Lor Kec. Cerme Kab. Gresik;Cerme;Kecelakaan Ringan ;;Laki-laki;R2 (Sepeda Motor)
Tabrakan depan - depan;0;1;0;-7,157416322;112,6395835;Selatan (180°);Terang / Jelas;Cerah;Lokal / Lingkungan;II (Jalan Sedang utk beban s/d 10 ton & 12m  Panjang Ran);Lurus;2/2 TB (2 Lajur/2 Arah Tanpa Batas Median);50;Jalan Kota / Kabupaten;Jalan Raya Ds. Karangpoh Kec. Gresik;Gresik;Kecelakaan Ringan ;17-25;Laki-laki;R2 (Sepeda Motor)
Tabrakan depan - depan;1;0;0;-7,240809333;112,557424;Selatan (180°);Terang / Jelas;Cerah;Kolektor;I (Jalan Besar utk beban 10 ton & max 18 m Panjang Ran);Lurus;2/2 TB (2 Lajur/2 Arah Tanpa Batas Median);40;Jalan Propinsi;Jalan Raya Ds. Iker-Iker Geger Kec. Cerme Kab. Gresik;Cerme;Kecelakaan Berat ;46-65;Laki-laki;Mini Truk
Tabrakan depan - depan;0;1;0;-7,253423558;112,5461109;Timur (90°);Terang / Jelas;Cerah;Lokal / Lingkungan;II (Jalan Sedang utk beban s/d 10 ton & 12m  Panjang Ran);Lurus;2/2 TB (2 Lajur/2 Arah Tanpa Batas Median);50;Jalan Kota / Kabupaten;Jalan Raya Ds. Morowudi Kec. Cerme Kab. Gresik;Cerme;Kecelakaan Ringan ;26-45;Laki-laki;R2 (Sepeda Motor)
Tabrakan depan - depan;0;1;0;-7,388004689;112,5678521;Barat (270°);Gelap / Sulit Terlihat;Cerah;Lokal / Lingkungan;II (Jalan Sedang utk beban s/d 10 ton & 12m  Panjang Ran);Lurus;2/2 TB (2 Lajur/2 Arah Tanpa Batas Median);50;Jalan Kota / Kabupaten;Jalan Raya Ds. Pasinan Kec. Wringinanom Kab. Gresik;Wringinanom;Kecelakaan Ringan ;26-45;Laki-laki;R2 (Sepeda Motor)
Tabrakan depan - depan;0;2;0;-7,343722571;112,6473982;Timur (90°);Terang / Jelas;Cerah;Lokal / Lingkungan;II (Jalan Sedang utk beban s/d 10 ton & 12m  Panjang Ran);Lurus;2/2 TB (2 Lajur/2 Arah Tanpa Batas Median);40;Jalan Kota / Kabupaten;Jalan Raya Desa Mulung Kecamatan Driyorejo Kabupaten Gresik;Driyorejo;Kecelakaan Ringan;;Perempuan;Mobil
Tabrakan depan - depan;0;1;0;-7,192781088;112,6261597;Timur (90°);Terang / Jelas;Cerah;Lokal / Lingkungan;II (Jalan Sedang utk beban s/d 10 ton & 12m  Panjang Ran);Lurus;1/1 (1 Lajur/1 Arah);50;Jalan Kota / Kabupaten;Jalan Raya Mayjend Sungkono Kel. Prambangan Kec. Kebomas Kab. Gresik;Kebomas;Kecelakaan Ringan;;Laki-laki;R2 (Sepeda Motor)
Tabrakan depan - depan;0;1;0;-7,264919684;112,5670897;Selatan (180°);Terang / Jelas;Cerah;Lokal / Lingkungan;II (Jalan Sedang utk beban s/d 10 ton & 12m  Panjang Ran);Lurus;2/2 TB (2 Lajur/2 Arah Tanpa Batas Median);50;Jalan Kota / Kabupaten;Jalan Raya Ds. Putat Lor Kec. Menganti Kab. Gresik;Menganti;Kecelakaan Ringan ;;Laki-laki;R2 (Sepeda Motor)
Tabrakan depan - depan;0;3;0;-7,163784392;112,6550427;Utara (0°);Terang / Jelas;Cerah;Lokal / Lingkungan;II (Jalan Sedang utk beban s/d 10 ton & 12m  Panjang Ran);Lurus;2/2 TB (2 Lajur/2 Arah Tanpa Batas Median);40;Jalan Kota / Kabupaten;Jalan Raya Panglima sudirman Ds Pulopancikan Kec. Gresik;Gresik;Kecelakaan Ringan ;26-45;Laki-laki;R2 (Sepeda Motor)
Tabrakan depan - depan;0;2;0;-7,365161595;112,6183926;Barat (270°);Gelap / Sulit Terlihat;Cerah;Lokal / Lingkungan;II (Jalan Sedang utk beban s/d 10 ton & 12m  Panjang Ran);Lurus;2/2 TB (2 Lajur/2 Arah Tanpa Batas Median);50;Jalan Kota / Kabupaten;Jalan Raya Ds. Driyorejo Kec. Driyorejo Kab. Gresik;Driyorejo;Kecelakaan Ringan ;26-45;Laki-laki;R2 (Sepeda Motor)
Tabrakan depan - depan;1;0;0;-7,371270016;112,5873284;Timur (90°);Terang / Jelas;Cerah;Kolektor;I (Jalan Besar utk beban 10 ton & max 18 m Panjang Ran);Tikungan;2/2 TB (2 Lajur/2 Arah Tanpa Batas Median);60;Jalan Propinsi;Jalan Raya Ds. Krikilan  Kec. Driyorejo  Kab. Gresik;Driyorejo;Kecelakaan Berat ;;Laki-laki;Truck
Tabrakan depan - depan;0;2;0;-7,297550914;112,6137054;Utara (0°);Terang / Jelas;Cerah;Lokal / Lingkungan;III (Jalan Kecil utk max beban 8 ton & 9 m Panjang Ran);Lurus;2/2 TB (2 Lajur/2 Arah Tanpa Batas Median);40;Jalan Desa;Jalan Umum Desa Setro Kecamatan Menganti Kabupaten Gresik;Menganti;Kecelakaan Ringan ;26-45;Perempuan;R2 (Sepeda Motor)
Tabrakan depan - depan;0;2;0;-6,914073946;112,4566323;Timur (90°);Terang / Jelas;Cerah;Lokal / Lingkungan;II (Jalan Sedang utk beban s/d 10 ton & 12m  Panjang Ran);Lurus;2/2 TB (2 Lajur/2 Arah Tanpa Batas Median);40;Jalan Kota / Kabupaten;Jalan Raya Ds. Prupuh Kec. Panceng Kab. Gresik;Panceng;Kecelakaan Ringan ;17-25;Laki-laki;R2 (Sepeda Motor)
Tabrakan depan - depan;0;1;0;-7,277951791;112,5815294;Selatan (180°);Terang / Jelas;Cerah;Lokal / Lingkungan;II (Jalan Sedang utk beban s/d 10 ton & 12m  Panjang Ran);Lurus;2/2 TB (2 Lajur/2 Arah Tanpa Batas Median);50;Jalan Kota / Kabupaten;Jalan Raya Ds. Pelemwatu Kec. Menganti Kab. Gresik;Menganti;Kecelakaan Ringan;;Laki-laki;R2 (Sepeda Motor)
Tabrakan depan - depan;0;4;1;-7,163711614;112,539452;Barat (270°);Terang / Jelas;Cerah;Arteri;I (Jalan Besar utk beban 10 ton & max 18 m Panjang Ran);Lurus;4/2 TB (4 Lajur/2 Arah Tanpa Batas Median);50;Jalan Nasional;Jalan Raya Desa Tebaloan Kecamatan Duduksampeyan Kabupaten Gresik;Duduk Sampeyan;Kecelakaan Berat ;26-45;Laki-laki;Mobil 
Tabrakan depan - depan;0;4;1;-7,163711614;112,539452;Barat (270°);Terang / Jelas;Cerah;Arteri;I (Jalan Besar utk beban 10 ton & max 18 m Panjang Ran);Lurus;4/2 TB (4 Lajur/2 Arah Tanpa Batas Median);50;Jalan Nasional;Jalan Raya Desa Tebaloan Kecamatan Duduksampeyan Kabupaten Gresik;Duduk Sampeyan;Kecelakaan Fatal ;26-45;Perempuan;R2 (Sepeda Motor)
Tabrakan depan - depan;0;1;0;-6,999056929;112,429337;Barat (270°);Terang / Jelas;Cerah;Lokal / Lingkungan;III (Jalan Kecil utk max beban 8 ton & 9 m Panjang Ran);Lurus;2/2 TB (2 Lajur/2 Arah Tanpa Batas Median);40;Jalan Desa;Jalan Umum Ds. Tiremenggal Kec. Dukun Kab. Gresik;Dukun;Kecelakaan Ringan ;26-45;Laki-laki;R2 (Sepeda Motor)
Tabrakan depan - depan;0;1;0;-7,26773877;112,585813;Utara (0°);Terang / Jelas;Cerah;Lokal / Lingkungan;II (Jalan Sedang utk beban s/d 10 ton & 12m  Panjang Ran);Lurus;2/2 TB (2 Lajur/2 Arah Tanpa Batas Median);50;Jalan Kota / Kabupaten;Jalan Raya Ds. Pelemwatu Kec. Menganti Kab. Gresik;Menganti;Kecelakaan Ringan ;26-45;Laki-laki;R2 (Sepeda Motor)
Tabrakan depan - depan;0;2;0;-7,324165799;112,5413375;Timur (90°);Terang / Jelas;Cerah;Lokal / Lingkungan;II (Jalan Sedang utk beban s/d 10 ton & 12m  Panjang Ran);Lurus;2/2 TB (2 Lajur/2 Arah Tanpa Batas Median);40;Jalan Kota / Kabupaten;Jalan Raya Ds. Tanjung Kec. Kedamean Kab. Gresik;Kedamean;Kecelakaan Ringan ;17-25;Laki-laki;R2 (Sepeda Motor)
Tabrakan depan - depan;0;2;0;-7,356073207;112,5510858;Timur (90°);Terang / Jelas;Cerah;Lokal / Lingkungan;II (Jalan Sedang utk beban s/d 10 ton & 12m  Panjang Ran);Lurus;2/2 TB (2 Lajur/2 Arah Tanpa Batas Median);40;Jalan Kota / Kabupaten;Jalan Raya  Ds. Banyuurip Kec. Kedamean Kab. Gresik;Kedamean;Kecelakaan Ringan ;17-25;Laki-laki;R2 (Sepeda Motor)
Tabrakan depan - depan;0;1;0;-7,148096342;112,6022219;Selatan (180°);Terang / Jelas;Cerah;Lokal / Lingkungan;II (Jalan Sedang utk beban s/d 10 ton & 12m  Panjang Ran);Lurus;2/2 TB (2 Lajur/2 Arah Tanpa Batas Median);60;Jalan Kota / Kabupaten;Jalan Raya Ds. Suci Kec. Manyar Kab. Gresik;Manyar;Kecelakaan Ringan ;26-45;Laki-laki;Mini Truk
Tabrakan depan - depan;0;3;0;-7,339286546;112,5935622;Selatan (180°);Terang / Jelas;Cerah;Lokal / Lingkungan;II (Jalan Sedang utk beban s/d 10 ton & 12m  Panjang Ran);Lurus;2/2 TB (2 Lajur/2 Arah Tanpa Batas Median);40;Jalan Kota / Kabupaten;Jalan Raya Ds. Mojosarirejo Kec. Driyorejo Kab. Gresik;Driyorejo;Kecelakaan Ringan ;26-45;Perempuan;Mini Bus
Tabrakan depan - depan;0;2;0;-7,267908873;112,4473664;Utara (0°);Terang / Jelas;Cerah;Lokal / Lingkungan;II (Jalan Sedang utk beban s/d 10 ton & 12m  Panjang Ran);Lurus;2/2 TB (2 Lajur/2 Arah Tanpa Batas Median);40;Jalan Kota / Kabupaten;Jalan Raya Ds. Kedungpring Kec. Balongpanggang Kab. Gresik;Balongpanggang;Kecelakaan Ringan ;17-25;Laki-laki;R2 (Sepeda Motor)
Tabrakan depan - depan;1;1;0;-7,258942682;112,5107477;Timur (90°);Terang / Jelas;Cerah;Lokal / Lingkungan;II (Jalan Sedang utk beban s/d 10 ton & 12m  Panjang Ran);Lurus;2/2 TB (2 Lajur/2 Arah Tanpa Batas Median);40;Jalan Kota / Kabupaten;Jalan Raya Ds. Dadapkuning Kec. Cerme Kab. Gresik;Cerme;Kecelakaan Berat ;;Laki-laki;R2 (Sepeda Motor)
Tabrakan depan - depan;0;1;0;-7,154753718;112,6526863;Utara (0°);Terang / Jelas;Cerah;Lokal / Lingkungan;II (Jalan Sedang utk beban s/d 10 ton & 12m  Panjang Ran);Lurus;2/2 TB (2 Lajur/2 Arah Tanpa Batas Median);40;Jalan Kota / Kabupaten;Jalan Raya KH. Abdul Karim Kelurahan Trate Kecamatan Gresik;Gresik;Kecelakaan Ringan ;26-45;Laki-laki;R2 (Sepeda Motor)
Tabrakan depan - depan;0;2;7;-7,170114629;112,5690494;Barat (270°);Terang / Jelas;Cerah;Arteri;I (Jalan Besar utk beban 10 ton & max 18 m Panjang Ran);Lurus;4/2 B (4 Lajur/2 Arah dengan Batas Median);60;Jalan Nasional;Jalan Raya Ds. Duduksampeyan Kec. Duduksampeyan Kab. Gresik;Duduk Sampeyan;Kecelakaan Fatal ;46-65;Laki-laki;Mini Bus
Tabrakan depan - depan;0;3;0;-7,298570521;112,5903253;Utara (0°);Terang / Jelas;Cerah;Lokal / Lingkungan;II (Jalan Sedang utk beban s/d 10 ton & 12m  Panjang Ran);Lurus;2/2 TB (2 Lajur/2 Arah Tanpa Batas Median);50;Jalan Kota / Kabupaten;Jalan Raya Ds. Menganti Kec. Menganti Kab. Gresik;Menganti;Kecelakaan Ringan ;17-25;Laki-laki;R2 (Sepeda Motor)
Tabrakan depan - depan;0;3;0;-5,824314661;112,6342875;Timur (90°);Terang / Jelas;Cerah;Lokal / Lingkungan;III (Jalan Kecil utk max beban 8 ton & 9 m Panjang Ran);Lurus;2/2 TB (2 Lajur/2 Arah Tanpa Batas Median);40;Jalan Desa;Jalan Umum Ds. Bululanjang Kec. Sangkapura Kab. Gresik;Sangkapura;Kecelakaan Ringan ;<17;Laki-laki;R2 (Sepeda Motor)
Tabrakan depan - depan;0;1;0;-7,264858929;112,4807932;Barat (270°);Terang / Jelas;Cerah;Lokal / Lingkungan;II (Jalan Sedang utk beban s/d 10 ton & 12m  Panjang Ran);Lurus;2/2 TB (2 Lajur/2 Arah Tanpa Batas Median);40;Jalan Kota / Kabupaten;Jalan Raya Ds. Kedungrukem Kec. Benjeng Kab. Gresik;Balongpanggang;Kecelakaan Ringan ;26-45;Laki-laki;Mini Bus
Tabrakan depan - depan;0;1;0;-7,301353253;112,6173062;Timur (90°);Terang / Jelas;Cerah;Lokal / Lingkungan;II (Jalan Sedang utk beban s/d 10 ton & 12m  Panjang Ran);Lurus;2/2 TB (2 Lajur/2 Arah Tanpa Batas Median);50;Jalan Kota / Kabupaten;Jalan Raya Ds. Laban Kec. Menganti Kab. Gresik;Menganti;Kecelakaan Ringan ;26-45;Laki-laki;R3 (Bentor / Bajaj / Bemo)
Tabrakan depan - depan;0;2;0;-7,319185975;112,6338121;Utara (0°);Terang / Jelas;Cerah;Lokal / Lingkungan;II (Jalan Sedang utk beban s/d 10 ton & 12m  Panjang Ran);Lurus;2/2 TB (2 Lajur/2 Arah Tanpa Batas Median);50;Jalan Kota / Kabupaten;Jalan Raya Desa Randegansari Kecamatan Driyorejo Kabupaten Gresik;Driyorejo;Kecelakaan Ringan ;26-45;Laki-laki;R2 (Sepeda Motor)
Tabrakan depan - depan;0;1;0;-7,319658521;112,6337951;Utara (0°);Terang / Jelas;Cerah;Lokal / Lingkungan;II (Jalan Sedang utk beban s/d 10 ton & 12m  Panjang Ran);Lurus;2/2 TB (2 Lajur/2 Arah Tanpa Batas Median);50;Jalan Kota / Kabupaten;Jalan Raya Ds. Randegansari Kec. Driyorejo Kab. Gresik;Driyorejo;Kecelakaan Ringan ;26-45;Laki-laki;Mini Bus
Tabrakan depan - depan;0;1;0;-7,323690615;112,4981931;Selatan (180°);Terang / Jelas;Cerah;Lokal / Lingkungan;II (Jalan Sedang utk beban s/d 10 ton & 12m  Panjang Ran);Lurus;2/2 TB (2 Lajur/2 Arah Tanpa Batas Median);40;Jalan Kota / Kabupaten;Jalan Umum Ds. Sidoraharjo Kec. Kedamean Kab. Gresik;Kedamean;Kecelakaan Ringan ;17-25;Laki-laki;R2 (Sepeda Motor)
Tabrakan depan - depan;0;2;1;-7,406214393;112,5017916;Barat (270°);Gelap / Sulit Terlihat;Cerah;Lokal / Lingkungan;II (Jalan Sedang utk beban s/d 10 ton & 12m  Panjang Ran);Lurus;2/2 TB (2 Lajur/2 Arah Tanpa Batas Median);50;Jalan Kota / Kabupaten;Jalan Raya Ds. Kedunganyar Kec. Wringinanom Kab. Gresik;Wringinanom;Kecelakaan Fatal;;Laki-laki;R2 (Sepeda Motor)
Tabrakan depan - depan;1;0;0;-7,190513761;112,623747;Barat (270°);Terang / Jelas;Cerah;Lokal / Lingkungan;II (Jalan Sedang utk beban s/d 10 ton & 12m  Panjang Ran);Lurus;2/2 TB (2 Lajur/2 Arah Tanpa Batas Median);40;Jalan Kota / Kabupaten;Jalan Mayjend Sungkono Kel. Gulomantung Kec. Kebomas Kab. Gresik;Kebomas;Kecelakaan Berat ;46-65;Laki-laki;R2 (Sepeda Motor)
Tabrakan depan - depan;0;2;0;-7,185220082;112,5774257;Utara (0°);Terang / Jelas;Cerah;Kolektor;I (Jalan Besar utk beban 10 ton & max 18 m Panjang Ran);Lurus;2/2 TB (2 Lajur/2 Arah Tanpa Batas Median);40;Jalan Propinsi;Jalan Raya Ds. Banjarsari Kec. Cerme Kab. Gresik;Cerme;Kecelakaan Ringan ;17-25;Laki-laki;R2 (Sepeda Motor)
Tabrakan depan - depan;0;1;0;-7,170933747;112,5116069;Utara (0°);Terang / Jelas;Cerah;Lokal / Lingkungan;II (Jalan Sedang utk beban s/d 10 ton & 12m  Panjang Ran);Lurus;2/2 TB (2 Lajur/2 Arah Tanpa Batas Median);50;Jalan Kota / Kabupaten;Jalan Raya Ds. Sumengko Kec. Duduksampeyan Kab. Gresik;Duduk Sampeyan;Kecelakaan Ringan ;17-25;Laki-laki;R2 (Sepeda Motor)
Tabrakan depan - depan;0;4;0;-7,000496455;112,5086619;Utara (0°);Terang / Jelas;Cerah;Lokal / Lingkungan;II (Jalan Sedang utk beban s/d 10 ton & 12m  Panjang Ran);Lurus;2/2 TB (2 Lajur/2 Arah Tanpa Batas Median);40;Jalan Kota / Kabupaten;Jalan Raya Ds. Sembunganyar Kec. Dukun Kab. Gresik;Dukun;Kecelakaan Ringan ;26-45;Laki-laki;R2 (Sepeda Motor)
Tabrakan depan - depan;0;3;0;-7,244796715;112,5819824;Utara (0°);Terang / Jelas;Cerah;Lokal / Lingkungan;III (Jalan Kecil utk max beban 8 ton & 9 m Panjang Ran);Lurus;2/2 TB (2 Lajur/2 Arah Tanpa Batas Median);40;Jalan Desa;Jalan Umum Ds. Hendrosari Kec. Menganti Kab. Gresik;Menganti;Kecelakaan Ringan ;17-25;Perempuan;R2 (Sepeda Motor)
Tabrakan depan - depan;0;1;0;-6,896366208;112,4649155;Barat (270°);Terang / Jelas;Cerah;Lokal / Lingkungan;III (Jalan Kecil utk max beban 8 ton & 9 m Panjang Ran);Lurus;2/2 TB (2 Lajur/2 Arah Tanpa Batas Median);40;Jalan Desa;Jalan Umum Ds. Dalegan Kec. Panceng Kab. Gresik;Panceng;Kecelakaan Ringan ;26-45;Laki-laki;R2 (Sepeda Motor)
Tabrakan depan - depan;0;2;0;-7,100431506;112,5906012;Barat (270°);Gelap / Sulit Terlihat;Cerah;Arteri;I (Jalan Besar utk beban 10 ton & max 18 m Panjang Ran);Lurus;2/2 TB (2 Lajur/2 Arah Tanpa Batas Median);40;Jalan Nasional;Jalan Raya Ds. Manyarejo Kec. Manyar Kab. Gresik;Manyar;Kecelakaan Ringan ;17-25;Laki-laki;R2 (Sepeda Motor)
Tabrakan depan - depan;0;1;0;-7,007072684;112,5131787;Selatan (180°);Terang / Jelas;Cerah;Lokal / Lingkungan;II (Jalan Sedang utk beban s/d 10 ton & 12m  Panjang Ran);Lurus;2/2 TB (2 Lajur/2 Arah Tanpa Batas Median);40;Jalan Kota / Kabupaten;Jalan Raya Ds. Sembungan Kidul Kec. Dukun Kab. Gresik;Dukun;Kecelakaan Ringan ;17-25;Laki-laki;R2 (Sepeda Motor)
Tabrakan depan - depan;0;1;0;-7,400632779;112,4980943;Timur (90°);Terang / Jelas;Cerah;Lokal / Lingkungan;II (Jalan Sedang utk beban s/d 10 ton & 12m  Panjang Ran);Lurus;2/2 TB (2 Lajur/2 Arah Tanpa Batas Median);40;Jalan Kota / Kabupaten;Jalan Raya Desa Kedunganyar Kecamatan Wringinanom Kabupaten Gresik;Wringinanom;Kecelakaan Ringan ;26-45;Laki-laki;R2 (Sepeda Motor)
Tabrakan depan - depan;0;1;0;-7,125524474;112,5991902;Selatan (180°);Terang / Jelas;Cerah;Lokal / Lingkungan;II (Jalan Sedang utk beban s/d 10 ton & 12m  Panjang Ran);Lurus;2/2 TB (2 Lajur/2 Arah Tanpa Batas Median);50;Jalan Kota / Kabupaten;Jalan Umum Ds. Peganden Kec. Manyar Kab. Gresik;Manyar;Kecelakaan Ringan ;<17;Laki-laki;R2 (Sepeda Motor)
Tabrakan depan - depan;0;1;0;-7,240061611;112,5971318;Barat (270°);Terang / Jelas;Cerah;Lokal / Lingkungan;II (Jalan Sedang utk beban s/d 10 ton & 12m  Panjang Ran);Lurus;2/2 TB (2 Lajur/2 Arah Tanpa Batas Median);40;Jalan Kota / Kabupaten;Jalan Raya Ds. Kepatihan Kec. Menganti Kab. Gresik;Menganti;Kecelakaan Ringan ;26-45;Perempuan;R2 (Sepeda Motor)
Tabrakan depan - depan;0;1;0;-7,401240506;112,4980443;Utara (0°);Terang / Jelas;Cerah;Lokal / Lingkungan;III (Jalan Kecil utk max beban 8 ton & 9 m Panjang Ran);Lurus;2/2 TB (2 Lajur/2 Arah Tanpa Batas Median);40;Jalan Desa;Jalan Umum Ds. Kedunganyar Kec. Wringinanom Kab. Gresik;Wringinanom;Kecelakaan Ringan ;46-65;Laki-laki;R2 (Sepeda Motor)
Tabrakan depan - depan;0;1;0;-7,235621511;112,4504509;Utara (0°);Terang / Jelas;Cerah;Lokal / Lingkungan;II (Jalan Sedang utk beban s/d 10 ton & 12m  Panjang Ran);Tikungan;2/2 TB (2 Lajur/2 Arah Tanpa Batas Median);40;Jalan Kota / Kabupaten;Jalan Raya Ds. Pinggir Kec. Balongpanggang Kab. Gresik;Balongpanggang;Kecelakaan Ringan ;46-65;Laki-laki;R2 (Sepeda Motor)
Tabrakan depan - depan;0;1;0;-7,220689351;112,5697124;Utara (0°);Terang / Jelas;Cerah;Arteri;I (Jalan Besar utk beban 10 ton & max 18 m Panjang Ran);Lurus;2/2 TB (2 Lajur/2 Arah Tanpa Batas Median);50;Jalan Nasional;Jalan Raya Ds. Cerme Lor Kec. Cerme Kab. Gresik;Cerme;Kecelakaan Ringan;;Laki-laki;R2 (Sepeda Motor)
Tabrakan depan - depan;1;0;0;-7,343036117;112,63736;Selatan (180°);Terang / Jelas;Cerah;Lokal / Lingkungan;II (Jalan Sedang utk beban s/d 10 ton & 12m  Panjang Ran);Lurus;2/2 TB (2 Lajur/2 Arah Tanpa Batas Median);50;Jalan Kota / Kabupaten;Jalan Raya Ds. Petiken Kec. Driyorejo Kab. Gresik;Driyorejo;Kecelakaan Berat ;26-45;Laki-laki;R2 (Sepeda Motor)
Tabrakan depan - depan;0;1;0;-7,181251537;112,6210174;Selatan (180°);Terang / Jelas;Cerah;Lokal / Lingkungan;II (Jalan Sedang utk beban s/d 10 ton & 12m  Panjang Ran);Lurus;2/2 TB (2 Lajur/2 Arah Tanpa Batas Median);40;Jalan Kota / Kabupaten;Jalan Raya Ds. Sekarkurung  Kec. Kebomas Kab. Gresik;Kebomas;Kecelakaan Ringan ;46-65;Laki-laki;R2 (Sepeda Motor)
Tabrakan depan - depan;0;3;0;-7,185748097;112,6105109;Barat (270°);Terang / Jelas;Cerah;Lokal / Lingkungan;II (Jalan Sedang utk beban s/d 10 ton & 12m  Panjang Ran);Lurus;2/2 TB (2 Lajur/2 Arah Tanpa Batas Median);40;Jalan Kota / Kabupaten;Jalan Raya Ds. Kedanyang Kec. Kebomas Kab. Gresik;Kebomas;Kecelakaan Ringan ;17-25;Laki-laki;R2 (Sepeda Motor)
Tabrakan depan - depan;0;1;0;-5,844374186;112,671712;Timur (90°);Terang / Jelas;Cerah;Lokal / Lingkungan;II (Jalan Sedang utk beban s/d 10 ton & 12m  Panjang Ran);Lurus;2/2 TB (2 Lajur/2 Arah Tanpa Batas Median);40;Jalan Kota / Kabupaten;Jalan Raya Desa Sungairujing Kecamatan Sangkapura Kabupaten Gresik;Sangkapura;Kecelakaan Ringan ;46-65;Laki-laki;Pick up
Tabrakan depan - depan;0;2;0;-7,370177735;112,5910128;Barat (270°);Terang / Jelas;Cerah;Kolektor;I (Jalan Besar utk beban 10 ton & max 18 m Panjang Ran);Lurus;2/2 TB (2 Lajur/2 Arah Tanpa Batas Median);40;Jalan Propinsi;Jalan Raya Ds. Krikilan Kec. Driyorejo Kab. Gresik;Driyorejo;Kecelakaan Ringan ;46-65;Laki-laki;R2 (Sepeda Motor)
Tabrakan depan - depan;1;1;0;-7,258942682;112,5107477;Timur (90°);Terang / Jelas;Cerah;Lokal / Lingkungan;II (Jalan Sedang utk beban s/d 10 ton & 12m  Panjang Ran);Lurus;2/2 TB (2 Lajur/2 Arah Tanpa Batas Median);40;Jalan Kota / Kabupaten;Jalan Raya Ds. Dadapkuning Kec. Cerme Kab. Gresik;Cerme;Kecelakaan Ringan;;Perempuan ;R2 (Sepeda Motor)
Tabrakan depan - depan;2;1;0;-7,229391656;112,5002716;Utara (0°);Terang / Jelas;Cerah;Lokal / Lingkungan;II (Jalan Sedang utk beban s/d 10 ton & 12m  Panjang Ran);Lurus;2/2 TB (2 Lajur/2 Arah Tanpa Batas Median);40;Jalan Kota / Kabupaten;Jalan Raya Ds. Medangan Kec. Benjeng Kab. Gresik;Benjeng;Kecelakaan Berat ;;Perempuan ;R2 (Sepeda Motor)
Tabrakan depan - depan;0;1;0;-6,939125467;112,5546853;Utara (0°);Terang / Jelas;Cerah;Lokal / Lingkungan;III (Jalan Kecil utk max beban 8 ton & 9 m Panjang Ran);Lurus;2/2 TB (2 Lajur/2 Arah Tanpa Batas Median);50;Jalan Desa;Jalan Umum Ds. Karangrejo Kec. Ujungpangkah Kab. Gresik;Ujungpangkah;Kecelakaan Ringan ;26-45;Laki-laki;R2 (Sepeda Motor)
Tabrakan depan - depan;0;1;0;-7,257238692;112,5164358;Barat (270°);Terang / Jelas;Cerah;Lokal / Lingkungan;II (Jalan Sedang utk beban s/d 10 ton & 12m  Panjang Ran);Lurus;2/2 TB (2 Lajur/2 Arah Tanpa Batas Median);40;Jalan Kota / Kabupaten;Jalan Raya Ds. Dadapkuning Kec. Cerme Kab. Gresik;Cerme;Kecelakaan Ringan ;26-45;Laki-laki;R2 (Sepeda Motor)
Tabrakan depan - depan;1;0;0;-7,377906714;112,5838759;Barat (270°);Terang / Jelas;Cerah;Kolektor;I (Jalan Besar utk beban 10 ton & max 18 m Panjang Ran);Lurus;2/2 TB (2 Lajur/2 Arah Tanpa Batas Median);50;Jalan Propinsi;Jalan Raya Ds. Krikilan Kec. Driyorejo Kab. Gresik;Driyorejo;Kecelakaan Berat ;26-45;Laki-laki;R2 (Sepeda Motor)
Tabrakan depan - depan;0;1;0;-7,044715559;112,5527481;Barat (270°);Terang / Jelas;Cerah;Lokal / Lingkungan;II (Jalan Sedang utk beban s/d 10 ton & 12m  Panjang Ran);Lurus;2/2 TB (2 Lajur/2 Arah Tanpa Batas Median);50;Jalan Kota / Kabupaten;Jalan Raya Ds. Masangan Kec. Bungah Kab. Gresik;Bungah;Kecelakaan Ringan ;<17;Laki-laki;R3 (Bentor / Bajaj / Bemo)
Tabrakan depan - depan;0;2;0;-7,390641701;112,5559624;Timur (90°);Terang / Jelas;Cerah;Kolektor;I (Jalan Besar utk beban 10 ton & max 18 m Panjang Ran);Lurus;2/2 TB (2 Lajur/2 Arah Tanpa Batas Median);40;Jalan Propinsi;Jalan Raya Ds. Sumengko Kec. Wringinanom Kab. Gresik;Wringinanom;Kecelakaan Ringan;;Laki-laki;R2 (Sepeda Motor)
Tabrakan depan - depan;0;1;0;-6,977968495;112,5273146;Timur (90°);Terang / Jelas;Cerah;Lokal / Lingkungan;II (Jalan Sedang utk beban s/d 10 ton & 12m  Panjang Ran);Lurus;2/2 TB (2 Lajur/2 Arah Tanpa Batas Median);40;Jalan Kota / Kabupaten;Jalan Raya Desa Sambipondok Kecamatan Sidayu Kabupaten Gresik;Sidayu;Kecelakaan Ringan ;<17;Laki-laki;Mini Bus
Tabrakan depan - depan;0;2;0;-6,950263108;112,4966571;Timur (90°);Terang / Jelas;Cerah;Arteri;I (Jalan Besar utk beban 10 ton & max 18 m Panjang Ran);Lurus;2/2 TB (2 Lajur/2 Arah Tanpa Batas Median);50;Jalan Nasional;Jalan Raya Ds. Wotan Kec. Panceng Kab. Gresik;Panceng;Kecelakaan Ringan;;Laki-laki;R2 (Sepeda Motor)
Tabrakan depan - depan;0;1;0;-7,133507707;112,6140518;Barat (270°);Terang / Jelas;Cerah;Lokal / Lingkungan;II (Jalan Sedang utk beban s/d 10 ton & 12m  Panjang Ran);Lurus;2/2 TB (2 Lajur/2 Arah Tanpa Batas Median);50;Jalan Kota / Kabupaten;Jalan Raya Ds. Sukomulyo Kec. Manyar Kab. Gresik;Manyar;Kecelakaan Ringan ;17-25;Laki-laki;R2 (Sepeda Motor)
Tabrakan depan - depan;0;5;0;-7,164858785;112,5483071;Timur (90°);Terang / Jelas;Cerah;Arteri;I (Jalan Besar utk beban 10 ton & max 18 m Panjang Ran);Lurus;4/2 B (4 Lajur/2 Arah dengan Batas Median);40;Jalan Nasional;Jalan Raya Desa Tebaloan Kecamatan Duduksampeyan Kabupaten Gresik;Duduk Sampeyan;Kecelakaan Ringan ;17-25;Laki-laki;Mini Bus
Tabrakan depan - depan;0;3;0;-7,223362601;112,5280669;Timur (90°);Terang / Jelas;Cerah;Lokal / Lingkungan;II (Jalan Sedang utk beban s/d 10 ton & 12m  Panjang Ran);Lurus;2/2 TB (2 Lajur/2 Arah Tanpa Batas Median);40;Jalan Kota / Kabupaten;Jalan Raya Ds. Kandangan Kec. Cerme Kab. Gresik;Cerme;Kecelakaan Ringan;;Laki-laki;R2 (Sepeda Motor)
Tabrakan depan - depan;0;2;0;-7,287871178;112,5855309;Utara (0°);Terang / Jelas;Cerah;Lokal / Lingkungan;II (Jalan Sedang utk beban s/d 10 ton & 12m  Panjang Ran);Lurus;2/2 TB (2 Lajur/2 Arah Tanpa Batas Median);50;Jalan Kota / Kabupaten;Jalan Raya Ds. Hulaan Kec. Menganti Kab. Gresik;Menganti;Kecelakaan Ringan ;26-45;Laki-laki;R2 (Sepeda Motor)
Tabrakan depan - depan;1;0;0;-6,948583237;112,4949671;Barat (270°);Terang / Jelas;Cerah;Arteri;I (Jalan Besar utk beban 10 ton & max 18 m Panjang Ran);Lurus;2/2 TB (2 Lajur/2 Arah Tanpa Batas Median);40;Jalan Nasional;Jalan Raya Dendeals Ds. Wotan kec. Panceng Kab. Gresik;Panceng;Kecelakaan Berat ;<17;Laki-laki;Mini Truk
Tabrakan depan - depan;0;4;0;-7,191809455;112,6452554;Barat (270°);Terang / Jelas;Cerah;Lokal / Lingkungan;II (Jalan Sedang utk beban s/d 10 ton & 12m  Panjang Ran);Lurus;2/2 TB (2 Lajur/2 Arah Tanpa Batas Median);50;Jalan Kota / Kabupaten;Jalan Raya Mayjend Sungkono Kel. Segoro Madu Kec. Kebomas Kab. Gresik;Kebomas;Kecelakaan Ringan ;17-25;Perempuan;R2 (Sepeda Motor)
Tabrakan depan - depan;1;0;0;-7,324358776;112,627038;Selatan (180°);Terang / Jelas;Cerah;Lokal / Lingkungan;II (Jalan Sedang utk beban s/d 10 ton & 12m  Panjang Ran);Lurus;2/2 TB (2 Lajur/2 Arah Tanpa Batas Median);40;Jalan Kota / Kabupaten;Jalan Raya Ds. Randegansari Kec. Driyorejo Kab. Gresik;Driyorejo;Kecelakaan Berat ;26-45;Laki-laki;R2 (Sepeda Motor)
Tabrakan depan - depan;0;3;0;-7,378942888;112,5273455;Utara (0°);Terang / Jelas;Cerah;Lokal / Lingkungan;II (Jalan Sedang utk beban s/d 10 ton & 12m  Panjang Ran);Lurus;2/2 TB (2 Lajur/2 Arah Tanpa Batas Median);50;Jalan Kota / Kabupaten;Jalan Raya Desa Sembung Kecamatan Wringinanom Kabupaten Gresik;Wringinanom;Kecelakaan Ringan;;Laki-laki;R2 (Sepeda Motor)
Tabrakan depan - depan;0;0;1;-7,090590463;112,5700518;Timur (90°);Terang / Jelas;Cerah;Lokal / Lingkungan;II (Jalan Sedang utk beban s/d 10 ton & 12m  Panjang Ran);Lurus;2/2 TB (2 Lajur/2 Arah Tanpa Batas Median);50;Jalan Kota / Kabupaten;Jalan Raya Ds. Betoyoguci Kec. Manyar Kab. Gresik;Manyar;Kecelakaan Fatal ;<17;Laki-laki;Mini Truk
Tabrakan depan - depan;0;1;0;-7,165051207;112,5497231;Timur (90°);Terang / Jelas;Cerah;Arteri;I (Jalan Besar utk beban 10 ton & max 18 m Panjang Ran);Lurus;2/2 TB (2 Lajur/2 Arah Tanpa Batas Median);50;Jalan Nasional;Jalan Raya Ds. Tebaloan Kec. Duduksampeyan Kab. Gresik;Duduk Sampeyan;Kecelakaan Ringan ;26-45;Laki-laki;Mini Bus
Tabrakan depan - depan;0;1;0;-7,073637534;112,5740661;Selatan (180°);Terang / Jelas;Cerah;Arteri;I (Jalan Besar utk beban 10 ton & max 18 m Panjang Ran);Lurus;2/2 TB (2 Lajur/2 Arah Tanpa Batas Median);50;Jalan Nasional;Jalan Raya Ds. Sembayat Kec. Manyar Kab. Gresik;Manyar;Kecelakaan Ringan ;46-65;Laki-laki;R2 (Sepeda Motor)
Tabrakan depan - depan;1;0;0;-6,925944339;112,4664859;Timur (90°);Terang / Jelas;Cerah;Arteri;I (Jalan Besar utk beban 10 ton & max 18 m Panjang Ran);Lurus;2/2 TB (2 Lajur/2 Arah Tanpa Batas Median);40;Jalan Nasional;Jalan Raya Desa Surowiti Kecamatan Panceng Kabupaten Gresik;Panceng;Kecelakaan Berat ;26-45;Laki-laki;R2 (Sepeda Motor)
Tabrakan depan - depan;0;3;0;-7,393752822;112,5416203;Timur (90°);Terang / Jelas;Cerah;Kolektor;I (Jalan Besar utk beban 10 ton & max 18 m Panjang Ran);Lurus;2/2 TB (2 Lajur/2 Arah Tanpa Batas Median);50;Jalan Propinsi;Jalan Raya Ds. Lebaniwaras Kec. Wringinanom Kab. Gresik;Wringinanom;Kecelakaan Ringan ;17-25;Laki-laki;R2 (Sepeda Motor)
Tabrakan depan - depan;0;1;0;-6,89839759;112,4639921;Timur (90°);Terang / Jelas;Cerah;Lokal / Lingkungan;III (Jalan Kecil utk max beban 8 ton & 9 m Panjang Ran);Lurus;2/2 TB (2 Lajur/2 Arah Tanpa Batas Median);50;Jalan Desa;Jalan umum Ds. Dalegan Kec. Panceng Kab. Gresik;Panceng;Kecelakaan Ringan ;17-25;Laki-laki;R3 (Bentor / Bajaj / Bemo)
Tabrakan depan - depan;1;1;0;-7,251239882;112,5646467;Barat (270°);Terang / Jelas;Cerah;Lokal / Lingkungan;II (Jalan Sedang utk beban s/d 10 ton & 12m  Panjang Ran);Lurus;2/2 TB (2 Lajur/2 Arah Tanpa Batas Median);50;Jalan Kota / Kabupaten;Jalan Raya Desa Boboh Kecamatan Menganti Kabupaten Gresik;Menganti;Kecelakaan Berat ;;Laki-laki;Truck
Tabrakan depan - depan;0;5;1;-7,391809062;112,5514892;Timur (90°);Terang / Jelas;Cerah;Lokal / Lingkungan;II (Jalan Sedang utk beban s/d 10 ton & 12m  Panjang Ran);Lurus;2/2 TB (2 Lajur/2 Arah Tanpa Batas Median);50;Jalan Kota / Kabupaten;Jalan Raya Ds. Sumengko Kec. Wringinanom Kab. Gresik;Wringinanom;Kecelakaan Fatal ;26-45;Laki-laki;R2 (Sepeda Motor)
Tabrakan depan - depan;0;1;0;-7,290803815;112,568771;Timur (90°);Terang / Jelas;Cerah;Lokal / Lingkungan;II (Jalan Sedang utk beban s/d 10 ton & 12m  Panjang Ran);Lurus;2/2 TB (2 Lajur/2 Arah Tanpa Batas Median);40;Jalan Desa;Jalan Umum Desa Sidojangkung Kecamatan Menganti Kabupaten Gresik;Menganti;Kecelakaan Ringan ;<17;Laki-laki;R2 (Sepeda Motor)
Tabrakan depan - depan;1;0;0;-7,232469692;112,4538207;Utara (0°);Terang / Jelas;Cerah;Lokal / Lingkungan;II (Jalan Sedang utk beban s/d 10 ton & 12m  Panjang Ran);Lurus;2/2 TB (2 Lajur/2 Arah Tanpa Batas Median);50;Jalan Kota / Kabupaten;Jalan Raya Desa Ngasin Kecamatan Balongpanggang Kabupaten Gresik;Balongpanggang;Kecelakaan Berat ;17-25;Laki-laki;Mobil Tangki
Tabrakan depan - depan;0;4;0;-6,968509716;112,4434477;Barat (270°);Gelap / Sulit Terlihat;Cerah;Lokal / Lingkungan;II (Jalan Sedang utk beban s/d 10 ton & 12m  Panjang Ran);Lurus;2/2 TB (2 Lajur/2 Arah Tanpa Batas Median);40;Jalan Kota / Kabupaten;Jalan Raya Desa Tebuwung Kecamatan Dukun Kabupaten Gresik;Dukun;Kecelakaan Ringan;;Laki-laki;R2 (Sepeda Motor)
Tabrakan depan - depan;0;1;0;-7,089369585;112,5716031;Selatan (180°);Terang / Jelas;Cerah;Lokal / Lingkungan;II (Jalan Sedang utk beban s/d 10 ton & 12m  Panjang Ran);Lurus;2/2 TB (2 Lajur/2 Arah Tanpa Batas Median);40;Jalan Kota / Kabupaten;Jalan Raya Ds. Betoyo Kec. Manyar Kab. Gresik;Manyar;Kecelakaan Ringan ;26-45;Laki-laki;R2 (Sepeda Motor)
Tabrakan depan - depan;0;1;0;-7,203965933;112,5739747;Selatan (180°);Terang / Jelas;Cerah;Kolektor;I (Jalan Besar utk beban 10 ton & max 18 m Panjang Ran);Lurus;2/2 TB (2 Lajur/2 Arah Tanpa Batas Median);50;Jalan Propinsi;Jalan Raya Ds. Tambak beras Kec. Cerme Kab. Gresik;Cerme;Kecelakaan Ringan;;Laki-laki;R2 (Sepeda Motor)
Tabrakan depan - depan;1;2;0;-7,390613772;112,5560824;Barat (270°);Terang / Jelas;Cerah;Kolektor;I (Jalan Besar utk beban 10 ton & max 18 m Panjang Ran);Lurus;2/2 TB (2 Lajur/2 Arah Tanpa Batas Median);50;Jalan Propinsi;Jalan Raya Ds. Sumengko Kec. Wringinanom Kab. Gresik;Wringinanom;Kecelakaan Ringan ;26-45;Laki-laki;R2 (Sepeda Motor)
Tabrakan depan - depan;0;2;0;-7,325970086;112,5670508;Timur (90°);Gelap / Sulit Terlihat;Cerah;Lokal / Lingkungan;II (Jalan Sedang utk beban s/d 10 ton & 12m  Panjang Ran);Lurus;2/2 TB (2 Lajur/2 Arah Tanpa Batas Median);40;Jalan Kota / Kabupaten;Jalan Raya Ds. Kedamean Kec. Kedamean Kab. Gresik;Kedamean;Kecelakaan Ringan ;17-25;Laki-laki;R2 (Sepeda Motor)
Tabrakan depan - depan;0;2;0;-7,199209327;112,5751494;Utara (0°);Gelap / Sulit Terlihat;Cerah;Arteri;I (Jalan Besar utk beban 10 ton & max 18 m Panjang Ran);Lurus;2/2 TB (2 Lajur/2 Arah Tanpa Batas Median);40;Jalan Nasional;Jalan Raya Desa Tambakberas Kecamatan Cerme Kabupaten Gresik;Cerme;Kecelakaan Ringan ;46-65;Laki-laki;R2 (Sepeda Motor)
Tabrakan depan - depan;0;5;0;-6,902394652;112,4851714;Timur (90°);Terang / Jelas;Cerah;Lokal / Lingkungan;II (Jalan Sedang utk beban s/d 10 ton & 12m  Panjang Ran);Lurus;2/2 TB (2 Lajur/2 Arah Tanpa Batas Median);40;Jalan Kota / Kabupaten;Jalan Raya Ds. Campurejo Kec. Panceng Kab. Gresik;Panceng;Kecelakaan Ringan ;26-45;Perempuan;R2 (Sepeda Motor)
Tabrakan depan - depan;0;1;0;-7,3942883;112,5148904;Selatan (180°);Gelap / Sulit Terlihat;Cerah;Lokal / Lingkungan;III (Jalan Kecil utk max beban 8 ton & 9 m Panjang Ran);Lurus;2/2 TB (2 Lajur/2 Arah Tanpa Batas Median);40;Jalan Desa;Jalan Umum Ds. Sumberrame Kec. Wringinanom Kab. Gresik;Wringinanom;Kecelakaan Ringan ;26-45;Laki-laki;R2 (Sepeda Motor)
Tabrakan depan - depan;0;1;0;-7,154886293;112,6499409;Selatan (180°);Terang / Jelas;Cerah;Lokal / Lingkungan;II (Jalan Sedang utk beban s/d 10 ton & 12m  Panjang Ran);Lurus;2/2 TB (2 Lajur/2 Arah Tanpa Batas Median);40;Jalan Kota / Kabupaten;Jalan Raya Usman Sadar Ds. Kemuteran Kec. Gresik;Gresik;Kecelakaan Ringan;;Laki-laki;R2 (Sepeda Motor)
Tabrakan depan - depan;0;1;0;-7,143281247;112,6020985;Utara (0°);Terang / Jelas;Cerah;Lokal / Lingkungan;II (Jalan Sedang utk beban s/d 10 ton & 12m  Panjang Ran);Lurus;2/2 TB (2 Lajur/2 Arah Tanpa Batas Median);40;Jalan Kota / Kabupaten;Jalan Raya Ds. Suci Kec. Manyar Kab. Gresik;Manyar;Kecelakaan Ringan ;<17;Perempuan;R2 (Sepeda Motor)
Tabrakan depan - depan;0;1;0;-7,332691435;112,5921365;Selatan (180°);Terang / Jelas;Cerah;Lokal / Lingkungan;II (Jalan Sedang utk beban s/d 10 ton & 12m  Panjang Ran);Lurus;2/2 TB (2 Lajur/2 Arah Tanpa Batas Median);40;Jalan Kota / Kabupaten;Jalan Raya Ds. Mojosarirejo Kec. Driyorejo Kab. Gresik;Driyorejo;Kecelakaan Ringan;;Laki-laki;R2 (Sepeda Motor)
Tabrakan depan - depan;0;1;0;-7,092164596;112,5863046;Selatan (180°);Terang / Jelas;Cerah;Arteri;I (Jalan Besar utk beban 10 ton & max 18 m Panjang Ran);Lurus;2/2 TB (2 Lajur/2 Arah Tanpa Batas Median);40;Jalan Nasional;Jalan Raya Ds. Manyarejo Kec. Manyar Kab. Gresik;Manyar;Kecelakaan Ringan ;46-65;Laki-laki;R2 (Sepeda Motor)
Tabrakan depan - depan;0;2;0;-7,226600972;112,5614801;Barat (270°);Terang / Jelas;Cerah;Lokal / Lingkungan;II (Jalan Sedang utk beban s/d 10 ton & 12m  Panjang Ran);Lurus;2/2 TB (2 Lajur/2 Arah Tanpa Batas Median);40;Jalan Kota / Kabupaten;Jalan Raya Ds. Cerme Lor Kec. Cerme Kab. Gresik;Cerme;Kecelakaan Ringan ;17-25;Laki-laki;R2 (Sepeda Motor)
Tabrakan depan - depan;0;2;0;-6,900227709;112,4631109;Selatan (180°);Terang / Jelas;Cerah;Lokal / Lingkungan;II (Jalan Sedang utk beban s/d 10 ton & 12m  Panjang Ran);Lurus;2/2 TB (2 Lajur/2 Arah Tanpa Batas Median);40;Jalan Kota / Kabupaten;Jalan Raya Ds. Dalegan Kec. Panceng Kab. Gresik;Panceng;Kecelakaan Ringan ;17-25;Laki-laki;R2 (Sepeda Motor)
Tabrakan depan - depan;1;1;0;-7,038557691;112,5344364;Barat (270°);Terang / Jelas;Cerah;Arteri;I (Jalan Besar utk beban 10 ton & max 18 m Panjang Ran);Lurus;2/2 TB (2 Lajur/2 Arah Tanpa Batas Median);40;Jalan Nasional;Jalan Raya Ds. Melirang Kec. Bungah Kab. Gresik;Bungah;Kecelakaan Berat ;26-45;Laki-laki;Mini Bus
Tabrakan depan - depan;0;2;0;-7,257723435;112,5676641;Selatan (180°);Terang / Jelas;Cerah;Lokal / Lingkungan;II (Jalan Sedang utk beban s/d 10 ton & 12m  Panjang Ran);Lurus;2/2 TB (2 Lajur/2 Arah Tanpa Batas Median);40;Jalan Kota / Kabupaten;Jalan Raya Ds. Putat Lor Kec. Menganti Kab. Gresik;Menganti;Kecelakaan Ringan ;46-65;Laki-laki;R2 (Sepeda Motor)
Tabrakan depan - depan;2;1;0;-7,166899042;112,5636374;Barat (270°);Terang / Jelas;Cerah;Arteri;I (Jalan Besar utk beban 10 ton & max 18 m Panjang Ran);Lurus;4/2 TB (4 Lajur/2 Arah Tanpa Batas Median);50;Jalan Nasional;Jalan Raya Desa Ambeng-ambeng Watangrejo Kecamatan Duduksampeyan Kabupaten Gresik;Duduk Sampeyan;Kecelakaan Berat ;26-45;Laki-laki;Medium Bus
Tabrakan depan - depan;0;1;0;-7,379467668;112,5297142;Timur (90°);Terang / Jelas;Cerah;Lokal / Lingkungan;II (Jalan Sedang utk beban s/d 10 ton & 12m  Panjang Ran);Lurus;2/2 TB (2 Lajur/2 Arah Tanpa Batas Median);50;Jalan Kota / Kabupaten;Jalan Raya Desa Sembung Kecamatan Wringinanom Kabupaten Gresik;Wringinanom;Kecelakaan Ringan ;<17;Laki-laki;R2 (Sepeda Motor)
Tabrakan depan - depan;0;1;0;-7,182712849;112,6205084;Utara (0°);Terang / Jelas;Cerah;Lokal / Lingkungan;II (Jalan Sedang utk beban s/d 10 ton & 12m  Panjang Ran);Lurus;2/2 TB (2 Lajur/2 Arah Tanpa Batas Median);60;Jalan Kota / Kabupaten;Jalan Raya Ds. Sekarkurung kec Kebomas Kab. Gresik;Kebomas;Kecelakaan Ringan ;26-45;Laki-laki;Mini Truk
Tabrakan depan - depan;1;2;0;-7,165032024;112,549486;Timur (90°);Terang / Jelas;Cerah;Arteri;I (Jalan Besar utk beban 10 ton & max 18 m Panjang Ran);Lurus;2/2 TB (2 Lajur/2 Arah Tanpa Batas Median);40;Jalan Nasional;Jalan Raya Ds. Tebaloan Kec. Duduksampeyan Kab. Gresik;Duduk Sampeyan;Kecelakaan Berat ;46-65;Laki-laki;Trailer 20 Feet
Tabrakan depan - depan;0;2;0;-7,254621291;112,5325648;Timur (90°);Terang / Jelas;Cerah;Lokal / Lingkungan;II (Jalan Sedang utk beban s/d 10 ton & 12m  Panjang Ran);Lurus;2/2 TB (2 Lajur/2 Arah Tanpa Batas Median);40;Jalan Kota / Kabupaten;Jalan Raya Ds. Ngembuung Kec. Cerme Kab. Gresik;Cerme;Kecelakaan Ringan ;26-45;Laki-laki;R2 (Sepeda Motor)
Tabrakan depan - depan;0;2;0;-7,289236292;112,5634805;Barat (270°);Terang / Jelas;Cerah;Kolektor;I (Jalan Besar utk beban 10 ton & max 18 m Panjang Ran);Lurus;2/2 TB (2 Lajur/2 Arah Tanpa Batas Median);40;Jalan Propinsi;Jalan Raya Ds. Bringkang Kec. Menganti Kab. Gresik;Menganti;Kecelakaan Ringan;;Laki-laki;R2 (Sepeda Motor)
Tabrakan depan - depan;0;3;0;-7,015169992;112,5676339;Utara (0°);Terang / Jelas;Cerah;Arteri;I (Jalan Besar utk beban 10 ton & max 18 m Panjang Ran);Lurus;2/2 TB (2 Lajur/2 Arah Tanpa Batas Median);40;Jalan Nasional;Jalan Raya Ds. Kemangi Kec. Bungah Kab. Gresik;Bungah;Kecelakaan Ringan ;46-65;Laki-laki;R2 (Sepeda Motor)
Tabrakan depan - depan;0;1;0;-7,089574973;112,5778635;Timur (90°);Terang / Jelas;Cerah;Arteri;I (Jalan Besar utk beban 10 ton & max 18 m Panjang Ran);Lurus;2/2 TB (2 Lajur/2 Arah Tanpa Batas Median);50;Jalan Nasional;Jalan Raya Desa Banyuwangi Kecamatan Manyar Kabupaten Gresik;Manyar;Kecelakaan Ringan ;26-45;Laki-laki;Medium Truk
Tabrakan depan - depan;0;2;0;-6,943990752;112,4884517;Timur (90°);Terang / Jelas;Cerah;Arteri;I (Jalan Besar utk beban 10 ton & max 18 m Panjang Ran);Lurus;2/2 TB (2 Lajur/2 Arah Tanpa Batas Median);50;Jalan Nasional;Jalan Raya Ds. Wotan Kec. Panceng Kab. Gresik;Panceng;Kecelakaan Ringan ;26-45;Laki-laki;R3 (Bentor / Bajaj / Bemo)
Tabrakan saat menyalip;0;1;0;-7,406105419;112,5021616;Barat (270°);Terang / Jelas;Cerah;Kolektor;I (Jalan Besar utk beban 10 ton & max 18 m Panjang Ran);Lurus;2/2 TB (2 Lajur/2 Arah Tanpa Batas Median);50;Jalan Propinsi;Jalan Raya Ds. Kedunganyar Kec. Wringinanom Kab. Gresik;Wringinanom;Kecelakaan Ringan ;26-45;Laki-laki;R2 (Sepeda Motor)
Tabrakan saat menyalip;0;1;0;-7,383256856;112,5775804;Utara (0°);Terang / Jelas;Cerah;Lokal / Lingkungan;II (Jalan Sedang utk beban s/d 10 ton & 12m  Panjang Ran);Lurus;2/2 TB (2 Lajur/2 Arah Tanpa Batas Median);40;Jalan Kota / Kabupaten;Jalan Raya Legundi Ds. Krikilan Kec. Driyorejo Kab. Gresik;Driyorejo;Kecelakaan Ringan ;17-25;Laki-laki;Mini Bus
Tabrakan saat menyalip;0;0;1;-7,184528043;112,5774465;Utara (0°);Terang / Jelas;Cerah;Kolektor;I (Jalan Besar utk beban 10 ton & max 18 m Panjang Ran);Tikungan;2/2 TB (2 Lajur/2 Arah Tanpa Batas Median);50;Jalan Propinsi;Jalan Raya Ds. Padeg Kec. Cerme Kab. Gresik;Cerme;Kecelakaan Fatal ;46-65;Laki-laki;Truk Berat / Tronton
Tabrakan saat menyalip;0;3;0;-7,36418537;112,6340752;Selatan (180°);Terang / Jelas;Cerah;Kolektor;I (Jalan Besar utk beban 10 ton & max 18 m Panjang Ran);Lurus;2/2 TB (2 Lajur/2 Arah Tanpa Batas Median);50;Jalan Propinsi;Jalan Raya Ds. Cangkir Kec. Driyorejo Kab. Gresik;Driyorejo;Kecelakaan Ringan ;26-45;Perempuan;R2 (Sepeda Motor)
Tabrakan saat menyalip;1;0;0;-7,076038818;112,573339;Utara (0°);Terang / Jelas;Cerah;Arteri;I (Jalan Besar utk beban 10 ton & max 18 m Panjang Ran);Lurus;2/2 TB (2 Lajur/2 Arah Tanpa Batas Median);40;Jalan Nasional;Jalan Raya Ds. Gumeno Kec. Manyar Kab. Gresik;Manyar;Kecelakaan Berat ;;Laki-laki;R2 (Sepeda Motor)
Tabrakan saat menyalip;0;4;0;-7,087345571;112,5724424;Barat (270°);Terang / Jelas;Cerah;Arteri;I (Jalan Besar utk beban 10 ton & max 18 m Panjang Ran);Lurus;2/2 TB (2 Lajur/2 Arah Tanpa Batas Median);50;Jalan Nasional;Jalan Raya Ds. Betoyokauman Kec. Manyar Kab. Gresik;Manyar;Kecelakaan Ringan ;17-25;Perempuan;R2 (Sepeda Motor)
Tabrakan saat menyalip;0;2;0;-7,197470632;112,5755867;Selatan (180°);Terang / Jelas;Cerah;Kolektor;I (Jalan Besar utk beban 10 ton & max 18 m Panjang Ran);Lurus;2/2 TB (2 Lajur/2 Arah Tanpa Batas Median);40;Jalan Propinsi;Jalan Raya Ds Tambakberas Kec Cerme Kab. Gresik;Cerme;Kecelakaan Ringan ;26-45;Laki-laki;R2 (Sepeda Motor)
Tabrakan saat menyalip;0;3;0;-7,191159573;112,6421865;Barat (270°);Terang / Jelas;Cerah;Lokal / Lingkungan;II (Jalan Sedang utk beban s/d 10 ton & 12m  Panjang Ran);Lurus;2/2 TB (2 Lajur/2 Arah Tanpa Batas Median);40;Jalan Kota / Kabupaten;Jalan Raya Mayjend Sungkono Kelurahan Segoromadu Kecamatan Kebomas Kabupaten Gresik;Kebomas;Kecelakaan Ringan ;26-45;Laki-laki;R2 (Sepeda Motor)
Tabrakan saat menyalip;0;2;0;-7,327365514;112,6335859;Selatan (180°);Terang / Jelas;Cerah;Lokal / Lingkungan;II (Jalan Sedang utk beban s/d 10 ton & 12m  Panjang Ran);Lurus;2/2 TB (2 Lajur/2 Arah Tanpa Batas Median);50;Jalan Kota / Kabupaten;Jalan raya  Ds. Randegansari Kec. Driyorejo Kab. Gresik;Driyorejo;Kecelakaan Ringan ;46-65;Laki-laki;Mini Bus
Tabrakan saat menyalip;0;2;0;-7,357049045;112,6281466;Selatan (180°);Terang / Jelas;Cerah;Lokal / Lingkungan;II (Jalan Sedang utk beban s/d 10 ton & 12m  Panjang Ran);Lurus;2/2 TB (2 Lajur/2 Arah Tanpa Batas Median);40;Jalan Kota / Kabupaten;Jalan Raya Ds. Tenaru Kec. Driyorejo Kab. Gresik;Driyorejo;Kecelakaan Ringan ;17-25;Laki-laki;R2 (Sepeda Motor)
Tabrakan saat menyalip;1;0;0;-7,269626544;112,4315966;Barat (270°);Gelap / Sulit Terlihat;Cerah;Lokal / Lingkungan;II (Jalan Sedang utk beban s/d 10 ton & 12m  Panjang Ran);Lurus;2/2 TB (2 Lajur/2 Arah Tanpa Batas Median);40;Jalan Kota / Kabupaten;Jalan Raya Ds. Kedungsumber Kec. Balongpanggang Kab. Gresik;Balongpanggang;Kecelakaan Berat ;26-45;Laki-laki;Pick up
Tabrakan saat menyalip;1;0;0;-7,359385266;112,6278775;Utara (0°);Terang / Jelas;Cerah;Lokal / Lingkungan;II (Jalan Sedang utk beban s/d 10 ton & 12m  Panjang Ran);Lurus;2/2 TB (2 Lajur/2 Arah Tanpa Batas Median);50;Jalan Kota / Kabupaten;Jalan Raya Desa Tenaru Kecamatan Driyorejo Kabupaten Gresik;Driyorejo;Kecelakaan Berat ;<17;Laki-laki;R2 (Sepeda Motor)
Tabrakan saat menyalip;0;1;0;-7,003327768;112,5641172;Utara (0°);Terang / Jelas;Cerah;Arteri;I (Jalan Besar utk beban 10 ton & max 18 m Panjang Ran);Lurus;2/2 TB (2 Lajur/2 Arah Tanpa Batas Median);50;Jalan Nasional;Jalan Raya Ds. Ngawen Kec. Sidayu Kab. Gresik;Sidayu;Kecelakaan Ringan;;Laki-laki;R2 (Sepeda Motor)
Tabrakan saat menyalip;0;2;0;-7,370166393;112,5948748;Barat (270°);Terang / Jelas;Cerah;Lokal / Lingkungan;II (Jalan Sedang utk beban s/d 10 ton & 12m  Panjang Ran);Lurus;2/2 TB (2 Lajur/2 Arah Tanpa Batas Median);50;Jalan Kota / Kabupaten;Jalan Raya Ds. Driyorejo Kec. Driyorejo Kab. Gresik;Driyorejo;Kecelakaan Ringan ;17-25;Laki-laki;R2 (Sepeda Motor)
Tabrakan saat menyalip;0;1;0;-6,957677273;112,5065829;Timur (90°);Terang / Jelas;Cerah;Arteri;I (Jalan Besar utk beban 10 ton & max 18 m Panjang Ran);Lurus;2/2 TB (2 Lajur/2 Arah Tanpa Batas Median);40;Jalan Nasional;Jalan Raya Ds. Sekapuk Kec. Ujungpangkah Kab. Gresik;Ujungpangkah;Kecelakaan Ringan ;<17;Laki-laki;R2 (Sepeda Motor)
Tabrakan saat menyalip;0;1;0;-7,15827967;112,6425328;Timur (90°);Terang / Jelas;Cerah;Lokal / Lingkungan;II (Jalan Sedang utk beban s/d 10 ton & 12m  Panjang Ran);Lurus;2/2 TB (2 Lajur/2 Arah Tanpa Batas Median);40;Jalan Kota / Kabupaten;Jalan Raya Jenderal Ahmad Yani Kelurahan Ngipik Kecamatan Gresik;Gresik;Kecelakaan Ringan ;<17;Laki-laki;Pick up
Tabrakan saat menyalip;0;2;0;-6,988709989;112,5588839;Timur (90°);Terang / Jelas;Cerah;Lokal / Lingkungan;II (Jalan Sedang utk beban s/d 10 ton & 12m  Panjang Ran);Lurus;2/2 TB (2 Lajur/2 Arah Tanpa Batas Median);40;Jalan Kota / Kabupaten;Jalan Raya Ds. Bunderan Kec. Sidayu Kab. Gresik;Sidayu;Kecelakaan Ringan ;26-45;Laki-laki;R2 (Sepeda Motor)
Tabrakan saat menyalip;0;2;0;-7,164183989;112,5433533;Timur (90°);Terang / Jelas;Cerah;Arteri;I (Jalan Besar utk beban 10 ton & max 18 m Panjang Ran);Lurus;4/2 B (4 Lajur/2 Arah dengan Batas Median);40;Jalan Nasional;Jalan Raya Ds. Tebaloan Kec. Duduksampeyan Kab. Gresik;Duduk Sampeyan;Kecelakaan Ringan ;26-45;Laki-laki;R2 (Sepeda Motor)
Tabrakan saat menyalip;0;1;0;-7,321356934;112,5659413;Barat (270°);Terang / Jelas;Cerah;Kolektor;I (Jalan Besar utk beban 10 ton & max 18 m Panjang Ran);Lurus;2/2 TB (2 Lajur/2 Arah Tanpa Batas Median);50;Jalan Propinsi;Jalan Raya Ds. Kedamean Kec. Kedamean Kab. Gresik;Kedamean;Kecelakaan Ringan ;26-45;Laki-laki;R2 (Sepeda Motor)
Tabrakan saat menyalip;1;1;0;-7,269709551;112,5666023;Utara (0°);Terang / Jelas;Cerah;Kolektor;I (Jalan Besar utk beban 10 ton & max 18 m Panjang Ran);Lurus;2/2 TB (2 Lajur/2 Arah Tanpa Batas Median);50;Jalan Propinsi;Jalan Raya Ds. Boteng Kec. Menganti Kab. Gresik;Menganti;Kecelakaan Berat ;46-65;Laki-laki;Medium Truk
Tabrakan saat menyalip;0;1;0;-7,263428025;112,5860036;Selatan (180°);Terang / Jelas;Cerah;Lokal / Lingkungan;II (Jalan Sedang utk beban s/d 10 ton & 12m  Panjang Ran);Lurus;2/2 TB (2 Lajur/2 Arah Tanpa Batas Median);50;Jalan Kota / Kabupaten;Jalan Raya Ds Pelem watu Kec Menganti Kab. Gresik;Menganti;Kecelakaan Ringan;;Laki-laki;Truck
Tabrakan saat menyalip;0;2;0;-7,367123915;112,6302686;Selatan (180°);Terang / Jelas;Cerah;Lokal / Lingkungan;II (Jalan Sedang utk beban s/d 10 ton & 12m  Panjang Ran);Lurus;2/2 TB (2 Lajur/2 Arah Tanpa Batas Median);40;Jalan Kota / Kabupaten;Jalan Raya Ds. Cangkir Kec. Driyorejo Kab. Gresik;Driyorejo;Kecelakaan Ringan ;46-65;Laki-laki;R2 (Sepeda Motor)
Tabrakan saat menyalip;0;1;0;-7,325895023;112,5541091;Barat (270°);Terang / Jelas;Cerah;Lokal / Lingkungan;II (Jalan Sedang utk beban s/d 10 ton & 12m  Panjang Ran);Lurus;2/2 TB (2 Lajur/2 Arah Tanpa Batas Median);50;Jalan Kota / Kabupaten;Jalan Raya Ds. Tanjung Kec. Kedamean Kab. Gresik;Kedamean;Kecelakaan Ringan ;26-45;Laki-laki;Mini Bus
Tabrakan saat menyalip;1;1;0;-7,223368895;112,5250146;Barat (270°);Terang / Jelas;Cerah;Lokal / Lingkungan;II (Jalan Sedang utk beban s/d 10 ton & 12m  Panjang Ran);Lurus;2/2 TB (2 Lajur/2 Arah Tanpa Batas Median);40;Jalan Kota / Kabupaten;Jalan Raya Ds. Kandangan Kec. Cerme Kab. Gresik;Cerme;Kecelakaan Berat ;26-45;Laki-laki;R2 (Sepeda Motor)
Tabrakan saat menyalip;1;0;0;-6,978941943;112,5414925;Barat (270°);Terang / Jelas;Cerah;Arteri;I (Jalan Besar utk beban 10 ton & max 18 m Panjang Ran);Lurus;2/2 TB (2 Lajur/2 Arah Tanpa Batas Median);50;Jalan Nasional;Jalan Raya Ds. Golokan Kec. Sidayu Kab. Gresik;Sidayu;Kecelakaan Berat ;26-45;Laki-laki;R2 (Sepeda Motor)
Tabrakan saat menyalip;0;2;0;-7,23978551;112,5576542;Utara (0°);Terang / Jelas;Cerah;Lokal / Lingkungan;II (Jalan Sedang utk beban s/d 10 ton & 12m  Panjang Ran);Lurus;2/2 TB (2 Lajur/2 Arah Tanpa Batas Median);40;Jalan Kota / Kabupaten;Jalan Raya Ds. Iker-iker Kec. Cerme Kab. Gresik;Cerme;Kecelakaan Ringan ;17-25;Laki-laki;R2 (Sepeda Motor)
Tabrakan saat menyalip;1;0;0;-7,343482367;112,6341404;Selatan (180°);Terang / Jelas;Cerah;Lokal / Lingkungan;II (Jalan Sedang utk beban s/d 10 ton & 12m  Panjang Ran);Lurus;2/2 TB (2 Lajur/2 Arah Tanpa Batas Median);50;Jalan Kota / Kabupaten;Jalan Raya Ds Petiken Kec. Driyorejo Kab. Gresik;Driyorejo;Kecelakaan Berat ;26-45;Laki-laki;Mini Bus
Tabrakan saat menyalip;0;2;0;-7,143973575;112,6152362;Timur (90°);Terang / Jelas;Cerah;Lokal / Lingkungan;II (Jalan Sedang utk beban s/d 10 ton & 12m  Panjang Ran);Lurus;2/2 TB (2 Lajur/2 Arah Tanpa Batas Median);50;Jalan Kota / Kabupaten;Jalan Raya GKB Ds. Yosowilangun Kec. Manyar Kab. Gresik;Manyar;Kecelakaan Ringan;;Perempuan;R2 (Sepeda Motor)
Tabrakan saat menyalip;0;1;0;-6,911306493;112,524967;Timur (90°);Terang / Jelas;Cerah;Lokal / Lingkungan;II (Jalan Sedang utk beban s/d 10 ton & 12m  Panjang Ran);Lurus;2/2 TB (2 Lajur/2 Arah Tanpa Batas Median);40;Jalan Kota / Kabupaten;Jalan Raya Ds. Banyuurip Kec. Ujungpangkah Kab. Gresik;Ujungpangkah;Kecelakaan Ringan ;<17;Perempuan;R2 (Sepeda Motor)
Tabrakan saat menyalip;2;0;0;-7,371538681;112,5872654;Timur (90°);Terang / Jelas;Cerah;Lokal / Lingkungan;II (Jalan Sedang utk beban s/d 10 ton & 12m  Panjang Ran);Lurus;2/2 TB (2 Lajur/2 Arah Tanpa Batas Median);40;Jalan Kota / Kabupaten;Jalan Raya Larangan Ds. Krikilan Kec. Driyorejo Kab. Gresik;Driyorejo;Kecelakaan Berat ;17-25;Laki-laki;R2 (Sepeda Motor)
Tabrakan saat menyalip;1;2;0;-7,300421612;112,613297;Timur (90°);Terang / Jelas;Cerah;Lokal / Lingkungan;II (Jalan Sedang utk beban s/d 10 ton & 12m  Panjang Ran);Lurus;2/2 TB (2 Lajur/2 Arah Tanpa Batas Median);50;Jalan Kota / Kabupaten;Jalan Raya Ds. Setro Kec. Menganti Kab. Gresik;Menganti;Kecelakaan Berat ;26-45;Laki-laki;Mini Truk
Tabrakan saat menyalip;1;0;0;-7,369731474;112,5973833;Barat (270°);Terang / Jelas;Cerah;Lokal / Lingkungan;II (Jalan Sedang utk beban s/d 10 ton & 12m  Panjang Ran);Lurus;2/2 TB (2 Lajur/2 Arah Tanpa Batas Median);50;Jalan Kota / Kabupaten;Jalan Raya Ds. Driyorejo Kec. Driyorejo Kab. Gresik;Driyorejo;Kecelakaan Berat ;26-45;Laki-laki;R2 (Sepeda Motor)
Tabrakan saat menyalip;1;1;0;-7,191528137;112,6434056;Barat (270°);Terang / Jelas;Cerah;Lokal / Lingkungan;II (Jalan Sedang utk beban s/d 10 ton & 12m  Panjang Ran);Lurus;2/2 TB (2 Lajur/2 Arah Tanpa Batas Median);50;Jalan Kota / Kabupaten;Jalan Raya Mayjend Sungkono Kel. Segoromadu Kec. Kebomas Kab. Gresik;Kebomas;Kecelakaan Ringan ;26-45;Laki-laki;R2 (Sepeda Motor)
Tabrakan saat menyalip;0;2;0;-7,22140885;112,5695228;Utara (0°);Terang / Jelas;Cerah;Arteri;I (Jalan Besar utk beban 10 ton & max 18 m Panjang Ran);Lurus;2/2 TB (2 Lajur/2 Arah Tanpa Batas Median);40;Jalan Nasional;Jalan Raya Ds. Cerme Lor Kec. Cerme Kab. Gresik;Cerme;Kecelakaan Ringan ;17-25;Laki-laki;Medium Truk
Tabrakan saat menyalip;0;1;0;-7,406635896;112,4975102;Timur (90°);Terang / Jelas;Cerah;Lokal / Lingkungan;II (Jalan Sedang utk beban s/d 10 ton & 12m  Panjang Ran);Lurus;2/2 TB (2 Lajur/2 Arah Tanpa Batas Median);50;Jalan Kota / Kabupaten;Jalan Raya Ds. Kedunganyar Kec. Wringinanom Kab. Gresik;Wringinanom;Kecelakaan Ringan;;Laki-laki;R2 (Sepeda Motor)
Tabrakan saat menyalip;0;2;0;-7,389205568;112,5620801;Timur (90°);Terang / Jelas;Cerah;Kolektor;I (Jalan Besar utk beban 10 ton & max 18 m Panjang Ran);Lurus;2/2 TB (2 Lajur/2 Arah Tanpa Batas Median);50;Jalan Propinsi;Jalan Raya Ds. Pasinan Lemahputih Kec. Wringinanom Kab. Gresik;Wringinanom;Kecelakaan Ringan ;26-45;Laki-laki;R2 (Sepeda Motor)
Tabrakan saat menyalip;0;4;0;-7,324089428;112,5661603;Utara (0°);Terang / Jelas;Cerah;Kolektor;I (Jalan Besar utk beban 10 ton & max 18 m Panjang Ran);Lurus;2/2 TB (2 Lajur/2 Arah Tanpa Batas Median);50;Jalan Propinsi;Jalan Raya Desa Kedamean Kecamatan Kedamean Kabupaten Gresik;Kedamean;Kecelakaan Ringan ;17-25;Laki-laki;R2 (Sepeda Motor)
Tabrakan saat menyalip;0;2;0;-7,260682617;112,5674328;Selatan (180°);Terang / Jelas;Cerah;Lokal / Lingkungan;II (Jalan Sedang utk beban s/d 10 ton & 12m  Panjang Ran);Lurus;2/2 TB (2 Lajur/2 Arah Tanpa Batas Median);40;Jalan Kota / Kabupaten;Jalan Raya Desa Putat Lor Kecamatan Menganti Kabupaten Gresik;Menganti;Kecelakaan Ringan ;46-65;Perempuan;R2 (Sepeda Motor)
Tabrakan saat menyalip;0;3;0;-7,289900394;112,5617204;Timur (90°);Terang / Jelas;Cerah;Lokal / Lingkungan;II (Jalan Sedang utk beban s/d 10 ton & 12m  Panjang Ran);Lurus;2/2 TB (2 Lajur/2 Arah Tanpa Batas Median);40;Jalan Kota / Kabupaten;Jalan Raya Ds. Bringkang Kec. Menganti Kab. Gresik;Menganti;Kecelakaan Ringan ;17-25;Laki-laki;R2 (Sepeda Motor)
Tabrakan saat menyalip;0;0;1;-7,252306406;112,5578771;Timur (90°);Terang / Jelas;Cerah;Lokal / Lingkungan;II (Jalan Sedang utk beban s/d 10 ton & 12m  Panjang Ran);Lurus;2/2 TB (2 Lajur/2 Arah Tanpa Batas Median);40;Jalan Kota / Kabupaten;Jalan Raya Desa Morowudi Kecamatan Cerme Kabupaten Gresik;Cerme;Kecelakaan Fatal ;17-25;Laki-laki;R2 (Sepeda Motor)
Tabrakan saat menyalip;0;1;0;-7,175543583;112,5826328;Selatan (180°);Terang / Jelas;Cerah;Kolektor;I (Jalan Besar utk beban 10 ton & max 18 m Panjang Ran);Lurus;2/2 TB (2 Lajur/2 Arah Tanpa Batas Median);40;Jalan Propinsi;Jalan Raya Desa Banjarsari Kecamatan Cerme Kabupaten Gresik;Cerme;Kecelakaan Ringan ;<17;Laki-laki;Mini Bus
Tabrakan saat menyalip;0;2;0;-7,179130762;112,5807874;Utara (0°);Terang / Jelas;Cerah;Kolektor;I (Jalan Besar utk beban 10 ton & max 18 m Panjang Ran);Lurus;2/2 TB (2 Lajur/2 Arah Tanpa Batas Median);40;Jalan Propinsi;Jalan Raya Ds. Banjarsari Kec. Cerme Kab. Gresik;Cerme;Kecelakaan Ringan;;Laki-laki;R2 (Sepeda Motor)
Tabrakan saat menyalip;0;1;0;-6,979631488;112,5426894;Barat (270°);Terang / Jelas;Cerah;Arteri;I (Jalan Besar utk beban 10 ton & max 18 m Panjang Ran);Lurus;2/2 TB (2 Lajur/2 Arah Tanpa Batas Median);50;Jalan Nasional;Jalan Raya Ds. Golokan Kec. Sidayu Kab. Gresik;Sidayu;Kecelakaan Ringan ;<17;Laki-laki;Mini Truk
Tabrakan saat menyalip;0;1;0;-7,171154297;112,5115771;Utara (0°);Terang / Jelas;Cerah;Lokal / Lingkungan;II (Jalan Sedang utk beban s/d 10 ton & 12m  Panjang Ran);Lurus;2/2 TB (2 Lajur/2 Arah Tanpa Batas Median);50;Jalan Kota / Kabupaten;Jalan Raya Desa Sumengko Kecamatan Duduksampeyan Kabupaten Gresik;Duduk Sampeyan;Kecelakaan Ringan ;<17;Laki-laki;R2 (Sepeda Motor)
Tabrakan saat menyalip;1;1;0;-6,913342434;112,4583437;Barat (270°);Terang / Jelas;Cerah;Arteri;I (Jalan Besar utk beban 10 ton & max 18 m Panjang Ran);Lurus;2/2 TB (2 Lajur/2 Arah Tanpa Batas Median);40;Jalan Nasional;Jalan Raya Desa Prupuh Kecamatan Panceng Kabupaten Gresik;Panceng;Kecelakaan Fatal ;46-65;Laki-laki;R2 (Sepeda Motor)
Tabrakan saat menyalip;0;1;0;-7,235864921;112,564456;Utara (0°);Terang / Jelas;Cerah;Kolektor;I (Jalan Besar utk beban 10 ton & max 18 m Panjang Ran);Lurus;2/2 TB (2 Lajur/2 Arah Tanpa Batas Median);50;Jalan Propinsi;Jalan Raya Ds. Cerme Kidul Kec. Cerme Kab. Gresik;Cerme;Kecelakaan Ringan ;26-45;Laki-laki;R2 (Sepeda Motor)
Tabrakan saat menyalip;1;1;0;-6,936429019;112,478007;Barat (270°);Terang / Jelas;Cerah;Arteri;I (Jalan Besar utk beban 10 ton & max 18 m Panjang Ran);Lurus;2/2 TB (2 Lajur/2 Arah Tanpa Batas Median);40;Jalan Nasional;Jalan Raya Ds. Surowiti Kec. Panceng Kab. Gresik;Panceng;Kecelakaan Ringan ;26-45;Laki-laki;R2 (Sepeda Motor)
Tabrakan saat menyalip;0;2;0;-7,288454951;112,5856574;Selatan (180°);Terang / Jelas;Cerah;Lokal / Lingkungan;II (Jalan Sedang utk beban s/d 10 ton & 12m  Panjang Ran);Lurus;2/2 TB (2 Lajur/2 Arah Tanpa Batas Median);50;Jalan Kota / Kabupaten;Jalan Raya Ds. Sidojangkung Kec. Menganti Kab. Gresik;Menganti;Kecelakaan Ringan ;46-65;Laki-laki;R2 (Sepeda Motor)
Tabrakan saat menyalip;0;1;0;-7,288187117;112,585601;Utara (0°);Terang / Jelas;Cerah;Lokal / Lingkungan;II (Jalan Sedang utk beban s/d 10 ton & 12m  Panjang Ran);Lurus;2/2 TB (2 Lajur/2 Arah Tanpa Batas Median);40;Jalan Kota / Kabupaten;Jalan Raya Desa Hulaan Kecamatan Menganti Kabupaten Gresik;Menganti;Kecelakaan Ringan ;26-45;Laki-laki;R2 (Sepeda Motor)
Tabrakan saat menyalip;0;1;0;-7,218295515;112,5703619;Barat (270°);Terang / Jelas;Cerah;Kolektor;I (Jalan Besar utk beban 10 ton & max 18 m Panjang Ran);Lurus;2/2 TB (2 Lajur/2 Arah Tanpa Batas Median);40;Jalan Propinsi;Jalan Raya Ds. Cerme Lor Kec. Cerme Kab. Gresik;Cerme;Kecelakaan Ringan ;46-65;Laki-laki;R2 (Sepeda Motor)
Tabrakan saat menyalip;0;2;0;-7,142985856;112,6019692;Selatan (180°);Terang / Jelas;Cerah;Lokal / Lingkungan;II (Jalan Sedang utk beban s/d 10 ton & 12m  Panjang Ran);Lurus;2/2 TB (2 Lajur/2 Arah Tanpa Batas Median);50;Jalan Kota / Kabupaten;Jalan Raya Desa Suci Kecamatan Manyar Kabupaten Gresik;Manyar;Kecelakaan Ringan ;26-45;Laki-laki;R2 (Sepeda Motor)
Tabrakan saat menyalip;0;1;0;-7,257321609;112,5677075;Utara (0°);Terang / Jelas;Cerah;Kolektor;I (Jalan Besar utk beban 10 ton & max 18 m Panjang Ran);Lurus;2/2 TB (2 Lajur/2 Arah Tanpa Batas Median);40;Jalan Propinsi;Jalan Raya Ds. Boboh Kec. Menganti Kab. Gresik;Menganti;Kecelakaan Ringan;;Laki-laki;R2 (Sepeda Motor)
Tabrakan saat menyalip;0;2;0;-7,402379816;112,4979424;Barat (270°);Terang / Jelas;Cerah;Lokal / Lingkungan;II (Jalan Sedang utk beban s/d 10 ton & 12m  Panjang Ran);Lurus;2/2 TB (2 Lajur/2 Arah Tanpa Batas Median);40;Jalan Kota / Kabupaten;Jalan Raya Desa Kedunganyar Kecamatan Wringinanom Kabupaten Gresik;Wringinanom;Kecelakaan Ringan ;46-65;Perempuan;R2 (Sepeda Motor)
Tabrakan saat menyalip;0;2;0;-7,190383173;112,6569903;Barat (270°);Terang / Jelas;Cerah;Lokal / Lingkungan;II (Jalan Sedang utk beban s/d 10 ton & 12m  Panjang Ran);Lurus;2/2 TB (2 Lajur/2 Arah Tanpa Batas Median);40;Jalan Kota / Kabupaten;Jalan Raya Kapten Darmo Sugondo Desa Karangkiring Kecamatan Kebomas Kabupaten Gresik;Kebomas;Kecelakaan Ringan ;26-45;Laki-laki;R2 (Sepeda Motor)
Tabrakan saat menyalip;0;1;0;-7,089899453;112,581488;Selatan (180°);Terang / Jelas;Cerah;Arteri;I (Jalan Besar utk beban 10 ton & max 18 m Panjang Ran);Lurus;2/2 TB (2 Lajur/2 Arah Tanpa Batas Median);50;Jalan Nasional;Jalan Raya Ds. Banyuwangi Kec. Manyar Kab. Gresik;Manyar;Kecelakaan Ringan ;46-65;Laki-laki;R2 (Sepeda Motor)
Tabrakan saat menyalip;0;3;0;-7,033211289;112,5699797;Selatan (180°);Terang / Jelas;Cerah;Arteri;I (Jalan Besar utk beban 10 ton & max 18 m Panjang Ran);Lurus;2/2 TB (2 Lajur/2 Arah Tanpa Batas Median);40;Jalan Nasional;Jalan Raya Desa Abar-abir Kecamatan Bungah Kabupaten Gresik;Bungah;Kecelakaan Ringan ;<17;Perempuan;R2 (Sepeda Motor)
Tabrakan saat menyalip;0;1;0;-7,257009338;112,5172846;Barat (270°);Terang / Jelas;Cerah;Lokal / Lingkungan;II (Jalan Sedang utk beban s/d 10 ton & 12m  Panjang Ran);Lurus;2/2 TB (2 Lajur/2 Arah Tanpa Batas Median);40;Jalan Kota / Kabupaten;Jalan Raya Ds. Dadapkuning Kec. Cerme Kab. Gresik;Cerme;Kecelakaan Ringan;;Laki-laki;R2 (Sepeda Motor)
Tabrakan saat menyalip;0;2;0;-7,133220936;112,6138633;Barat (270°);Terang / Jelas;Cerah;Lokal / Lingkungan;II (Jalan Sedang utk beban s/d 10 ton & 12m  Panjang Ran);Lurus;2/2 TB (2 Lajur/2 Arah Tanpa Batas Median);50;Jalan Kota / Kabupaten;Jalan Raya Desa Sukomulyo Kecamatan Manyar Kabupaten Gresik;Manyar;Kecelakaan Ringan ;17-25;Laki-laki;Mini Bus
Tabrakan saat menyalip;0;1;0;-7,226585244;112,5605889;Barat (270°);Terang / Jelas;Cerah;Lokal / Lingkungan;II (Jalan Sedang utk beban s/d 10 ton & 12m  Panjang Ran);Lurus;2/2 TB (2 Lajur/2 Arah Tanpa Batas Median);50;Jalan Kota / Kabupaten;Jalan Raya Ds. Cerme Lor Kec. Cerme Kab. Gresik;Cerme;Kecelakaan Ringan ;;Laki-laki;R2 (Sepeda Motor)
Tabrakan saat menyalip;0;2;0;-7,23773294;112,6022306;Barat (270°);Terang / Jelas;Cerah;Lokal / Lingkungan;II (Jalan Sedang utk beban s/d 10 ton & 12m  Panjang Ran);Lurus;2/2 TB (2 Lajur/2 Arah Tanpa Batas Median);60;Jalan Kota / Kabupaten;Jalan Raya Ds. Kepatihan Kec. Menganti Kab. Gresik;Menganti;Kecelakaan Ringan ;26-45;Laki-laki;R2 (Sepeda Motor)
Tabrakan saat menyalip;0;1;0;-7,161392374;112,649728;Timur (90°);Terang / Jelas;Cerah;Lokal / Lingkungan;II (Jalan Sedang utk beban s/d 10 ton & 12m  Panjang Ran);Lurus;2/2 TB (2 Lajur/2 Arah Tanpa Batas Median);50;Jalan Kota / Kabupaten;Jalan Raya Usman Sadar Kel. Karang Turi Kec. Gresik;Gresik;Kecelakaan Ringan ;<17;Laki-laki;R2 (Sepeda Motor)
Tabrakan saat menyalip;0;1;0;-6,905657636;112,4607895;Barat (270°);Terang / Jelas;Cerah;Lokal / Lingkungan;II (Jalan Sedang utk beban s/d 10 ton & 12m  Panjang Ran);Lurus;2/2 TB (2 Lajur/2 Arah Tanpa Batas Median);50;Jalan Kota / Kabupaten;Jalan Raya Ds. Dalegan Kec. Panceng Kab. Gresik;Panceng;Kecelakaan Ringan ;<17;Laki-laki;R2 (Sepeda Motor)
Tabrakan saat menyalip;0;1;0;-7,369571206;112,5982671;Timur (90°);Terang / Jelas;Cerah;Lokal / Lingkungan;II (Jalan Sedang utk beban s/d 10 ton & 12m  Panjang Ran);Lurus;2/2 TB (2 Lajur/2 Arah Tanpa Batas Median);40;Jalan Kota / Kabupaten;Jalan Raya Desa Driyorejo Kecamatan Driyorejo Kabupaten Gresik;Driyorejo;Kecelakaan Ringan ;<17;Laki-laki;R2 (Sepeda Motor)
Tabrakan saat menyalip;0;3;0;-7,254688726;112,5867338;Selatan (180°);Terang / Jelas;Cerah;Lokal / Lingkungan;II (Jalan Sedang utk beban s/d 10 ton & 12m  Panjang Ran);Lurus;2/2 TB (2 Lajur/2 Arah Tanpa Batas Median);50;Jalan Kota / Kabupaten;Jalan Raya Ds. Gempolkurung Kec. Menganti Kab. Gresik;Menganti;Kecelakaan Ringan;;Laki-laki;Truck
Tabrakan saat menyalip;0;1;0;-7,106920732;112,5916235;Utara (0°);Terang / Jelas;Cerah;Arteri;I (Jalan Besar utk beban 10 ton & max 18 m Panjang Ran);Lurus;2/2 TB (2 Lajur/2 Arah Tanpa Batas Median);40;Jalan Nasional;Jalan Raya Desa Manyar Sidomukti Kecamatan Manyar Kabupaten Gresik;Manyar;Kecelakaan Ringan ;26-45;Laki-laki;Mini Bus
Tabrakan saat menyalip;0;2;0;-7,379218696;112,575126;Utara (0°);Terang / Jelas;Cerah;Kolektor;I (Jalan Besar utk beban 10 ton & max 18 m Panjang Ran);Lurus;2/2 TB (2 Lajur/2 Arah Tanpa Batas Median);40;Jalan Propinsi;Jalan Raya Legundi Ds. Krikilan Kec. Driyorejo Kab. Gresik;Driyorejo;Kecelakaan Ringan ;17-25;Laki-laki;R2 (Sepeda Motor)
Tabrakan saat menyalip;0;1;0;-7,05257149;112,5737398;Utara (0°);Terang / Jelas;Cerah;Kolektor;I (Jalan Besar utk beban 10 ton & max 18 m Panjang Ran);Lurus;2/2 TB (2 Lajur/2 Arah Tanpa Batas Median);50;Jalan Propinsi;Jalan Raya Desa Bungah Kecamatan Bungah Kabupaten Gresik;Bungah;Kecelakaan Ringan ;26-45;Laki-laki;Truk Berat / Tronton
Tabrakan saat menyalip;0;2;0;-7,194799348;112,5091773;Selatan (180°);Terang / Jelas;Cerah;Lokal / Lingkungan;II (Jalan Sedang utk beban s/d 10 ton & 12m  Panjang Ran);Lurus;2/2 TB (2 Lajur/2 Arah Tanpa Batas Median);50;Jalan Kota / Kabupaten;Jalan Raya Ds. Jatirembe Kec. Benjeng Kab. Gresik;Benjeng;Kecelakaan Ringan ;<17;Laki-laki;R2 (Sepeda Motor)
Tabrakan saat menyalip;0;1;0;-7,336003768;112,567128;Selatan (180°);Terang / Jelas;Cerah;Kolektor;I (Jalan Besar utk beban 10 ton & max 18 m Panjang Ran);Lurus;2/2 TB (2 Lajur/2 Arah Tanpa Batas Median);50;Jalan Propinsi;Jalan Raya Ds. Kedamean Kec. Kedamean Kab. Gresik;Kedamean;Kecelakaan Ringan ;46-65;Laki-laki;Truk Berat / Tronton
Tabrakan saat menyalip;0;2;0;-7,10749597;112,5918217;Selatan (180°);Terang / Jelas;Cerah;Arteri;I (Jalan Besar utk beban 10 ton & max 18 m Panjang Ran);Lurus;2/2 TB (2 Lajur/2 Arah Tanpa Batas Median);40;Jalan Nasional;Jalan Raya Ds. Manyar Sidomukti Kec. Manyar Kab. Gresik;Manyar;Kecelakaan Ringan ;17-25;Laki-laki;Pick up
Tabrakan saat menyalip;1;0;0;-6,929889018;112,4701968;Timur (90°);Terang / Jelas;Cerah;Arteri;I (Jalan Besar utk beban 10 ton & max 18 m Panjang Ran);Lurus;2/2 TB (2 Lajur/2 Arah Tanpa Batas Median);40;Jalan Nasional;Jalan Raya Ds. Surowiti Kec. Panceng Kab. Gresik;Panceng;Kecelakaan Fatal ;46-65;Laki-laki;R2 (Sepeda Motor)
Tabrakan saat menyalip;0;1;0;-7,226643295;112,5567538;Timur (90°);Gelap / Sulit Terlihat;Cerah;Lokal / Lingkungan;II (Jalan Sedang utk beban s/d 10 ton & 12m  Panjang Ran);Lurus;2/2 TB (2 Lajur/2 Arah Tanpa Batas Median);40;Jalan Kota / Kabupaten;Jalan Raya Ds. Cerme lor Kec. Cerme Kab. Gresik;Cerme;Kecelakaan Ringan ;17-25;Laki-laki;R2 (Sepeda Motor)
Tabrakan saat menyalip;1;0;0;-7,16851637;112,5664451;Barat (270°);Terang / Jelas;Cerah;Arteri;I (Jalan Besar utk beban 10 ton & max 18 m Panjang Ran);Lurus;2/2 TB (2 Lajur/2 Arah Tanpa Batas Median);40;Jalan Nasional;Jalan Raya Desa Ambeng-ambeng Watangrejo Kecamatan Duduksampeyan Kabupaten Gresik;Duduk Sampeyan;Kecelakaan Berat ;26-45;Laki-laki;Medium Bus
Tabrakan saat menyalip;0;1;0;-7,076967685;112,5730441;Timur (90°);Gelap / Sulit Terlihat;Cerah;Arteri;I (Jalan Besar utk beban 10 ton & max 18 m Panjang Ran);Lurus;2/2 TB (2 Lajur/2 Arah Tanpa Batas Median);50;Jalan Nasional;Jalan Raya Ds. Sembayat Kec. Manyar Kab. Gresik;Manyar;Kecelakaan Ringan ;17-25;Laki-laki;R2 (Sepeda Motor)
Tabrakan saat menyalip;0;1;0;-7,283558191;112,5842854;Timur (90°);Terang / Jelas;Cerah;Lokal / Lingkungan;II (Jalan Sedang utk beban s/d 10 ton & 12m  Panjang Ran);Lurus;2/2 TB (2 Lajur/2 Arah Tanpa Batas Median);40;Jalan Kota / Kabupaten;Jalan Raya Desa Hulaan Kecamatan Menganti Kabupaten Gresik;Menganti;Kecelakaan Ringan ;46-65;Laki-laki;Mini Bus
Tabrakan saat menyalip;1;0;0;-7,242535418;112,5625769;Selatan (180°);Terang / Jelas;Cerah;Kolektor;I (Jalan Besar utk beban 10 ton & max 18 m Panjang Ran);Lurus;2/2 TB (2 Lajur/2 Arah Tanpa Batas Median);50;Jalan Propinsi;Jalan Raya Ds. Iker-Iker Geger Kec. Cerme Kab. Gresik;Cerme;Kecelakaan Berat ;17-25;Laki-laki;R2 (Sepeda Motor)
Tabrakan saat menyalip;0;3;0;-7,250678934;112,5673385;Barat (270°);Terang / Jelas;Cerah;Kolektor;I (Jalan Besar utk beban 10 ton & max 18 m Panjang Ran);Lurus;2/2 TB (2 Lajur/2 Arah Tanpa Batas Median);40;Jalan Propinsi;Jalan Raya Ds. Boboh Kec. Menganti Kab. Gresik;Menganti;Kecelakaan Ringan ;;Laki-laki;R2 (Sepeda Motor)
Tabrakan saat menyalip;0;1;0;-7,186015326;112,6108829;Barat (270°);Terang / Jelas;Cerah;Lokal / Lingkungan;II (Jalan Sedang utk beban s/d 10 ton & 12m  Panjang Ran);Lurus;2/2 TB (2 Lajur/2 Arah Tanpa Batas Median);40;Jalan Kota / Kabupaten;Jalan Raya Desa Kedanyang Kecamatan Kebomas Kabupaten Gresik;Kebomas;Kecelakaan Ringan ;17-25;Laki-laki;R2 (Sepeda Motor)
Tabrakan saat menyalip;0;2;0;-7,184595605;112,6131212;Timur (90°);Terang / Jelas;Cerah;Lokal / Lingkungan;II (Jalan Sedang utk beban s/d 10 ton & 12m  Panjang Ran);Lurus;2/2 TB (2 Lajur/2 Arah Tanpa Batas Median);40;Jalan Kota / Kabupaten;Jalan Raya Ds. Kedanyang Kec. Kebomas Kab. Gresik;Kebomas;Kecelakaan Ringan ;26-45;Laki-laki;R2 (Sepeda Motor)
Tabrakan saat menyalip;0;2;0;-7,238292582;112,6007876;Timur (90°);Terang / Jelas;Cerah;Lokal / Lingkungan;II (Jalan Sedang utk beban s/d 10 ton & 12m  Panjang Ran);Lurus;2/2 TB (2 Lajur/2 Arah Tanpa Batas Median);50;Jalan Kota / Kabupaten;Jalan Raya Ds. Kepatihan Kec. Menganti Kab. Gresik;Menganti;Kecelakaan Ringan;;Laki-laki;R2 (Sepeda Motor)
Tabrakan saat menyalip;0;1;0;-6,967960108;112,5176575;Barat (270°);Terang / Jelas;Cerah;Arteri;I (Jalan Besar utk beban 10 ton & max 18 m Panjang Ran);Lurus;2/2 TB (2 Lajur/2 Arah Tanpa Batas Median);50;Jalan Nasional;Jalan Raya Ds. Wadeng Kec. Sidayu Kab. Gresik;Sidayu;Kecelakaan Ringan ;26-45;Laki-laki;R2 (Sepeda Motor)
Tabrakan saat menyalip;0;1;0;-7,086632896;112,5720726;Utara (0°);Terang / Jelas;Cerah;Arteri;I (Jalan Besar utk beban 10 ton & max 18 m Panjang Ran);Lurus;2/2 TB (2 Lajur/2 Arah Tanpa Batas Median);40;Jalan Nasional;Jalan Raya Ds. Betoyokauman Kec. Manyar Kab. Gresik;Manyar;Kecelakaan Ringan ;26-45;Laki-laki;R2 (Sepeda Motor)
Tabrakan saat menyalip;0;1;0;-6,995485246;112,5104124;Utara (0°);Terang / Jelas;Cerah;Lokal / Lingkungan;II (Jalan Sedang utk beban s/d 10 ton & 12m  Panjang Ran);Lurus;2/2 TB (2 Lajur/2 Arah Tanpa Batas Median);40;Jalan Kota / Kabupaten;Jalan raya Ds Sembungananyar Kec Dukun Kab. Gresik;Dukun;Kecelakaan Ringan ;<17;Laki-laki;R3 (Bentor / Bajaj / Bemo)
Tabrakan saat menyalip;0;1;0;-6,979832242;112,5430512;Barat (270°);Terang / Jelas;Cerah;Arteri;I (Jalan Besar utk beban 10 ton & max 18 m Panjang Ran);Lurus;2/2 TB (2 Lajur/2 Arah Tanpa Batas Median);50;Jalan Nasional;Jalan Raya Ds. Golokan Kec. Sidayu Kab. Gresik;Sidayu;Kecelakaan Ringan ;;Laki-laki;R2 (Sepeda Motor)
Tabrakan saat menyalip;1;1;0;-7,238197058;112,5637789;Utara (0°);Terang / Jelas;Cerah;Kolektor;I (Jalan Besar utk beban 10 ton & max 18 m Panjang Ran);Lurus;2/2 TB (2 Lajur/2 Arah Tanpa Batas Median);40;Jalan Propinsi;Jalan Raya Ds. Cerme Kidul Kec. Cerme Kab. Gresik;Cerme;Kecelakaan Ringan ;17-25;Laki-laki;R2 (Sepeda Motor)
Tabrakan saat menyalip;0;2;0;-7,149808588;112,512049;Barat (270°);Terang / Jelas;Cerah;Arteri;I (Jalan Besar utk beban 10 ton & max 18 m Panjang Ran);Lurus;4/2 B (4 Lajur/2 Arah dengan Batas Median);40;Jalan Nasional;Jalan Raya Ds. Setrohadi Kec. Duduksampeyan Kab. Gresik;Duduk Sampeyan;Kecelakaan Ringan;;Laki-laki;Truck
Tabrakan saat menyalip;0;3;0;-7,356811629;112,6281681;Utara (0°);Terang / Jelas;Cerah;Lokal / Lingkungan;II (Jalan Sedang utk beban s/d 10 ton & 12m  Panjang Ran);Lurus;2/2 TB (2 Lajur/2 Arah Tanpa Batas Median);50;Jalan Kota / Kabupaten;Jalan Raya Ds Tenaru Kec Driyorejo Kab. Gresik;Driyorejo;Kecelakaan Ringan ;17-25;Laki-laki;R2 (Sepeda Motor)
Tabrakan saat menyalip;0;2;0;-7,224965152;112,5479355;Timur (90°);Terang / Jelas;Cerah;Lokal / Lingkungan;II (Jalan Sedang utk beban s/d 10 ton & 12m  Panjang Ran);Lurus;2/2 TB (2 Lajur/2 Arah Tanpa Batas Median);50;Jalan Kota / Kabupaten;Jalan Raya Ds. Ngabetan Kec. Cerme Kab. Gresik;Cerme;Kecelakaan Ringan ;17-25;Perempuan;Mini Bus
Tabrakan kendaraan belok kanan dengan kendaraan yang datang dari arah berlawanan;0;2;0;-7,395173324;112,5336971;Barat (270°);Terang / Jelas;Cerah;Lokal / Lingkungan;II (Jalan Sedang utk beban s/d 10 ton & 12m  Panjang Ran);Lurus;2/2 TB (2 Lajur/2 Arah Tanpa Batas Median);40;Jalan Kota / Kabupaten;Jalan Raya Desa Wringinanom Kecamatan Wringinanom Kabupaten Gresik;Wringinanom;Kecelakaan Ringan ;26-45;Laki-laki;R2 (Sepeda Motor)
Tabrakan kendaraan belok kanan dengan kendaraan yang datang dari arah berlawanan;0;1;0;-7,052579808;112,5738022;Selatan (180°);Terang / Jelas;Cerah;Lokal / Lingkungan;II (Jalan Sedang utk beban s/d 10 ton & 12m  Panjang Ran);Lurus;2/2 TB (2 Lajur/2 Arah Tanpa Batas Median);40;Jalan Kota / Kabupaten;Jalan Raya Ds. Bungah Kec. Bungah Kab. Gresik;Bungah;Kecelakaan Ringan ;26-45;Laki-laki;R2 (Sepeda Motor)
Tabrakan kendaraan belok kanan dengan kendaraan yang datang dari arah berlawanan;0;1;0;-7,363852194;112,6345298;Timur (90°);Terang / Jelas;Cerah;Kolektor;I (Jalan Besar utk beban 10 ton & max 18 m Panjang Ran);Lurus;2/2 TB (2 Lajur/2 Arah Tanpa Batas Median);50;Jalan Propinsi;Jalan raya Ds Cangkir Kec Driyorejo Kab. Gresik;Driyorejo;Kecelakaan Ringan ;<17;Laki-laki;R2 (Sepeda Motor)
Tabrakan kendaraan belok kanan dengan kendaraan yang datang dari arah berlawanan;0;1;0;-7,292020025;112,5732664;Barat (270°);Terang / Jelas;Cerah;Lokal / Lingkungan;II (Jalan Sedang utk beban s/d 10 ton & 12m  Panjang Ran);Lurus;2/2 TB (2 Lajur/2 Arah Tanpa Batas Median);50;Jalan Kota / Kabupaten;Jalan Raya Ds. Sidojangkung Kec. Menganti Kab. Gresik;Menganti;Kecelakaan Ringan;;Laki-laki;R2 (Sepeda Motor)
Tabrakan kendaraan belok kanan dengan kendaraan yang datang dari arah berlawanan;0;1;0;-7,166722161;112,6072244;Timur (90°);Terang / Jelas;Cerah;Lokal / Lingkungan;II (Jalan Sedang utk beban s/d 10 ton & 12m  Panjang Ran);Lurus;2/2 TB (2 Lajur/2 Arah Tanpa Batas Median);40;Jalan Kota / Kabupaten;Jalan Raya Dr. Wahidin Sudirohusodo  Kelurahan Kembangan Kecamatan Kebomas Kabupaten Gresik;Kebomas;Kecelakaan Ringan ;<17;Laki-laki;R2 (Sepeda Motor)
Tabrakan kendaraan belok kanan dengan kendaraan yang datang dari arah berlawanan;0;1;0;-7,070583099;112,5749013;Selatan (180°);Terang / Jelas;Cerah;Arteri;I (Jalan Besar utk beban 10 ton & max 18 m Panjang Ran);Lurus;2/2 TB (2 Lajur/2 Arah Tanpa Batas Median);40;Jalan Nasional;Jalan Raya Desa Sembayat Kecamatan Manyar Kabupaten Gresik;Manyar;Kecelakaan Ringan;;Perempuan;R2 (Sepeda Motor)
Tabrakan kendaraan belok kanan dengan kendaraan yang datang dari arah berlawanan;0;2;0;-7,052467557;112,5728896;Timur (90°);Terang / Jelas;Cerah;Lokal / Lingkungan;II (Jalan Sedang utk beban s/d 10 ton & 12m  Panjang Ran);Lurus;2/2 TB (2 Lajur/2 Arah Tanpa Batas Median);40;Jalan Kota / Kabupaten;Jalan Raya Ds. Bungah Kec. Bungah Kab. Gresik;Bungah;Kecelakaan Ringan ;46-65;Laki-laki;R2 (Sepeda Motor)
Tabrakan kendaraan belok kanan dengan kendaraan yang datang dari arah berlawanan;0;1;0;-7,359480849;112,6522901;Timur (90°);Terang / Jelas;Cerah;Lokal / Lingkungan;II (Jalan Sedang utk beban s/d 10 ton & 12m  Panjang Ran);Lurus;2/2 TB (2 Lajur/2 Arah Tanpa Batas Median);40;Jalan Kota / Kabupaten;Jalan Raya Ds. Bambe Kec. Driyorejo Kab. Gresik;Driyorejo;Kecelakaan Ringan ;26-45;Laki-laki;Mini Truk
Tabrakan kendaraan belok kanan dengan kendaraan yang datang dari arah berlawanan;0;1;0;-7,003469327;112,5807126;Barat (270°);Terang / Jelas;Cerah;Lokal / Lingkungan;II (Jalan Sedang utk beban s/d 10 ton & 12m  Panjang Ran);Lurus;2/2 TB (2 Lajur/2 Arah Tanpa Batas Median);50;Jalan Kota / Kabupaten;Jalan Raya Ds.Ngawen kec Sidayu  Kab. Gresik;Sidayu;Kecelakaan Ringan ;46-65;Laki-laki;Mini Bus
Tabrakan kendaraan belok kanan dengan kendaraan yang datang dari arah berlawanan;0;1;0;-7,359525074;112,6516803;Barat (270°);Terang / Jelas;Cerah;Lokal / Lingkungan;II (Jalan Sedang utk beban s/d 10 ton & 12m  Panjang Ran);Lurus;2/2 TB (2 Lajur/2 Arah Tanpa Batas Median);50;Jalan Kota / Kabupaten;Jalan Raya Ds. Bambe Kec. Driyorejo Kab. Gresik;Driyorejo;Kecelakaan Ringan;;Laki-laki;R2 (Sepeda Motor)
Tabrakan kendaraan belok kanan dengan kendaraan yang datang dari arah berlawanan;0;1;0;-7,355646921;112,549167;Barat (270°);Terang / Jelas;Cerah;Lokal / Lingkungan;II (Jalan Sedang utk beban s/d 10 ton & 12m  Panjang Ran);Lurus;2/2 TB (2 Lajur/2 Arah Tanpa Batas Median);50;Jalan Kota / Kabupaten;Jalan Raya Ds. Banyuurip Kec. Kedamean Kab. Gresik;Kedamean;Kecelakaan Ringan;;Perempuan;R2 (Sepeda Motor)
Tabrakan kendaraan belok kanan dengan kendaraan yang datang dari arah berlawanan;0;1;0;-7,29699913;112,6026435;Barat (270°);Terang / Jelas;Cerah;Lokal / Lingkungan;II (Jalan Sedang utk beban s/d 10 ton & 12m  Panjang Ran);Lurus;2/2 TB (2 Lajur/2 Arah Tanpa Batas Median);40;Jalan Kota / Kabupaten;Jalan Raya Ds. Sidowungu Kec. Menganti Kab. Gresik;Menganti;Kecelakaan Ringan;;Laki-laki;R2 (Sepeda Motor)
Tabrakan kendaraan belok kanan dengan kendaraan yang datang dari arah berlawanan;0;2;0;-7,359930242;112,6466325;Timur (90°);Terang / Jelas;Cerah;Lokal / Lingkungan;II (Jalan Sedang utk beban s/d 10 ton & 12m  Panjang Ran);Lurus;2/2 TB (2 Lajur/2 Arah Tanpa Batas Median);40;Jalan Kota / Kabupaten;Jalan Raya Desa Bambe Kecamatan Driyorejo Kabupaten Gresik;Driyorejo;Kecelakaan Ringan;;Laki-laki;R2 (Sepeda Motor)
Tabrakan kendaraan belok kanan dengan kendaraan yang datang dari arah berlawanan;0;1;0;-7,387649836;112,5688811;Timur (90°);Terang / Jelas;Cerah;Lokal / Lingkungan;II (Jalan Sedang utk beban s/d 10 ton & 12m  Panjang Ran);Lurus;2/2 TB (2 Lajur/2 Arah Tanpa Batas Median);50;Jalan Kota / Kabupaten;Jalan Raya Ds. Pasinan Lemahputih Kec. Wringinanom Kab. Gresik;Wringinanom;Kecelakaan Ringan ;26-45;Laki-laki;R2 (Sepeda Motor)
Tabrakan kendaraan belok kanan dengan kendaraan yang datang dari arah berlawanan;0;2;0;-7,349910179;112,5187973;Timur (90°);Terang / Jelas;Cerah;Kolektor;I (Jalan Besar utk beban 10 ton & max 18 m Panjang Ran);Lurus;2/2 TB (2 Lajur/2 Arah Tanpa Batas Median);50;Jalan Propinsi;Jalan Raya Ds. Sooko Kec. Wringinanom Kab. Gresik;Wringinanom;Kecelakaan Ringan ;26-45;Laki-laki;R2 (Sepeda Motor)
Tabrakan kendaraan belok kanan dengan kendaraan yang datang dari arah berlawanan;0;1;0;-7,215453211;112,5710379;Utara (0°);Terang / Jelas;Cerah;Arteri;I (Jalan Besar utk beban 10 ton & max 18 m Panjang Ran);Lurus;4/2 B (4 Lajur/2 Arah dengan Batas Median);40;Jalan Nasional;Jalan Raya Ds. Cerme Lor Kec. Cerme Kab. Gresik;Cerme;Kecelakaan Ringan;;Perempuan;R2 (Sepeda Motor)
Tabrakan kendaraan belok kanan dengan kendaraan yang datang dari arah berlawanan;0;3;0;-7,38784498;112,5680669;Barat (270°);Terang / Jelas;Cerah;Lokal / Lingkungan;II (Jalan Sedang utk beban s/d 10 ton & 12m  Panjang Ran);Lurus;2/2 TB (2 Lajur/2 Arah Tanpa Batas Median);40;Jalan Kota / Kabupaten;Jalan Raya Ds. Pasinan Lemah Putih Kec. Wringinanom Kab. Gresik;Wringinanom;Kecelakaan Ringan ;46-65;Laki-laki;R2 (Sepeda Motor)
Tabrakan kendaraan belok kanan dengan kendaraan yang datang dari arah berlawanan;0;1;0;-7,135898456;112,487779;Barat (270°);Terang / Jelas;Cerah;Arteri;I (Jalan Besar utk beban 10 ton & max 18 m Panjang Ran);Lurus;4/2 B (4 Lajur/2 Arah dengan Batas Median);50;Jalan Nasional;Jalan Raya Desa Tumapel Kecamatan Duduksampeyan Kabupaten Gresik;Duduk Sampeyan;Kecelakaan Ringan;;Laki-laki;R2 (Sepeda Motor)
Tabrakan kendaraan belok kanan dengan kendaraan yang datang dari arah berlawanan;0;1;0;-7,169010363;112,5672574;Timur (90°);Terang / Jelas;Cerah;Arteri;I (Jalan Besar utk beban 10 ton & max 18 m Panjang Ran);Lurus;4/2 B (4 Lajur/2 Arah dengan Batas Median);40;Jalan Nasional;Jalan Raya Ds. Ambeng ambeng atangrejo Kec. Duduksampeyan Kab. Gresik;Duduk Sampeyan;Kecelakaan Ringan ;26-45;Laki-laki;Mini Bus
Tabrakan kendaraan belok kanan dengan kendaraan yang datang dari arah berlawanan;0;1;0;-7,16673604;112,5629822;Barat (270°);Terang / Jelas;Cerah;Arteri;I (Jalan Besar utk beban 10 ton & max 18 m Panjang Ran);Lurus;4/2 TB (4 Lajur/2 Arah Tanpa Batas Median);50;Jalan Nasional;Jalan Raya Ds. Ambeng-Ambeng Watangrejo Kec. Duduksampeyan Kab. Gresik;Duduk Sampeyan;Kecelakaan Ringan ;17-25;Laki-laki;R2 (Sepeda Motor)
Tabrakan kendaraan belok kanan dengan kendaraan yang datang dari arah berlawanan;0;1;0;-7,291666897;112,5713459;Barat (270°);Terang / Jelas;Cerah;Lokal / Lingkungan;II (Jalan Sedang utk beban s/d 10 ton & 12m  Panjang Ran);Lurus;2/2 TB (2 Lajur/2 Arah Tanpa Batas Median);40;Jalan Kota / Kabupaten;Jalan Raya Ds Sidojangkung Kec Menganti Kab Gresik;Menganti;Kecelakaan Ringan ;;Laki-laki;R2 (Sepeda Motor)
Tabrakan kendaraan belok kanan dengan kendaraan yang datang dari arah berlawanan;0;3;0;-7,226835213;112,562843;Timur (90°);Terang / Jelas;Cerah;Lokal / Lingkungan;II (Jalan Sedang utk beban s/d 10 ton & 12m  Panjang Ran);Lurus;2/2 TB (2 Lajur/2 Arah Tanpa Batas Median);40;Jalan Kota / Kabupaten;Jalan Raya Desa Cerme Lor Kecamatan Cerme Kabupaten Gresik;Cerme;Kecelakaan Ringan ;26-45;Perempuan;R2 (Sepeda Motor)
Tabrakan kendaraan belok kanan dengan kendaraan yang datang dari arah berlawanan;0;1;0;-7,168177131;112,6372955;Selatan (180°);Terang / Jelas;Cerah;Lokal / Lingkungan;II (Jalan Sedang utk beban s/d 10 ton & 12m  Panjang Ran);Lurus;2/2 TB (2 Lajur/2 Arah Tanpa Batas Median);50;Jalan Kota / Kabupaten;Jalan Raya Sunan Giri Ds. Sidomukti Kec. Kebomas Kab. Gresik;Kebomas;Kecelakaan Ringan ;26-45;Laki-laki;R2 (Sepeda Motor)
Tabrakan kendaraan belok kanan dengan kendaraan yang datang dari arah berlawanan;0;1;0;-7,319810608;112,5658257;Selatan (180°);Terang / Jelas;Cerah;Kolektor;I (Jalan Besar utk beban 10 ton & max 18 m Panjang Ran);Lurus;2/2 TB (2 Lajur/2 Arah Tanpa Batas Median);40;Jalan Propinsi;Jalan Raya Ds. kedamean Kec. Kedamean Kab. Gresik;Kedamean;Kecelakaan Ringan ;<17;Laki-laki;R2 (Sepeda Motor)
Tabrakan kendaraan belok kanan dengan kendaraan yang datang dari arah berlawanan;1;0;0;-7,254700781;112,5319643;Timur (90°);Terang / Jelas;Cerah;Lokal / Lingkungan;II (Jalan Sedang utk beban s/d 10 ton & 12m  Panjang Ran);Lurus;2/2 TB (2 Lajur/2 Arah Tanpa Batas Median);40;Jalan Kota / Kabupaten;Jalan Raya Ds. Ngembung Kec. Cerme Kab. Gresik;Cerme;Kecelakaan Berat ;26-45;Laki-laki;Mini Bus
Tabrakan kendaraan belok kanan dengan kendaraan yang datang dari arah berlawanan;0;2;0;-7,265013438;112,5670856;Utara (0°);Terang / Jelas;Cerah;Kolektor;I (Jalan Besar utk beban 10 ton & max 18 m Panjang Ran);Lurus;2/2 TB (2 Lajur/2 Arah Tanpa Batas Median);50;Jalan Propinsi;Jalan Raya Ds. Boteng Kec. Menganti Kab. Gresik;Menganti;Kecelakaan Ringan ;26-45;Laki-laki;R2 (Sepeda Motor)
Tabrakan kendaraan belok kanan dengan kendaraan yang datang dari arah berlawanan;0;2;0;-7,176413839;112,6239276;Selatan (180°);Terang / Jelas;Cerah;Lokal / Lingkungan;II (Jalan Sedang utk beban s/d 10 ton & 12m  Panjang Ran);Lurus;2/2 TB (2 Lajur/2 Arah Tanpa Batas Median);40;Jalan Kota / Kabupaten;Jalan Raya Ds. Sekarkurung Kec. Kebomas Kab. Gresik;Kebomas;Kecelakaan Ringan ;26-45;Laki-laki;R2 (Sepeda Motor)
Tabrakan kendaraan belok kanan dengan kendaraan yang datang dari arah berlawanan;0;2;0;-7,219131398;112,4770737;Timur (90°);Terang / Jelas;Cerah;Lokal / Lingkungan;II (Jalan Sedang utk beban s/d 10 ton & 12m  Panjang Ran);Lurus;2/2 TB (2 Lajur/2 Arah Tanpa Batas Median);50;Jalan Kota / Kabupaten;Jalan Raya Ds. Banter Kec. Benjeng Kab. Gresik;Benjeng;Kecelakaan Ringan ;26-45;Laki-laki;R2 (Sepeda Motor)
Tabrakan kendaraan belok kanan dengan kendaraan yang datang dari arah berlawanan;1;0;0;-7,30556649;112,4297953;Utara (0°);Gelap / Sulit Terlihat;Cerah;Lokal / Lingkungan;II (Jalan Sedang utk beban s/d 10 ton & 12m  Panjang Ran);Lurus;2/2 TB (2 Lajur/2 Arah Tanpa Batas Median);40;Jalan Kota / Kabupaten;Jalan Raya Ds. Dapet Kec. Balongpanggang Kab. Gresik;Balongpanggang;Kecelakaan Berat ;;Perempuan;R2 (Sepeda Motor)
Tabrakan kendaraan belok kanan dengan kendaraan yang datang dari arah berlawanan;0;2;0;-7,369472784;112,5987627;Timur (90°);Terang / Jelas;Cerah;Lokal / Lingkungan;II (Jalan Sedang utk beban s/d 10 ton & 12m  Panjang Ran);Lurus;2/2 TB (2 Lajur/2 Arah Tanpa Batas Median);40;Jalan Kota / Kabupaten;Jalan Raya Ds. Driyorejo Kec. Driyorejo Kab. Gresik;Driyorejo;Kecelakaan Ringan;;Perempuan;R2 (Sepeda Motor)
Tabrakan kendaraan belok kanan dengan kendaraan yang datang dari arah berlawanan;0;2;0;-7,355995247;112,5083844;Timur (90°);Terang / Jelas;Cerah;Lokal / Lingkungan;III (Jalan Kecil utk max beban 8 ton & 9 m Panjang Ran);Lurus;2/2 TB (2 Lajur/2 Arah Tanpa Batas Median);40;Jalan Desa;Jalan Umum Ds. Kesamben Kulon Kec. Wringinanom Kab. Gresik;Wringinanom;Kecelakaan Ringan ;46-65;Perempuan;R2 (Sepeda Motor)
Tabrakan kendaraan belok kanan dengan kendaraan yang datang dari arah berlawanan;0;1;0;-7,167267701;112,6149354;Utara (0°);Terang / Jelas;Cerah;Lokal / Lingkungan;II (Jalan Sedang utk beban s/d 10 ton & 12m  Panjang Ran);Lurus;2/2 TB (2 Lajur/2 Arah Tanpa Batas Median);40;Jalan Kota / Kabupaten;Jalan Raya Ds. Kembangan Kec. Kebomas Kab. Gresik;Kebomas;Kecelakaan Ringan ;26-45;Perempuan;R2 (Sepeda Motor)
Tabrakan kendaraan belok kanan dengan kendaraan yang datang dari arah berlawanan;0;2;0;-7,324339714;112,5154689;Barat (270°);Terang / Jelas;Cerah;Lokal / Lingkungan;II (Jalan Sedang utk beban s/d 10 ton & 12m  Panjang Ran);Lurus;2/2 TB (2 Lajur/2 Arah Tanpa Batas Median);40;Jalan Kota / Kabupaten;Jalan Raya Ds. Slempit Kec. Kedamean Kab. Gresik;Kedamean;Kecelakaan Ringan ;46-65;Laki-laki;R2 (Sepeda Motor)
Tabrakan kendaraan belok kanan dengan kendaraan yang datang dari arah berlawanan;0;3;0;-6,960026074;112,4249337;Timur (90°);Terang / Jelas;Cerah;Lokal / Lingkungan;II (Jalan Sedang utk beban s/d 10 ton & 12m  Panjang Ran);Lurus;2/2 TB (2 Lajur/2 Arah Tanpa Batas Median);40;Jalan Kota / Kabupaten;Jalan Raya Ds. Lowayu Kec. Dukun Kab. Gresik;Dukun;Kecelakaan Ringan ;<17;Laki-laki;R2 (Sepeda Motor)
Tabrakan kendaraan belok kanan dengan kendaraan yang datang dari arah berlawanan;0;2;0;-7,365434833;112,6226903;Timur (90°);Terang / Jelas;Cerah;Lokal / Lingkungan;II (Jalan Sedang utk beban s/d 10 ton & 12m  Panjang Ran);Lurus;2/2 TB (2 Lajur/2 Arah Tanpa Batas Median);40;Jalan Kota / Kabupaten;Jalan Raya Ds. Cangkir Kec. Driyorejo Kab. Gresik;Driyorejo;Kecelakaan Ringan;;Laki-laki;R2 (Sepeda Motor)
Tabrakan kendaraan belok kanan dengan kendaraan yang datang dari arah berlawanan;0;2;0;-6,948625573;112,5070386;Utara (0°);Terang / Jelas;Cerah;Lokal / Lingkungan;II (Jalan Sedang utk beban s/d 10 ton & 12m  Panjang Ran);Lurus;2/2 TB (2 Lajur/2 Arah Tanpa Batas Median);50;Jalan Kota / Kabupaten;Jalan Raya Ds. Sekapuk Kec. Ujungpangkah Kab. Gresik;Ujungpangkah;Kecelakaan Ringan;;Laki-laki;R2 (Sepeda Motor)
Tabrakan kendaraan belok kanan dengan kendaraan yang datang dari arah berlawanan;0;2;1;-7,147378002;112,6144651;Selatan (180°);Terang / Jelas;Cerah;Lokal / Lingkungan;II (Jalan Sedang utk beban s/d 10 ton & 12m  Panjang Ran);Lurus;2/2 TB (2 Lajur/2 Arah Tanpa Batas Median);40;Jalan Kota / Kabupaten;Jalan Raya GKB Ds. Yosowilangun Kec. Manyar Kab. Gresik;Manyar;Kecelakaan Fatal ;46-65;Laki-laki;R2 (Sepeda Motor)
Tabrakan kendaraan belok kanan dengan kendaraan yang datang dari arah berlawanan;0;1;0;-7,29254997;112,5764997;Timur (90°);Terang / Jelas;Cerah;Lokal / Lingkungan;II (Jalan Sedang utk beban s/d 10 ton & 12m  Panjang Ran);Lurus;2/2 TB (2 Lajur/2 Arah Tanpa Batas Median);40;Jalan Kota / Kabupaten;Jalan Raya Ds. Menganti Kec. Menganti Kab. Gresik;Menganti;Kecelakaan Ringan ;26-45;Laki-laki;Mini Bus
Tabrakan kendaraan belok kanan dengan kendaraan yang datang dari arah berlawanan;0;1;0;-6,941296993;112,5097923;Utara (0°);Terang / Jelas;Cerah;Lokal / Lingkungan;II (Jalan Sedang utk beban s/d 10 ton & 12m  Panjang Ran);Lurus;2/2 TB (2 Lajur/2 Arah Tanpa Batas Median);40;Jalan Kota / Kabupaten;Jalan Raya Ds. Gosari Kec. Ujungpangkah Kab. Gresik;Ujungpangkah;Kecelakaan Ringan ;26-45;Laki-laki;R2 (Sepeda Motor)
Tabrakan kendaraan belok kanan dengan kendaraan yang datang dari arah berlawanan;0;1;0;-7,35672627;112,5542803;Timur (90°);Terang / Jelas;Cerah;Lokal / Lingkungan;II (Jalan Sedang utk beban s/d 10 ton & 12m  Panjang Ran);Lurus;2/2 TB (2 Lajur/2 Arah Tanpa Batas Median);50;Jalan Kota / Kabupaten;Jalan Raya Ds. Banyuurip Kec. Kedamean Kab. Gresik;Kedamean;Kecelakaan Ringan ;26-45;Perempuan;R2 (Sepeda Motor)
Tabrakan kendaraan belok kanan dengan kendaraan yang datang dari arah berlawanan;0;1;0;-7,359555665;112,6512937;Timur (90°);Terang / Jelas;Cerah;Kolektor;I (Jalan Besar utk beban 10 ton & max 18 m Panjang Ran);Lurus;2/2 TB (2 Lajur/2 Arah Tanpa Batas Median);40;Jalan Propinsi;Jalan Raya Ds. Bambe Kec. Driyorejo Kab. Gresik;Driyorejo;Kecelakaan Ringan ;17-25;Laki-laki;R2 (Sepeda Motor)
Tabrakan kendaraan belok kanan dengan kendaraan yang datang dari arah berlawanan;0;1;0;-7,267596477;112,4499523;Timur (90°);Terang / Jelas;Cerah;Lokal / Lingkungan;II (Jalan Sedang utk beban s/d 10 ton & 12m  Panjang Ran);Lurus;2/2 TB (2 Lajur/2 Arah Tanpa Batas Median);40;Jalan Kota / Kabupaten;Jalan Raya Ds. Balongpanggang Kec. Balongpanggang Kab. Gresik;Balongpanggang;Kecelakaan Ringan ;26-45;Laki-laki;R2 (Sepeda Motor)
Tabrakan kendaraan belok kanan dengan kendaraan yang datang dari arah berlawanan;0;1;0;-7,292283728;112,5748174;Timur (90°);Terang / Jelas;Cerah;Lokal / Lingkungan;II (Jalan Sedang utk beban s/d 10 ton & 12m  Panjang Ran);Lurus;2/2 TB (2 Lajur/2 Arah Tanpa Batas Median);40;Jalan Kota / Kabupaten;Jalan Raya Ds. Sidojangkung Kec. Menganti Kab. Gresik;Menganti;Kecelakaan Ringan ;17-25;Perempuan;R2 (Sepeda Motor)
Tabrakan kendaraan belok kanan dengan kendaraan yang datang dari arah berlawanan;0;1;0;-7,052481533;112,5729385;Utara (0°);Terang / Jelas;Cerah;Kolektor;I (Jalan Besar utk beban 10 ton & max 18 m Panjang Ran);Lurus;2/2 TB (2 Lajur/2 Arah Tanpa Batas Median);50;Jalan Propinsi;Jalan Raya Ds Bungah Kec Bungah Kab.Gresik;Bungah;Kecelakaan Ringan ;17-25;Laki-laki;R2 (Sepeda Motor)
Tabrakan kendaraan belok kanan dengan kendaraan yang datang dari arah berlawanan;0;2;0;-7,048512067;112,5615765;Barat (270°);Terang / Jelas;Cerah;Lokal / Lingkungan;II (Jalan Sedang utk beban s/d 10 ton & 12m  Panjang Ran);Lurus;2/2 TB (2 Lajur/2 Arah Tanpa Batas Median);40;Jalan Kota / Kabupaten;Jalan Raya Ds. Sukowati Kec. Bungah Kab. Gresik;Bungah;Kecelakaan Ringan ;<17;Laki-laki;R2 (Sepeda Motor)
Tabrakan kendaraan belok kanan dengan kendaraan yang datang dari arah berlawanan;0;1;0;-7,138746174;112,6097253;Selatan (180°);Terang / Jelas;Cerah;Lokal / Lingkungan;II (Jalan Sedang utk beban s/d 10 ton & 12m  Panjang Ran);Lurus;2/2 TB (2 Lajur/2 Arah Tanpa Batas Median);40;Jalan Kota / Kabupaten;Jalan Kyai H. Syafi'i Ds. Pongangan Kec. Manyar  Kab. Gresik;Manyar;Kecelakaan Ringan ;26-45;Laki-laki;Pick up
Tabrakan kendaraan belok kanan dengan kendaraan yang datang dari arah berlawanan;0;1;0;-7,166759153;112,6070204;Barat (270°);Gelap / Sulit Terlihat;Cerah;Lokal / Lingkungan;II (Jalan Sedang utk beban s/d 10 ton & 12m  Panjang Ran);Lurus;4/2 B (4 Lajur/2 Arah dengan Batas Median);40;Jalan Kota / Kabupaten;Jalan Raya Dr. Wahidin Sudirohusodo  Kec. Kebomas Kab. Gresik;Kebomas;Kecelakaan Ringan ;46-65;Laki-laki;Mini Bus
Tabrakan kendaraan belok kanan dengan kendaraan yang datang dari arah berlawanan;0;3;0;-7,324447391;112,6281644;Timur (90°);Terang / Jelas;Cerah;Kolektor;I (Jalan Besar utk beban 10 ton & max 18 m Panjang Ran);Lurus;2/2 TB (2 Lajur/2 Arah Tanpa Batas Median);50;Jalan Propinsi;Jalan Raya Desa Randegansari Kecamatan Driyorejo Kabupaten Gresik;Driyorejo;Kecelakaan Ringan ;17-25;Perempuan;R2 (Sepeda Motor)
Tabrakan kendaraan belok kanan dengan kendaraan yang datang dari arah berlawanan;0;2;0;-6,96275703;112,4107252;Barat (270°);Terang / Jelas;Cerah;Lokal / Lingkungan;II (Jalan Sedang utk beban s/d 10 ton & 12m  Panjang Ran);Lurus;2/2 TB (2 Lajur/2 Arah Tanpa Batas Median);40;Jalan Kota / Kabupaten;Jalan Raya Ds. Wonokerto Kec. Dukun Kab. Gresik;Dukun;Kecelakaan Ringan ;46-65;Laki-laki;R2 (Sepeda Motor)
Tabrakan kendaraan belok kanan dengan kendaraan yang datang dari arah berlawanan;0;2;0;-7,226156823;112,5524507;Timur (90°);Terang / Jelas;Cerah;Lokal / Lingkungan;II (Jalan Sedang utk beban s/d 10 ton & 12m  Panjang Ran);Lurus;2/2 TB (2 Lajur/2 Arah Tanpa Batas Median);40;Jalan Kota / Kabupaten;Jalan Raya Ds. Ngabetan Kec. Cerme Kab. Gresik;Cerme;Kecelakaan Ringan ;<17;Laki-laki;R2 (Sepeda Motor)
Tabrakan kendaraan belok kanan dengan kendaraan yang datang dari arah berlawanan;0;2;0;-6,986851421;112,5169789;Timur (90°);Terang / Jelas;Cerah;Lokal / Lingkungan;II (Jalan Sedang utk beban s/d 10 ton & 12m  Panjang Ran);Lurus;2/2 TB (2 Lajur/2 Arah Tanpa Batas Median);40;Jalan Kota / Kabupaten;Jalan Raya Ds. Lasem Kec. Sidayu Kab. Gresik;Sidayu;Kecelakaan Ringan;;Laki-laki;R2 (Sepeda Motor)
Tabrakan kendaraan belok kanan dengan kendaraan yang datang dari arah berlawanan;0;1;0;-7,179418211;112,6502329;Utara (0°);Terang / Jelas;Cerah;Lokal / Lingkungan;II (Jalan Sedang utk beban s/d 10 ton & 12m  Panjang Ran);Lurus;2/2 TB (2 Lajur/2 Arah Tanpa Batas Median);40;Jalan Kota / Kabupaten;Jalan Raya Veteran Ds. Singosari  Kec. Kebomas Kab. Gresik;Kebomas;Kecelakaan Ringan ;17-25;Laki-laki;R2 (Sepeda Motor)
Tabrakan kendaraan belok kanan dengan kendaraan yang datang dari arah berlawanan;0;1;0;-6,996925631;112,5639875;Utara (0°);Terang / Jelas;Cerah;Arteri;I (Jalan Besar utk beban 10 ton & max 18 m Panjang Ran);Lurus;2/2 TB (2 Lajur/2 Arah Tanpa Batas Median);50;Jalan Nasional;Jalan Raya Ds. Asempapak Kec. Sidayu Kab. Gresik;Sidayu;Kecelakaan Ringan ;17-25;Perempuan;R2 (Sepeda Motor)
Tabrakan kendaraan belok kanan dengan kendaraan yang datang dari arah berlawanan;0;2;0;-7,182639147;112,6060564;Timur (90°);Terang / Jelas;Cerah;Lokal / Lingkungan;II (Jalan Sedang utk beban s/d 10 ton & 12m  Panjang Ran);Lurus;2/2 TB (2 Lajur/2 Arah Tanpa Batas Median);40;Jalan Desa;Jalan Umum Ds. Kedanyang Kec. Kebomas Kab. Gresik;Kebomas;Kecelakaan Ringan ;26-45;Laki-laki;R2 (Sepeda Motor)
Tabrakan kendaraan belok kanan dengan kendaraan yang datang dari arah berlawanan;0;1;0;-7,380461551;112,5753529;Barat (270°);Terang / Jelas;Cerah;Kolektor;I (Jalan Besar utk beban 10 ton & max 18 m Panjang Ran);Lurus;2/2 TB (2 Lajur/2 Arah Tanpa Batas Median);40;Jalan Propinsi;Jalan Raya Legundi Ds. Krikilan Kec. Driyorejo Kab. Gresik;Driyorejo;Kecelakaan Ringan ;46-65;Perempuan;R2 (Sepeda Motor)
Tabrakan kendaraan belok kanan dengan kendaraan yang datang dari arah berlawanan;0;1;0;-7,159862191;112,5304936;Timur (90°);Terang / Jelas;Cerah;Arteri;I (Jalan Besar utk beban 10 ton & max 18 m Panjang Ran);Lurus;4/2 TB (4 Lajur/2 Arah Tanpa Batas Median);50;Jalan Nasional;Jalan Raya Ds. Samirplapan Kec. Duduksampeyan Kab. Gresik;Duduk Sampeyan;Kecelakaan Ringan;;Laki-laki;R2 (Sepeda Motor)
Tabrakan kendaraan belok kanan dengan kendaraan yang datang dari arah berlawanan;0;1;0;-7,132056764;112,5967056;Utara (0°);Terang / Jelas;Cerah;Lokal / Lingkungan;II (Jalan Sedang utk beban s/d 10 ton & 12m  Panjang Ran);Lurus;2/2 TB (2 Lajur/2 Arah Tanpa Batas Median);50;Jalan Kota / Kabupaten;Jalan Raya Ds. Peganden Kec. Manyar Kab. Gresik;Manyar;Kecelakaan Ringan ;46-65;Laki-laki;R2 (Sepeda Motor)
Tabrakan kendaraan belok kanan dengan kendaraan yang datang dari arah berlawanan;0;5;0;-5,849348399;112,6577894;Utara (0°);Gelap / Sulit Terlihat;Cerah;Lokal / Lingkungan;II (Jalan Sedang utk beban s/d 10 ton & 12m  Panjang Ran);Lurus;2/2 TB (2 Lajur/2 Arah Tanpa Batas Median);50;Jalan Kota / Kabupaten;Jalan Raya Desa Kotakusuma Kecamatan Sangkapura Kabupaten Gresik;Sangkapura;Kecelakaan Ringan ;17-25;Laki-laki;R2 (Sepeda Motor)
Tabrakan kendaraan belok kanan dengan kendaraan yang datang dari arah berlawanan;0;1;0;-6,982099948;112,5211849;Selatan (180°);Terang / Jelas;Cerah;Lokal / Lingkungan;II (Jalan Sedang utk beban s/d 10 ton & 12m  Panjang Ran);Lurus;2/2 TB (2 Lajur/2 Arah Tanpa Batas Median);50;Jalan Kota / Kabupaten;Jalan Raya Ds. Kertosono Kec. Sidayu Kab. Gresik;Sidayu;Kecelakaan Ringan ;26-45;Laki-laki;R2 (Sepeda Motor)
Tabrakan kendaraan belok kanan dengan kendaraan yang datang dari arah berlawanan;0;1;0;-7,170299732;112,5692973;Barat (270°);Terang / Jelas;Cerah;Arteri;I (Jalan Besar utk beban 10 ton & max 18 m Panjang Ran);Lurus;4/2 B (4 Lajur/2 Arah dengan Batas Median);40;Jalan Nasional;Jalan Raya Ds. Ambeng-ambeng Kec. Duduksampeyan Kab. Gresik;Duduk Sampeyan;Kecelakaan Ringan ;26-45;Laki-laki;Mini Truk
Tabrakan kendaraan belok kanan dengan kendaraan yang datang dari arah berlawanan;0;2;0;-7,292522034;112,5763157;Barat (270°);Terang / Jelas;Cerah;Lokal / Lingkungan;II (Jalan Sedang utk beban s/d 10 ton & 12m  Panjang Ran);Lurus;2/2 TB (2 Lajur/2 Arah Tanpa Batas Median);40;Jalan Kota / Kabupaten;Jalan Raya Desa Menganti Kecamatan Menganti Kabupaten Gresik;Menganti;Kecelakaan Ringan ;17-25;Laki-laki;R2 (Sepeda Motor)
Tabrakan kendaraan belok kanan dengan kendaraan yang datang dari arah berlawanan;0;1;0;-7,228862346;112,5680931;Selatan (180°);Terang / Jelas;Cerah;Arteri;I (Jalan Besar utk beban 10 ton & max 18 m Panjang Ran);Lurus;2/2 TB (2 Lajur/2 Arah Tanpa Batas Median);50;Jalan Nasional;Jalan Raya Ds.Cerme lor kec Cerme Kab. Gresik;Cerme;Kecelakaan Ringan ;<17;Laki-laki;R2 (Sepeda Motor)
Tabrakan kendaraan belok kanan dengan kendaraan yang datang dari arah berlawanan;0;2;0;-7,259805344;112,5081528;Barat (270°);Terang / Jelas;Cerah;Lokal / Lingkungan;II (Jalan Sedang utk beban s/d 10 ton & 12m  Panjang Ran);Lurus;2/2 TB (2 Lajur/2 Arah Tanpa Batas Median);40;Jalan Kota / Kabupaten;Jalan Raya Desa Dermo Kecamatan Benjeng Kabupaten Gresik;Benjeng;Kecelakaan Ringan ;26-45;Laki-laki;R2 (Sepeda Motor)
Tabrakan kendaraan belok kanan dengan kendaraan yang datang dari arah berlawanan;0;1;0;-7,028846935;112,5174994;Barat (270°);Terang / Jelas;Cerah;Lokal / Lingkungan;II (Jalan Sedang utk beban s/d 10 ton & 12m  Panjang Ran);Lurus;2/2 TB (2 Lajur/2 Arah Tanpa Batas Median);40;Jalan Kota / Kabupaten;Jalan Raya Desa Mojopurogede Kecamatan Bungah Kabupaten Gresik;Bungah;Kecelakaan Ringan ;26-45;Laki-laki;R2 (Sepeda Motor)
Tabrakan kendaraan belok kanan dengan kendaraan yang datang dari arah berlawanan;0;2;0;-7,091881864;112,5841349;Utara (0°);Terang / Jelas;Cerah;Arteri;I (Jalan Besar utk beban 10 ton & max 18 m Panjang Ran);Lurus;2/2 TB (2 Lajur/2 Arah Tanpa Batas Median);50;Jalan Nasional;Jalan Raya Desa Banyuwangi Kecamatan Manyar Kabupaten Gresik;Manyar;Kecelakaan Ringan ;17-25;Perempuan;R2 (Sepeda Motor)
Tabrakan saat menyalip dari kanan;1;0;0;-7,396776784;112,5247165;Timur (90°);Terang / Jelas;Cerah;Lokal / Lingkungan;II (Jalan Sedang utk beban s/d 10 ton & 12m  Panjang Ran);Lurus;2/2 TB (2 Lajur/2 Arah Tanpa Batas Median);50;Jalan Kota / Kabupaten;Jalan Raya Desa Wringinanom Kecamatan Wringinanom Kabupaten Gresik;Wringinanom;Kecelakaan Berat ;<17;Laki-laki;R2 (Sepeda Motor)
Tabrakan saat menyalip dari kanan;0;2;0;-6,967307104;112,4312975;Barat (270°);Terang / Jelas;Cerah;Lokal / Lingkungan;II (Jalan Sedang utk beban s/d 10 ton & 12m  Panjang Ran);Lurus;2/2 TB (2 Lajur/2 Arah Tanpa Batas Median);50;Jalan Kota / Kabupaten;Jalan Raya Ds. Petiyen tunggal  Kec. Dukun Kab. Gresik;Dukun;Kecelakaan Ringan ;17-25;Laki-laki;R2 (Sepeda Motor)
Tabrakan saat menyalip dari kanan;0;1;0;-7,348405305;112,6165184;Utara (0°);Terang / Jelas;Cerah;Lokal / Lingkungan;II (Jalan Sedang utk beban s/d 10 ton & 12m  Panjang Ran);Lurus;2/2 TB (2 Lajur/2 Arah Tanpa Batas Median);40;Jalan Kota / Kabupaten;Jalan Raya Desa Tenaru Kecamatan Driyorejo Kabupaten Gresik;Driyorejo;Kecelakaan Ringan ;<17;Laki-laki;R2 (Sepeda Motor)
Tabrakan saat menyalip dari kanan;0;1;0;-7,290722548;112,566014;Timur (90°);Terang / Jelas;Cerah;Kolektor;I (Jalan Besar utk beban 10 ton & max 18 m Panjang Ran);Lurus;2/2 TB (2 Lajur/2 Arah Tanpa Batas Median);40;Jalan Propinsi;Jalan Raya Ds. Bringkang Kec. Menganti Kab. Gresik;Menganti;Kecelakaan Ringan ;46-65;Laki-laki;R2 (Sepeda Motor)
Tabrakan saat menyalip dari kanan;0;1;0;-7,245980185;112,5827471;Barat (270°);Terang / Jelas;Cerah;Lokal / Lingkungan;II (Jalan Sedang utk beban s/d 10 ton & 12m  Panjang Ran);Lurus;2/2 TB (2 Lajur/2 Arah Tanpa Batas Median);40;Jalan Kota / Kabupaten;Jalan Raya Ds. Hendrosari Kec. Menganti Kab. Gresik;Menganti;Kecelakaan Ringan ;26-45;Perempuan;R2 (Sepeda Motor)
Tabrakan saat menyalip dari kanan;0;1;0;-7,153520494;112,5189206;Barat (270°);Terang / Jelas;Cerah;Arteri;I (Jalan Besar utk beban 10 ton & max 18 m Panjang Ran);Lurus;4/2 B (4 Lajur/2 Arah dengan Batas Median);50;Jalan Nasional;Jalan Raya Ds. Duduksampeyan Kec. Duduksampeyan Kab. Gresik;Duduk Sampeyan;Kecelakaan Ringan ;46-65;Perempuan;Sepeda Listrik
Tabrakan saat menyalip dari kanan;1;0;0;-7,107954242;112,5918894;Barat (270°);Terang / Jelas;Cerah;Arteri;I (Jalan Besar utk beban 10 ton & max 18 m Panjang Ran);Lurus;2/2 TB (2 Lajur/2 Arah Tanpa Batas Median);50;Jalan Nasional;Jalan Raya Ds. Manyarsidomukti Kec. Manyar Kab. Gresik;Manyar;Kecelakaan Berat ;17-25;Laki-laki;R2 (Sepeda Motor)
Tabrakan saat menyalip dari kanan;0;2;0;-7,251240354;112,5684299;Barat (270°);Terang / Jelas;Cerah;Kolektor;I (Jalan Besar utk beban 10 ton & max 18 m Panjang Ran);Lurus;2/2 TB (2 Lajur/2 Arah Tanpa Batas Median);50;Jalan Propinsi;Jalan Raya Ds. Boboh Kec. Menganti Kab. Gresik;Menganti;Kecelakaan Ringan ;<17;Laki-laki;R2 (Sepeda Motor)
Tabrakan saat menyalip dari kanan;0;2;0;-7,335922032;112,6310882;Selatan (180°);Terang / Jelas;Cerah;Lokal / Lingkungan;II (Jalan Sedang utk beban s/d 10 ton & 12m  Panjang Ran);Lurus;2/2 TB (2 Lajur/2 Arah Tanpa Batas Median);50;Jalan Kota / Kabupaten;Jalan Raya Ds Petiken Kec Driyorejo Kab.Gresik;Driyorejo;Kecelakaan Ringan ;46-65;Laki-laki;Mini Bus
Tabrakan saat menyalip dari kanan;0;1;0;-7,301850194;112,5906183;Barat (270°);Terang / Jelas;Cerah;Lokal / Lingkungan;II (Jalan Sedang utk beban s/d 10 ton & 12m  Panjang Ran);Lurus;2/2 TB (2 Lajur/2 Arah Tanpa Batas Median);40;Jalan Kota / Kabupaten;Jalan Raya Desa Hulaan Kecamatan Menganti Kabupaten Gresik;Menganti;Kecelakaan Ringan ;<17;Perempuan;R2 (Sepeda Motor)
Tabrakan saat menyalip dari kanan;0;2;0;-7,160750007;112,622073;Timur (90°);Terang / Jelas;Cerah;Lokal / Lingkungan;II (Jalan Sedang utk beban s/d 10 ton & 12m  Panjang Ran);Lurus;2/2 TB (2 Lajur/2 Arah Tanpa Batas Median);50;Jalan Kota / Kabupaten;Jalan Raya Dr. Wahidin Sudirohusodo  Kel. Randuagung Kec. Kebomas Kab. Gresik;Kebomas;Kecelakaan Ringan ;<17;Perempuan;R3 (Bentor / Bajaj / Bemo)
Tabrakan saat menyalip dari kanan;0;1;0;-7,226084741;112,5520869;Timur (90°);Terang / Jelas;Cerah;Lokal / Lingkungan;II (Jalan Sedang utk beban s/d 10 ton & 12m  Panjang Ran);Lurus;2/2 TB (2 Lajur/2 Arah Tanpa Batas Median);50;Jalan Kota / Kabupaten;Jalan Raya Ds. Ngabetan Kec. Cerme Kab. Gresik;Cerme;Kecelakaan Ringan ;<17;Perempuan;Pick up
Tabrakan saat menyalip dari kanan;0;1;0;-7,277963545;112,5816199;Utara (0°);Terang / Jelas;Cerah;Lokal / Lingkungan;II (Jalan Sedang utk beban s/d 10 ton & 12m  Panjang Ran);Lurus;2/2 TB (2 Lajur/2 Arah Tanpa Batas Median);40;Jalan Kota / Kabupaten;Jalan Raya Ds. Pelemwatu Kec. Menganti Kab. Gresik;Menganti;Kecelakaan Ringan ;46-65;Laki-laki;R2 (Sepeda Motor)
Tabrakan saat menyalip dari kanan;1;2;0;-6,97844847;112,540698;Selatan (180°);Terang / Jelas;Cerah;Arteri;I (Jalan Besar utk beban 10 ton & max 18 m Panjang Ran);Lurus;2/2 TB (2 Lajur/2 Arah Tanpa Batas Median);40;Jalan Nasional;Jalan Raya Ds. Golokan Kec. Sidayu Kab. Gresik;Sidayu;Kecelakaan Ringan ;<17;Laki-laki;R2 (Sepeda Motor)
Tabrakan saat menyalip dari kanan;1;0;0;-7,156851253;112,5248901;Barat (270°);Terang / Jelas;Cerah;Arteri;I (Jalan Besar utk beban 10 ton & max 18 m Panjang Ran);Lurus;2/2 TB (2 Lajur/2 Arah Tanpa Batas Median);40;Jalan Nasional;Jalan Raya Desa Samirplapan Kecamatan Duduksampeyan Kabupaten Gresik;Duduk Sampeyan;Kecelakaan Berat ;<17;Laki-laki;Mini Truk
Tabrakan saat menyalip dari kanan;0;1;0;-7,170797441;112,6326022;Utara (0°);Terang / Jelas;Cerah;Lokal / Lingkungan;II (Jalan Sedang utk beban s/d 10 ton & 12m  Panjang Ran);Lurus;2/2 TB (2 Lajur/2 Arah Tanpa Batas Median);40;Jalan Kota / Kabupaten;Jalan Raya Sunan Giri Kec Kebomas Kab. Gresik;Kebomas;Kecelakaan Ringan ;<17;Laki-laki;R2 (Sepeda Motor)
Tabrakan saat menyalip dari kanan;1;0;0;-7,135157543;112,6159087;Barat (270°);Terang / Jelas;Cerah;Lokal / Lingkungan;II (Jalan Sedang utk beban s/d 10 ton & 12m  Panjang Ran);Lurus;2/2 TB (2 Lajur/2 Arah Tanpa Batas Median);50;Jalan Kota / Kabupaten;Jalan Raya Ds. Sukomulyo Kec. Manyar Kab. Gresik;Manyar;Kecelakaan Fatal ;;Laki-laki;Sepeda Angin
Tabrakan saat menyalip dari kanan;0;1;0;-7,108663262;112,5918796;Selatan (180°);Terang / Jelas;Cerah;Arteri;I (Jalan Besar utk beban 10 ton & max 18 m Panjang Ran);Lurus;2/2 TB (2 Lajur/2 Arah Tanpa Batas Median);40;Jalan Nasional;Jalan Raya Ds. Manyarsidomukti Kec. Manyar Kab. Gresik;Manyar;Kecelakaan Ringan ;26-45;Laki-laki;Mini Truk
Tabrakan saat menyalip dari kanan;0;1;0;-7,29390272;112,5892191;Barat (270°);Terang / Jelas;Cerah;Lokal / Lingkungan;II (Jalan Sedang utk beban s/d 10 ton & 12m  Panjang Ran);Lurus;2/2 TB (2 Lajur/2 Arah Tanpa Batas Median);50;Jalan Kota / Kabupaten;Jalan Raya Ds. Menganti Kec. Menganti Kab. Gresik;Menganti;Kecelakaan Ringan ;26-45;Laki-laki;R2 (Sepeda Motor)
Tabrakan saat menyalip dari kanan;1;0;0;-7,149345524;112,5111805;Timur (90°);Terang / Jelas;Cerah;Arteri;I (Jalan Besar utk beban 10 ton & max 18 m Panjang Ran);Lurus;2/2 TB (2 Lajur/2 Arah Tanpa Batas Median);40;Jalan Nasional;Jalan Raya Ds. Setrohadi Kec. Duduksampeyan Kab. Gresik;Duduk Sampeyan;Kecelakaan Berat ;<17;Laki-laki;Mini Truk
Tabrakan saat menyalip dari kanan;0;1;0;-7,184171716;112,6079945;Barat (270°);Terang / Jelas;Cerah;Lokal / Lingkungan;II (Jalan Sedang utk beban s/d 10 ton & 12m  Panjang Ran);Lurus;2/2 TB (2 Lajur/2 Arah Tanpa Batas Median);40;Jalan Kota / Kabupaten;Jalan Raya Desa Kedanyang Kecamatan Kebomas Kabupaten Gresik;Kebomas;Kecelakaan Ringan ;46-65;Perempuan;R2 (Sepeda Motor)
Tabrakan saat menyalip dari kanan;0;1;0;-7,13554416;112,59519;Barat (270°);Terang / Jelas;Cerah;Lokal / Lingkungan;III (Jalan Kecil utk max beban 8 ton & 9 m Panjang Ran);Lurus;2/2 TB (2 Lajur/2 Arah Tanpa Batas Median);40;Jalan Desa;Jalan Umum Ds. Peganden Kec. Manyar Kab. Gresik;Manyar;Kecelakaan Ringan ;46-65;Laki-laki;Pick up
Tabrakan saat menyalip dari kanan;0;2;0;-7,345898405;112,5682417;Utara (0°);Terang / Jelas;Cerah;Kolektor;I (Jalan Besar utk beban 10 ton & max 18 m Panjang Ran);Lurus;2/2 TB (2 Lajur/2 Arah Tanpa Batas Median);60;Jalan Propinsi;Jalan Raya Desa Karangandong Kecamatan Driyorejo Kabupaten Gresik;Driyorejo;Kecelakaan Ringan ;<17;Perempuan;Mini Bus
Tabrakan saat menyalip dari kanan;0;1;1;-7,347537421;112,6293987;Selatan (180°);Terang / Jelas;Cerah;Lokal / Lingkungan;II (Jalan Sedang utk beban s/d 10 ton & 12m  Panjang Ran);Lurus;2/2 TB (2 Lajur/2 Arah Tanpa Batas Median);40;Jalan Kota / Kabupaten;Jalan Raya Desa Tenaru Kecamatan Driyorejo Kabupaten Gresik;Driyorejo;Kecelakaan Fatal ;26-45;Laki-laki;Trailer 20 Feet
Tabrakan saat menyalip dari kanan;0;1;0;-6,915057814;112,4560335;Barat (270°);Terang / Jelas;Cerah;Lokal / Lingkungan;II (Jalan Sedang utk beban s/d 10 ton & 12m  Panjang Ran);Lurus;2/2 TB (2 Lajur/2 Arah Tanpa Batas Median);50;Jalan Kota / Kabupaten;Jalan Raya Desa Prupuh Kecamatan Panceng Kabupaten Gresik;Panceng;Kecelakaan Ringan;;Laki-laki;R2 (Sepeda Motor)
Tabrakan saat menyalip dari kanan;0;1;0;-7,326041744;112,5765711;Barat (270°);Terang / Jelas;Cerah;Lokal / Lingkungan;II (Jalan Sedang utk beban s/d 10 ton & 12m  Panjang Ran);Lurus;2/2 TB (2 Lajur/2 Arah Tanpa Batas Median);40;Jalan Desa;Jalan Umum Ds. Ngepung Kec. Kedamean Kab. Gresik;Kedamean;Kecelakaan Ringan ;26-45;Laki-laki;R2 (Sepeda Motor)
Tabrakan saat menyalip dari kanan;1;0;0;-7,257989135;112,5676424;Selatan (180°);Terang / Jelas;Cerah;Arteri;I (Jalan Besar utk beban 10 ton & max 18 m Panjang Ran);Lurus;2/2 TB (2 Lajur/2 Arah Tanpa Batas Median);40;Jalan Nasional;Jalan Raya Ds. Putat Lor Kec. Menganti Kab. Gresik;Menganti;Kecelakaan Berat ;46-65;Laki-laki;R2 (Sepeda Motor)
Tabrakan saat menyalip dari kanan;0;1;0;-7,246705915;112,5807039;Timur (90°);Terang / Jelas;Cerah;Lokal / Lingkungan;II (Jalan Sedang utk beban s/d 10 ton & 12m  Panjang Ran);Lurus;2/2 TB (2 Lajur/2 Arah Tanpa Batas Median);50;Jalan Kota / Kabupaten;Jalan Raya Ds. Hendrosari Kec. Menganti Kab. Gresik;Menganti;Kecelakaan Ringan ;46-65;Laki-laki;R2 (Sepeda Motor)
Tabrakan saat menyalip dari kanan;0;1;0;-6,963810419;112,4153261;Timur (90°);Terang / Jelas;Cerah;Lokal / Lingkungan;II (Jalan Sedang utk beban s/d 10 ton & 12m  Panjang Ran);Lurus;2/2 TB (2 Lajur/2 Arah Tanpa Batas Median);40;Jalan Kota / Kabupaten;Jalan Raya Ds. Lowayu Kec Dukun Kab. Gresik;Dukun;Kecelakaan Ringan ;26-45;Perempuan;R2 (Sepeda Motor)
Tabrakan saat menyalip dari kanan;0;1;0;-7,296859187;112,6020706;Timur (90°);Terang / Jelas;Cerah;Lokal / Lingkungan;II (Jalan Sedang utk beban s/d 10 ton & 12m  Panjang Ran);Lurus;2/2 TB (2 Lajur/2 Arah Tanpa Batas Median);50;Jalan Kota / Kabupaten;Jalan Raya Ds. Sidowungu Kec. Menganti Kab. Gresik;Menganti;Kecelakaan Ringan ;46-65;Perempuan;R2 (Sepeda Motor)
Tabrakan saat menyalip dari kanan;0;1;0;-7,072469322;112,5611538;Selatan (180°);Terang / Jelas;Cerah;Lokal / Lingkungan;II (Jalan Sedang utk beban s/d 10 ton & 12m  Panjang Ran);Lurus;2/2 TB (2 Lajur/2 Arah Tanpa Batas Median);50;Jalan Kota / Kabupaten;Jalan Raya Ds. Gumeno Kec. Manyar Kab. Gresik;Manyar;Kecelakaan Ringan ;26-45;Laki-laki;R2 (Sepeda Motor)
Tabrakan saat menyalip dari kanan;0;1;0;-7,33922131;112,6302058;Selatan (180°);Terang / Jelas;Cerah;Lokal / Lingkungan;II (Jalan Sedang utk beban s/d 10 ton & 12m  Panjang Ran);Lurus;2/2 TB (2 Lajur/2 Arah Tanpa Batas Median);40;Jalan Kota / Kabupaten;Jalan Raya Ds. Petiken Kec. Driyorejo Kab. Gresik;Driyorejo;Kecelakaan Ringan ;26-45;Perempuan;Jeep ( SUV )
Tabrakan saat menyalip dari kanan;0;2;0;-7,167048218;112,6424673;Barat (270°);Terang / Jelas;Cerah;Lokal / Lingkungan;II (Jalan Sedang utk beban s/d 10 ton & 12m  Panjang Ran);Lurus;2/2 TB (2 Lajur/2 Arah Tanpa Batas Median);40;Jalan Kota / Kabupaten;Jalan Raya RA Kartini Kel. Sidomoro Kec. Kebomas Kab. Gresik;Kebomas;Kecelakaan Ringan ;<17;Perempuan;R2 (Sepeda Motor)
Tabrakan saat menyalip dari kanan;0;2;0;-7,223254808;112,5264912;Barat (270°);Terang / Jelas;Cerah;Lokal / Lingkungan;II (Jalan Sedang utk beban s/d 10 ton & 12m  Panjang Ran);Lurus;2/2 TB (2 Lajur/2 Arah Tanpa Batas Median);40;Jalan Kota / Kabupaten;Jalan Raya Ds. Kandangan Kec. Cerme Kab. Gresik;Cerme;Kecelakaan Ringan ;26-45;Laki-laki;Mini Bus
Tabrakan saat menyalip dari kanan;0;1;0;-7,269773212;112,4294374;Barat (270°);Terang / Jelas;Cerah;Lokal / Lingkungan;II (Jalan Sedang utk beban s/d 10 ton & 12m  Panjang Ran);Lurus;2/2 TB (2 Lajur/2 Arah Tanpa Batas Median);40;Jalan Kota / Kabupaten;Jalan Raya Ds. Kedungsumber Kec. Balongpanggang Kab. Gresik;Balongpanggang;Kecelakaan Ringan ;26-45;Laki-laki;Pick up
Tabrakan saat menyalip dari kanan;0;1;0;-7,365584792;112,6158573;Barat (270°);Terang / Jelas;Cerah;Lokal / Lingkungan;II (Jalan Sedang utk beban s/d 10 ton & 12m  Panjang Ran);Lurus;2/2 TB (2 Lajur/2 Arah Tanpa Batas Median);40;Jalan Kota / Kabupaten;Jalan Raya Ds. Driyorejo Kec. Driyorejo Kab. Gresik;Driyorejo;Kecelakaan Ringan ;<17;Laki-laki;Mini Truk
Tabrakan saat menyalip dari kanan;0;1;0;-7,29094032;112,567371;Timur (90°);Gelap / Sulit Terlihat;Cerah;Kolektor;I (Jalan Besar utk beban 10 ton & max 18 m Panjang Ran);Lurus;2/2 TB (2 Lajur/2 Arah Tanpa Batas Median);40;Jalan Propinsi;Jalan Raya Desa Bringkang Kecamatan Menganti Kabupaten Gresik;Menganti;Kecelakaan Ringan;;Laki-laki;R2 (Sepeda Motor)
Tabrakan saat menyalip dari kanan;0;1;0;-7,260900655;112,567417;Utara (0°);Terang / Jelas;Cerah;Kolektor;I (Jalan Besar utk beban 10 ton & max 18 m Panjang Ran);Lurus;2/2 TB (2 Lajur/2 Arah Tanpa Batas Median);50;Jalan Propinsi;Jalan Raya Ds. Putat Lor Kec. Menganti Kab. Gresik;Menganti;Kecelakaan Ringan ;17-25;Laki-laki;Trailer 20 Feet
Tabrakan saat menyalip dari kanan;0;2;0;-7,027288176;112,5692279;Selatan (180°);Terang / Jelas;Cerah;Arteri;I (Jalan Besar utk beban 10 ton & max 18 m Panjang Ran);Lurus;2/2 TB (2 Lajur/2 Arah Tanpa Batas Median);60;Jalan Nasional;Jalan Raya Ds. Kemangi Kec. Bungah Kab. Gresik;Bungah;Kecelakaan Ringan ;26-45;Perempuan;R2 (Sepeda Motor)
Tabrakan saat menyalip dari kanan;0;1;0;-7,346326192;112,5683355;Utara (0°);Terang / Jelas;Cerah;Kolektor;I (Jalan Besar utk beban 10 ton & max 18 m Panjang Ran);Lurus;2/2 TB (2 Lajur/2 Arah Tanpa Batas Median);60;Jalan Propinsi;Jalan Raya Ds. Karangandong Kec. Driyorejo Kab. Gresik;Driyorejo;Kecelakaan Ringan ;17-25;Laki-laki;Trailer 20 Feet
Tabrakan saat menyalip dari kanan;0;1;0;-7,359767809;112,6516903;Timur (90°);Terang / Jelas;Cerah;Lokal / Lingkungan;II (Jalan Sedang utk beban s/d 10 ton & 12m  Panjang Ran);Lurus;2/2 TB (2 Lajur/2 Arah Tanpa Batas Median);40;Jalan Desa;Jalan Umum Ds. Bambe Kec. Driyorejo Kab. Gresik;Driyorejo;Kecelakaan Ringan ;26-45;Perempuan;R2 (Sepeda Motor)
Tabrakan saat menyalip dari kanan;0;1;0;-7,167587206;112,652328;Barat (270°);Terang / Jelas;Cerah;Lokal / Lingkungan;II (Jalan Sedang utk beban s/d 10 ton & 12m  Panjang Ran);Lurus;2/2 TB (2 Lajur/2 Arah Tanpa Batas Median);40;Jalan Kota / Kabupaten;Jalan Arif Rahman Hakim Kel. Gapurosukolilo Kec. Gresik;Gresik;Kecelakaan Ringan ;<17;Laki-laki;R2 (Sepeda Motor)
Tabrakan saat menyalip dari kanan;0;2;0;-7,089602844;112,5768168;Barat (270°);Terang / Jelas;Cerah;Arteri;I (Jalan Besar utk beban 10 ton & max 18 m Panjang Ran);Lurus;2/2 TB (2 Lajur/2 Arah Tanpa Batas Median);50;Jalan Nasional;Jalan Raya Desa Banyuwangi Kecamatan Manyar Kabupaten Gresik;Manyar;Kecelakaan Ringan ;17-25;Laki-laki;Trailer 20 Feet
Tabrakan saat menyalip dari kanan;0;1;0;-7,221891231;112,5048908;Utara (0°);Terang / Jelas;Cerah;Lokal / Lingkungan;II (Jalan Sedang utk beban s/d 10 ton & 12m  Panjang Ran);Lurus;2/2 TB (2 Lajur/2 Arah Tanpa Batas Median);50;Jalan Kota / Kabupaten;Jalan Raya Ds Metatu  Kec. Benjeng Kab. Gresik;Benjeng;Kecelakaan Ringan ;26-45;Laki-laki;Mini Truk
Tabrakan saat menyalip dari kanan;0;1;0;-7,300621112;112,6140198;Timur (90°);Terang / Jelas;Cerah;Lokal / Lingkungan;II (Jalan Sedang utk beban s/d 10 ton & 12m  Panjang Ran);Lurus;2/2 TB (2 Lajur/2 Arah Tanpa Batas Median);50;Jalan Kota / Kabupaten;Jalan Raya Ds. Laban  Kec. Menganti Kab. Gresik;Menganti;Kecelakaan Ringan ;<17;Laki-laki;R2 (Sepeda Motor)
Tabrakan saat menyalip dari kanan;0;2;0;-7,326642335;112,5662736;Selatan (180°);Terang / Jelas;Cerah;Lokal / Lingkungan;II (Jalan Sedang utk beban s/d 10 ton & 12m  Panjang Ran);Lurus;2/2 TB (2 Lajur/2 Arah Tanpa Batas Median);40;Jalan Kota / Kabupaten;Jalan Raya Ds. Kedamean Kec. Kedamean Kab. Gresik;Kedamean;Kecelakaan Ringan ;26-45;Laki-laki;Mini Bus
Tabrakan saat menyalip dari kanan;1;0;0;-7,24015675;112,5969252;Barat (270°);Terang / Jelas;Cerah;Lokal / Lingkungan;II (Jalan Sedang utk beban s/d 10 ton & 12m  Panjang Ran);Lurus;2/2 TB (2 Lajur/2 Arah Tanpa Batas Median);40;Jalan Kota / Kabupaten;Jalan Raya Ds. Kepatihan Kec. Menganti Kab. Gresik;Menganti;Kecelakaan Berat ;26-45;Laki-laki;Trailer 20 Feet
Tabrakan saat menyalip dari kanan;1;0;0;-7,323502826;112,5661093;Selatan (180°);Terang / Jelas;Cerah;Kolektor;I (Jalan Besar utk beban 10 ton & max 18 m Panjang Ran);Lurus;2/2 TB (2 Lajur/2 Arah Tanpa Batas Median);40;Jalan Propinsi;Jalan Raya Ds. Kedamean Kec. Kedamean Kab. Gresik;Kedamean;Kecelakaan Berat ;<17;Laki-laki;Medium Truk
Tabrakan saat menyalip dari kanan;0;1;0;-7,223319875;112,5251963;Barat (270°);Gelap / Sulit Terlihat;Cerah;Lokal / Lingkungan;II (Jalan Sedang utk beban s/d 10 ton & 12m  Panjang Ran);Lurus;2/2 TB (2 Lajur/2 Arah Tanpa Batas Median);40;Jalan Kota / Kabupaten;Jalan Raya Ds. Kandangan Kec. Cerme Kab. Gresik;Cerme;Kecelakaan Ringan ;17-25;Perempuan;R2 (Sepeda Motor)
Tabrakan saat menyalip dari kanan;0;1;0;-7,283648165;112,564008;Selatan (180°);Terang / Jelas;Cerah;Kolektor;I (Jalan Besar utk beban 10 ton & max 18 m Panjang Ran);Lurus;2/2 TB (2 Lajur/2 Arah Tanpa Batas Median);40;Jalan Propinsi;Jalan Raya Ds. Domas Kec. Menganti Kab. Gresik;Menganti;Kecelakaan Ringan ;<17;Perempuan;Mini Truk
Tabrakan saat menyalip dari kanan;0;1;0;-7,169432851;112,5833614;Barat (270°);Terang / Jelas;Cerah;Arteri;I (Jalan Besar utk beban 10 ton & max 18 m Panjang Ran);Lurus;4/1 (4 Lajur/1 Arah);50;Jalan Nasional;Jalan Raya Ds. Banjarsari Kec. Cerme Kab. Gresik;Cerme;Kecelakaan Ringan ;46-65;Perempuan;R2 (Sepeda Motor)
Tabrakan saat menyalip dari kanan;0;2;0;-7,362946792;112,6275993;Utara (0°);Terang / Jelas;Cerah;Lokal / Lingkungan;II (Jalan Sedang utk beban s/d 10 ton & 12m  Panjang Ran);Lurus;2/2 TB (2 Lajur/2 Arah Tanpa Batas Median);50;Jalan Kota / Kabupaten;Jalan Raya Desa Cangkir Kecamatan Driyorejo Kabupaten Gresik;Driyorejo;Kecelakaan Ringan ;46-65;Laki-laki;R2 (Sepeda Motor)
Di ruas jalan, pejalan kaki menyeberang dari kiri ke kanan;0;1;0;-7,228687303;112,5002923;Selatan (180°);Terang / Jelas;Cerah;Lokal / Lingkungan;II (Jalan Sedang utk beban s/d 10 ton & 12m  Panjang Ran);Lurus;2/2 TB (2 Lajur/2 Arah Tanpa Batas Median);40;Jalan Kota / Kabupaten;Jalan Raya Desa Metatu Kecamatan Benjeng Kabupaten Gresik;Benjeng;Kecelakaan Ringan;;Laki-laki;R2 (Sepeda Motor)
Di ruas jalan, pejalan kaki menyeberang dari kiri ke kanan;0;1;0;-7,265217644;112,4760751;Timur (90°);Terang / Jelas;Cerah;Lokal / Lingkungan;II (Jalan Sedang utk beban s/d 10 ton & 12m  Panjang Ran);Lurus;2/2 TB (2 Lajur/2 Arah Tanpa Batas Median);40;Jalan Kota / Kabupaten;Jalan Raya Desa Kalipadang Kecamatan Benjeng Kabupaten Gresik;Benjeng;Kecelakaan Ringan ;26-45;Laki-laki;R2 (Sepeda Motor)
Di ruas jalan, pejalan kaki menyeberang dari kiri ke kanan;0;1;0;-7,35369248;112,554633;Timur (90°);Terang / Jelas;Cerah;Lokal / Lingkungan;III (Jalan Kecil utk max beban 8 ton & 9 m Panjang Ran);Lurus;2/2 TB (2 Lajur/2 Arah Tanpa Batas Median);40;Jalan Desa;Jalan Umum Ds. Banyuurip Kec. Kedamean Kab. Gresik;Kedamean;Kecelakaan Ringan ;<17;Perempuan;R2 (Sepeda Motor)
Di ruas jalan, pejalan kaki menyeberang dari kiri ke kanan;0;3;0;-5,824265629;112,6343596;Timur (90°);Terang / Jelas;Cerah;Lokal / Lingkungan;III (Jalan Kecil utk max beban 8 ton & 9 m Panjang Ran);Lurus;2/2 TB (2 Lajur/2 Arah Tanpa Batas Median);40;Jalan Kota / Kabupaten;Jalan Raya Desa Bululanjang Kecamatan Sangkapura Kabupaten Gresik;Sangkapura;Kecelakaan Ringan ;17-25;Laki-laki;R2 (Sepeda Motor)
Di ruas jalan, pejalan kaki menyeberang dari kiri ke kanan;0;1;0;-7,393194425;112,5444633;Timur (90°);Terang / Jelas;Cerah;Lokal / Lingkungan;II (Jalan Sedang utk beban s/d 10 ton & 12m  Panjang Ran);Lurus;2/2 TB (2 Lajur/2 Arah Tanpa Batas Median);40;Jalan Kota / Kabupaten;Jalan Raya Ds. Labaniwaras Kec. Wringinanom Kab. Gresik;Wringinanom;Kecelakaan Ringan ;26-45;Laki-laki;R2 (Sepeda Motor)
Di ruas jalan, pejalan kaki menyeberang dari kiri ke kanan;0;1;0;-7,181080036;112,6494967;Selatan (180°);Terang / Jelas;Cerah;Lokal / Lingkungan;II (Jalan Sedang utk beban s/d 10 ton & 12m  Panjang Ran);Lurus;4/2 B (4 Lajur/2 Arah dengan Batas Median);50;Jalan Kota / Kabupaten;Jalan Raya Veteran Kel. Sidomoro Kec. Kebomas Kab. Gresik;Kebomas;Kecelakaan Ringan ;26-45;Laki-laki;R2 (Sepeda Motor)
Di ruas jalan, pejalan kaki menyeberang dari kiri ke kanan;0;2;0;-7,070233071;112,574974;Utara (0°);Terang / Jelas;Cerah;Arteri;I (Jalan Besar utk beban 10 ton & max 18 m Panjang Ran);Lurus;2/2 TB (2 Lajur/2 Arah Tanpa Batas Median);40;Jalan Nasional;Jalan Raya Desa Sembayat Kecamatan Manyar Kabupaten Gresik;Manyar;Kecelakaan Ringan ;26-45;Laki-laki;R2 (Sepeda Motor)
Di ruas jalan, pejalan kaki menyeberang dari kiri ke kanan;0;1;0;-7,095924546;112,5900778;Timur (90°);Terang / Jelas;Cerah;Arteri;I (Jalan Besar utk beban 10 ton & max 18 m Panjang Ran);Lurus;2/2 TB (2 Lajur/2 Arah Tanpa Batas Median);40;Jalan Nasional;Jalan Raya Ds Manyarejo Kec Manyar  Kab. Gresik;Manyar;Kecelakaan Ringan ;46-65;Laki-laki;Medium Truk
Di ruas jalan, pejalan kaki menyeberang dari kiri ke kanan;0;1;0;-7,221075012;112,4994351;Barat (270°);Terang / Jelas;Cerah;Lokal / Lingkungan;II (Jalan Sedang utk beban s/d 10 ton & 12m  Panjang Ran);Lurus;2/2 TB (2 Lajur/2 Arah Tanpa Batas Median);40;Jalan Kota / Kabupaten;Jalan Raya Ds. Metatu Kec. Benjeng Kab. Gresik;Benjeng;Kecelakaan Ringan ;<17;Laki-laki;R2 (Sepeda Motor)
Di ruas jalan, pejalan kaki menyeberang dari kiri ke kanan;0;1;0;-7,181040032;112,6571119;Utara (0°);Terang / Jelas;Cerah;Lokal / Lingkungan;II (Jalan Sedang utk beban s/d 10 ton & 12m  Panjang Ran);Lurus;2/2 TB (2 Lajur/2 Arah Tanpa Batas Median);40;Jalan Kota / Kabupaten;Jalan Raya Ds. Kramat Inggil Kec. Gresik;Gresik;Kecelakaan Ringan ;26-45;Perempuan;R2 (Sepeda Motor)
Di ruas jalan, pejalan kaki menyeberang dari kiri ke kanan;0;1;0;-7,223444687;112,5245779;Timur (90°);Gelap / Sulit Terlihat;Cerah;Lokal / Lingkungan;II (Jalan Sedang utk beban s/d 10 ton & 12m  Panjang Ran);Lurus;2/2 TB (2 Lajur/2 Arah Tanpa Batas Median);40;Jalan Kota / Kabupaten;Jalan Raya Ds. Kandangan Kec. Cerme Kab. Gresik;Cerme;Kecelakaan Ringan;;Laki-laki;R2 (Sepeda Motor)
Di ruas jalan, pejalan kaki menyeberang dari kiri ke kanan;0;1;0;-7,323405329;112,6337476;Utara (0°);Gelap / Sulit Terlihat;Cerah;Lokal / Lingkungan;II (Jalan Sedang utk beban s/d 10 ton & 12m  Panjang Ran);Lurus;2/2 TB (2 Lajur/2 Arah Tanpa Batas Median);40;Jalan Kota / Kabupaten;Jalan Raya Ds. Randegansari Kec. Driyorejo Kab. Gresik;Driyorejo;Kecelakaan Ringan ;<17;Laki-laki;R2 (Sepeda Motor)
Di ruas jalan, pejalan kaki menyeberang dari kiri ke kanan;0;2;0;-7,156486439;112,5242517;Timur (90°);Terang / Jelas;Cerah;Arteri;I (Jalan Besar utk beban 10 ton & max 18 m Panjang Ran);Lurus;2/2 TB (2 Lajur/2 Arah Tanpa Batas Median);40;Jalan Nasional;Jalan Raya Desa Duduksampeyan Kecamatan Duduksampeyan Kabupaten Gresik;Duduk Sampeyan;Kecelakaan Ringan ;17-25;Laki-laki;R2 (Sepeda Motor)
Di ruas jalan, pejalan kaki menyeberang dari kiri ke kanan;0;1;0;-7,343378984;112,6344605;Timur (90°);Terang / Jelas;Cerah;Lokal / Lingkungan;II (Jalan Sedang utk beban s/d 10 ton & 12m  Panjang Ran);Lurus;2/2 TB (2 Lajur/2 Arah Tanpa Batas Median);40;Jalan Kota / Kabupaten;Jalan Raya Ds. Petiken Kec. Driyorejo Kab. Gresik;Driyorejo;Kecelakaan Ringan ;17-25;Perempuan;R2 (Sepeda Motor)
Di ruas jalan, pejalan kaki menyeberang dari kiri ke kanan;0;3;0;-7,159942107;112,6196;Barat (270°);Terang / Jelas;Cerah;Lokal / Lingkungan;II (Jalan Sedang utk beban s/d 10 ton & 12m  Panjang Ran);Lurus;4/2 B (4 Lajur/2 Arah dengan Batas Median);40;Jalan Kota / Kabupaten;Jalan Raya Dr. Wahidin Sudirohusodo  Kelurahan Randuagung Kecamatan Kebomas Kabupaten Gresik;Kebomas;Kecelakaan Ringan ;<17;Laki-laki;R2 (Sepeda Motor)
Di ruas jalan, pejalan kaki menyeberang dari kiri ke kanan;0;2;0;-7,152133713;112,600917;Utara (0°);Terang / Jelas;Cerah;Lokal / Lingkungan;II (Jalan Sedang utk beban s/d 10 ton & 12m  Panjang Ran);Lurus;2/2 TB (2 Lajur/2 Arah Tanpa Batas Median);50;Jalan Kota / Kabupaten;Jalan Raya Kh. Syafi’i Desa Suci Kecamatan Manyar Kabupaten Gresik;Manyar;Kecelakaan Ringan ;17-25;Perempuan;R2 (Sepeda Motor)
Di ruas jalan, pejalan kaki menyeberang dari kiri ke kanan;1;0;0;-7,141492724;112,4974656;Timur (90°);Terang / Jelas;Cerah;Arteri;I (Jalan Besar utk beban 10 ton & max 18 m Panjang Ran);Lurus;2/2 TB (2 Lajur/2 Arah Tanpa Batas Median);50;Jalan Nasional;Jalan Raya Ds. Palebon Kec. Duduksampeyan Kab. Gresik;Duduk Sampeyan;Kecelakaan Berat ;<17;Laki-laki;Mini Truk
Di ruas jalan, pejalan kaki menyeberang dari kiri ke kanan;0;2;0;-7,241374725;112,5943571;Timur (90°);Terang / Jelas;Cerah;Lokal / Lingkungan;II (Jalan Sedang utk beban s/d 10 ton & 12m  Panjang Ran);Lurus;2/2 TB (2 Lajur/2 Arah Tanpa Batas Median);40;Jalan Kota / Kabupaten;Jalan Raya Ds. Kepatihan Kec. Menganti Kab. Gresik;Menganti;Kecelakaan Ringan ;26-45;Perempuan;R2 (Sepeda Motor)
Di ruas jalan, pejalan kaki menyeberang dari kiri ke kanan;0;1;0;-7,248050274;112,576516;Timur (90°);Terang / Jelas;Cerah;Lokal / Lingkungan;II (Jalan Sedang utk beban s/d 10 ton & 12m  Panjang Ran);Lurus;2/2 TB (2 Lajur/2 Arah Tanpa Batas Median);40;Jalan Kota / Kabupaten;Jalan Raya Ds. Hendrosari Kec. Menganti Kab. Gresik;Menganti;Kecelakaan Ringan ;26-45;Laki-laki;R2 (Sepeda Motor)
Di ruas jalan, pejalan kaki menyeberang dari kiri ke kanan;0;1;0;-7,163887977;112,642311;Utara (0°);Terang / Jelas;Cerah;Lokal / Lingkungan;II (Jalan Sedang utk beban s/d 10 ton & 12m  Panjang Ran);Lurus;2/2 TB (2 Lajur/2 Arah Tanpa Batas Median);40;Jalan Kota / Kabupaten;Jalan Raya Dr Soetomo Kec Gresik;Gresik;Kecelakaan Ringan ;17-25;Laki-laki;R2 (Sepeda Motor)
Di ruas jalan, pejalan kaki menyeberang dari kiri ke kanan;0;2;0;-7,159922813;112,6178036;Barat (270°);Terang / Jelas;Cerah;Lokal / Lingkungan;II (Jalan Sedang utk beban s/d 10 ton & 12m  Panjang Ran);Lurus;4/2 B (4 Lajur/2 Arah dengan Batas Median);50;Jalan Kota / Kabupaten;Jalan Raya Dr. Wahidin Sudirohusodo  Kelurahan Randuagung Kecamatan Kebomas Kabupaten Gresik;Kebomas;Kecelakaan Ringan;;Perempuan;R2 (Sepeda Motor)
Di ruas jalan, pejalan kaki menyeberang dari kiri ke kanan;0;1;0;-7,18429746;112,6239464;Barat (270°);Terang / Jelas;Cerah;Lokal / Lingkungan;III (Jalan Kecil utk max beban 8 ton & 9 m Panjang Ran);Lurus;2/2 TB (2 Lajur/2 Arah Tanpa Batas Median);50;Jalan Desa;Jalan Umum Kel. Sidomukti Kec. Kebomas Kab. Gresik;Kebomas;Kecelakaan Ringan ;26-45;Perempuan;Mini Bus
Di ruas jalan, pejalan kaki menyeberang dari kiri ke kanan;0;1;0;-7,045112709;112,5538581;Barat (270°);Terang / Jelas;Cerah;Lokal / Lingkungan;II (Jalan Sedang utk beban s/d 10 ton & 12m  Panjang Ran);Lurus;2/2 TB (2 Lajur/2 Arah Tanpa Batas Median);40;Jalan Kota / Kabupaten;Jalan Raya Ds. Masangan Kec. Bungah  Kab. Gresik;Bungah;Kecelakaan Ringan ;17-25;Laki-laki;R2 (Sepeda Motor)
Di ruas jalan, pejalan kaki menyeberang dari kiri ke kanan;0;1;0;-7,290104289;112,5626608;Selatan (180°);Terang / Jelas;Cerah;Lokal / Lingkungan;II (Jalan Sedang utk beban s/d 10 ton & 12m  Panjang Ran);Lurus;2/2 TB (2 Lajur/2 Arah Tanpa Batas Median);40;Jalan Kota / Kabupaten;Jalan Raya Ds. Bringkang Kec. Menganti Kab. Gresik;Menganti;Kecelakaan Ringan ;26-45;Laki-laki;R2 (Sepeda Motor)
Di ruas jalan, pejalan kaki menyeberang dari kiri ke kanan;0;1;0;-6,978518631;112,5408025;Barat (270°);Terang / Jelas;Cerah;Arteri;I (Jalan Besar utk beban 10 ton & max 18 m Panjang Ran);Lurus;2/2 TB (2 Lajur/2 Arah Tanpa Batas Median);50;Jalan Nasional;Jalan Raya Ds Golokan Kec Sidayu Kab. Gresik;Sidayu;Kecelakaan Ringan ;17-25;Laki-laki;R2 (Sepeda Motor)
Di ruas jalan, pejalan kaki menyeberang dari kiri ke kanan;0;1;0;-7,226659938;112,5580742;Timur (90°);Terang / Jelas;Cerah;Lokal / Lingkungan;II (Jalan Sedang utk beban s/d 10 ton & 12m  Panjang Ran);Lurus;2/2 TB (2 Lajur/2 Arah Tanpa Batas Median);40;Jalan Kota / Kabupaten;Jalan Raya Ds. Cerme Lor Kec. Cerme Kab. Gresik;Cerme;Kecelakaan Ringan ;<17;Perempuan;R2 (Sepeda Motor)
Di ruas jalan, pejalan kaki menyeberang dari kiri ke kanan;0;1;0;-7,177520837;112,581605;Utara (0°);Terang / Jelas;Cerah;Kolektor;I (Jalan Besar utk beban 10 ton & max 18 m Panjang Ran);Lurus;2/2 TB (2 Lajur/2 Arah Tanpa Batas Median);50;Jalan Propinsi;Jalan Raya Ds. Banjarsari Kec. Cerme Kab. Gresik;Cerme;Kecelakaan Ringan;;Perempuan;Pejalan Kaki
Di ruas jalan, pejalan kaki menyeberang dari kiri ke kanan;0;2;0;-7,267576185;112,4461662;Utara (0°);Terang / Jelas;Cerah;Lokal / Lingkungan;II (Jalan Sedang utk beban s/d 10 ton & 12m  Panjang Ran);Lurus;2/2 TB (2 Lajur/2 Arah Tanpa Batas Median);40;Jalan Kota / Kabupaten;Jalan Raya Ds. Sambiroto Kec. Balongpanggang Kab. Gresik;Balongpanggang;Kecelakaan Ringan ;<17;Laki-laki;R2 (Sepeda Motor)
Di ruas jalan, pejalan kaki menyeberang dari kiri ke kanan;0;1;0;-7,242849725;112,5910328;Barat (270°);Terang / Jelas;Cerah;Lokal / Lingkungan;II (Jalan Sedang utk beban s/d 10 ton & 12m  Panjang Ran);Lurus;2/2 TB (2 Lajur/2 Arah Tanpa Batas Median);50;Jalan Kota / Kabupaten;Jalan Raya Desa Kepatihan Kecamatan Menganti Kabupaten Gresik;Menganti;Kecelakaan Ringan ;<17;Perempuan;R2 (Sepeda Motor)
Di ruas jalan, pejalan kaki menyeberang dari kiri ke kanan;0;1;0;-7,182399928;112,5788862;Utara (0°);Terang / Jelas;Cerah;Kolektor;I (Jalan Besar utk beban 10 ton & max 18 m Panjang Ran);Lurus;2/2 TB (2 Lajur/2 Arah Tanpa Batas Median);40;Jalan Propinsi;Jalan Raya Ds. Banjarsari Kec. Cerme Kab. Gresik;Cerme;Kecelakaan Ringan ;<17;Perempuan;R2 (Sepeda Motor)
Di ruas jalan, pejalan kaki menyeberang dari kiri ke kanan;0;1;0;-7,160341215;112,6125672;Timur (90°);Gelap / Sulit Terlihat;Cerah;Lokal / Lingkungan;III (Jalan Kecil utk max beban 8 ton & 9 m Panjang Ran);Lurus;2/2 TB (2 Lajur/2 Arah Tanpa Batas Median);40;Jalan Desa;Jalan Umum Walet 1 Perum GKA Ds. Kembangan Kec. Kebomas Kab. Gresik;Kebomas;Kecelakaan Ringan ;46-65;Perempuan;R2 (Sepeda Motor)
Di ruas jalan, pejalan kaki menyeberang dari kiri ke kanan;0;3;0;-7,365876746;112,6279835;Timur (90°);Terang / Jelas;Cerah;Kolektor;I (Jalan Besar utk beban 10 ton & max 18 m Panjang Ran);Lurus;2/2 TB (2 Lajur/2 Arah Tanpa Batas Median);60;Jalan Propinsi;Jalan Raya Ds.cangkir kec Driyorejo Kab Gresik;Driyorejo;Kecelakaan Ringan ;17-25;Perempuan;R2 (Sepeda Motor)
Di ruas jalan, pejalan kaki menyeberang dari kiri ke kanan;0;2;0;-7,135429009;112,6162567;Timur (90°);Terang / Jelas;Cerah;Arteri;I (Jalan Besar utk beban 10 ton & max 18 m Panjang Ran);Lurus;2/2 TB (2 Lajur/2 Arah Tanpa Batas Median);40;Jalan Nasional;Jalan Raya Ds. Sukomulyo Kec. Manyar Kab. Gresik;Manyar;Kecelakaan Ringan ;26-45;Laki-laki;R2 (Sepeda Motor)
Di ruas jalan, pejalan kaki menyeberang dari kiri ke kanan;0;1;0;-7,365680218;112,6258287;Barat (270°);Terang / Jelas;Cerah;Lokal / Lingkungan;II (Jalan Sedang utk beban s/d 10 ton & 12m  Panjang Ran);Lurus;2/2 TB (2 Lajur/2 Arah Tanpa Batas Median);50;Jalan Kota / Kabupaten;Jalan Raya Ds. Cangkir Kec. Driyorejo Kab. Gresik;Driyorejo;Kecelakaan Ringan ;17-25;Laki-laki;R2 (Sepeda Motor)
Di ruas jalan, pejalan kaki menyeberang dari kiri ke kanan;0;1;0;-7,329013288;112,6334533;Barat (270°);Terang / Jelas;Cerah;Lokal / Lingkungan;II (Jalan Sedang utk beban s/d 10 ton & 12m  Panjang Ran);Lurus;2/2 TB (2 Lajur/2 Arah Tanpa Batas Median);50;Jalan Kota / Kabupaten;Jalan Raya Ds. Mulung Kec. Driyorejo Kab. Gresik;Driyorejo;Kecelakaan Ringan ;26-45;Perempuan;R2 (Sepeda Motor)
Di ruas jalan, pejalan kaki menyeberang dari kiri ke kanan;0;1;0;-7,176431756;112,6085708;Selatan (180°);Terang / Jelas;Cerah;Lokal / Lingkungan;III (Jalan Kecil utk max beban 8 ton & 9 m Panjang Ran);Lurus;2/2 TB (2 Lajur/2 Arah Tanpa Batas Median);40;Jalan Desa;Jalan Umum Ds. Kedanyang Kec. Kebomas Kab. Gresik;Kebomas;Kecelakaan Ringan ;<17;Perempuan;R2 (Sepeda Motor)
Di ruas jalan, pejalan kaki menyeberang dari kiri ke kanan;0;1;0;-6,95727387;112,505883;Barat (270°);Terang / Jelas;Cerah;Arteri;I (Jalan Besar utk beban 10 ton & max 18 m Panjang Ran);Lurus;2/2 TB (2 Lajur/2 Arah Tanpa Batas Median);40;Jalan Nasional;Jalan Raya Ds. Doudo Kec. Panceng Kab. Gresik;Panceng;Kecelakaan Ringan ;17-25;Laki-laki;R2 (Sepeda Motor)
Di ruas jalan, pejalan kaki menyeberang dari kiri ke kanan;0;1;0;-7,158963616;112,6477837;Selatan (180°);Gelap / Sulit Terlihat;Cerah;Lokal / Lingkungan;II (Jalan Sedang utk beban s/d 10 ton & 12m  Panjang Ran);Lurus;2/2 TB (2 Lajur/2 Arah Tanpa Batas Median);40;Jalan Kota / Kabupaten;Jalan Raya Usman sadar Ds. Sukorame Kec. Gresik;Gresik;Kecelakaan Ringan ;17-25;Laki-laki;R2 (Sepeda Motor)
Di ruas jalan, pejalan kaki menyeberang dari kiri ke kanan;0;1;0;-7,040112293;112,5334513;Timur (90°);Terang / Jelas;Cerah;Lokal / Lingkungan;II (Jalan Sedang utk beban s/d 10 ton & 12m  Panjang Ran);Lurus;2/2 TB (2 Lajur/2 Arah Tanpa Batas Median);40;Jalan Kota / Kabupaten;Jalan Raya Ds. Melirang Kec. Bungah Kab. Gresik;Bungah;Kecelakaan Ringan ;<17;Laki-laki;R2 (Sepeda Motor)
Di ruas jalan, pejalan kaki menyeberang dari kiri ke kanan;0;1;0;-7,223270876;112,5256962;Barat (270°);Terang / Jelas;Cerah;Lokal / Lingkungan;II (Jalan Sedang utk beban s/d 10 ton & 12m  Panjang Ran);Lurus;2/2 TB (2 Lajur/2 Arah Tanpa Batas Median);40;Jalan Kota / Kabupaten;Jalan Raya Ds. Kandangan Kec. Cerme Kab. Gresik;Cerme;Kecelakaan Ringan ;26-45;Laki-laki;R2 (Sepeda Motor)
Di ruas jalan, pejalan kaki menyeberang dari kiri ke kanan;0;1;0;-7,223444564;112,5288733;Barat (270°);Terang / Jelas;Cerah;Lokal / Lingkungan;II (Jalan Sedang utk beban s/d 10 ton & 12m  Panjang Ran);Lurus;2/2 TB (2 Lajur/2 Arah Tanpa Batas Median);40;Jalan Kota / Kabupaten;Jalan Raya Ds. Dungus Kec. Cerme Kab. Gresik;Cerme;Kecelakaan Ringan;;Perempuan;Pejalan Kaki
Di ruas jalan, pejalan kaki menyeberang dari kiri ke kanan;0;2;0;-7,324701538;112,4961295;Barat (270°);Terang / Jelas;Cerah;Lokal / Lingkungan;II (Jalan Sedang utk beban s/d 10 ton & 12m  Panjang Ran);Lurus;2/2 TB (2 Lajur/2 Arah Tanpa Batas Median);50;Jalan Kota / Kabupaten;Jalan Raya Ds. Sidoraharjo Kec. Kedamean Kab. Gresik;Kedamean;Kecelakaan Ringan ;26-45;Perempuan;R2 (Sepeda Motor)
Di ruas jalan, pejalan kaki menyeberang dari kiri ke kanan;0;1;0;-7,169493563;112,5680429;Barat (270°);Terang / Jelas;Cerah;Arteri;I (Jalan Besar utk beban 10 ton & max 18 m Panjang Ran);Lurus;4/2 B (4 Lajur/2 Arah dengan Batas Median);50;Jalan Nasional;Jalan Raya Ds. Duduksampeyan Kec. Duduksampeyan Kab. Gresik;Duduk Sampeyan;Kecelakaan Ringan ;17-25;Perempuan;R2 (Sepeda Motor)
Di ruas jalan, pejalan kaki menyeberang dari kiri ke kanan;0;1;0;-7,156509866;112,5883296;Utara (0°);Terang / Jelas;Cerah;Lokal / Lingkungan;III (Jalan Kecil utk max beban 8 ton & 9 m Panjang Ran);Lurus;2/2 TB (2 Lajur/2 Arah Tanpa Batas Median);40;Jalan Desa;Jalan Umum Ds. Tebalo Kec. Manyar Kab. Gresik;Manyar;Kecelakaan Ringan ;<17;Laki-laki;R2 (Sepeda Motor)
Di ruas jalan, pejalan kaki menyeberang dari kiri ke kanan;0;1;0;-7,369510152;112,5984906;Timur (90°);Gelap / Sulit Terlihat;Cerah;Kolektor;I (Jalan Besar utk beban 10 ton & max 18 m Panjang Ran);Lurus;2/2 TB (2 Lajur/2 Arah Tanpa Batas Median);50;Jalan Propinsi;Jalan Raya Desa Krikilan Kecamatan Driyorejo Kabupaten Gresik;Driyorejo;Kecelakaan Ringan;;Laki-laki;Truck
Di ruas jalan, pejalan kaki menyeberang dari kiri ke kanan;0;1;0;-7,36235364;112,6276243;Utara (0°);Terang / Jelas;Cerah;Lokal / Lingkungan;II (Jalan Sedang utk beban s/d 10 ton & 12m  Panjang Ran);Lurus;2/2 TB (2 Lajur/2 Arah Tanpa Batas Median);40;Jalan Kota / Kabupaten;Jalan Raya Ds. Tenaru Kec. Driyorejo Kab. Gresik;Driyorejo;Kecelakaan Ringan ;17-25;Perempuan;R2 (Sepeda Motor)
Di ruas jalan, pejalan kaki menyeberang dari kiri ke kanan;0;2;0;-7,35593089;112,5504639;Timur (90°);Terang / Jelas;Cerah;Lokal / Lingkungan;II (Jalan Sedang utk beban s/d 10 ton & 12m  Panjang Ran);Lurus;2/2 TB (2 Lajur/2 Arah Tanpa Batas Median);40;Jalan Kota / Kabupaten;Jalan Raya Desa Banyuurip Kecamatan Kedamean Kabupaten Gresik;Kedamean;Kecelakaan Ringan ;<17;Laki-laki;R2 (Sepeda Motor)
Di ruas jalan, pejalan kaki menyeberang dari kiri ke kanan;0;1;0;-7,067208815;112,5800052;Timur (90°);Terang / Jelas;Cerah;Lokal / Lingkungan;III (Jalan Kecil utk max beban 8 ton & 9 m Panjang Ran);Lurus;2/2 TB (2 Lajur/2 Arah Tanpa Batas Median);50;Jalan Desa;Jalan Umum Ds. Karangrejo Kec. Manyar Kab. Gresik;Manyar;Kecelakaan Ringan ;46-65;Laki-laki;R2 (Sepeda Motor)
Di ruas jalan, pejalan kaki menyeberang dari kiri ke kanan;0;1;0;-7,183409611;112,6510482;Barat (270°);Terang / Jelas;Cerah;Lokal / Lingkungan;II (Jalan Sedang utk beban s/d 10 ton & 12m  Panjang Ran);Lurus;2/2 TB (2 Lajur/2 Arah Tanpa Batas Median);40;Jalan Kota / Kabupaten;Jalan Raya Kel. Singosari Kec. Kebomas Kab. Gresik;Kebomas;Kecelakaan Ringan ;26-45;Laki-laki;R2 (Sepeda Motor)
Tabrakan dengan kendaraan parkir di kiri;0;1;0;-7,151019938;112,5141936;Barat (270°);Terang / Jelas;Cerah;Arteri;I (Jalan Besar utk beban 10 ton & max 18 m Panjang Ran);Lurus;4/2 B (4 Lajur/2 Arah dengan Batas Median);50;Jalan Nasional;Jalan Raya Desa Setrohadi Kecamatan Duduksampeyan Kabupaten Gresik;Duduk Sampeyan;Kecelakaan Ringan ;26-45;Laki-laki;Truk Berat / Tronton
Tabrakan dengan kendaraan parkir di kiri;1;0;0;-7,034731382;112,578201;Utara (0°);Terang / Jelas;Cerah;Lokal / Lingkungan;II (Jalan Sedang utk beban s/d 10 ton & 12m  Panjang Ran);Lurus;2/2 TB (2 Lajur/2 Arah Tanpa Batas Median);50;Jalan Kota / Kabupaten;Jalan Raya Desa Kisik Kecamatan Bungah Kabupaten Gresik;Bungah;Kecelakaan Berat ;17-25;Laki-laki;Truk Berat / Tronton
Tabrakan dengan kendaraan parkir di kiri;0;2;0;-7,148913501;112,5104077;Timur (90°);Terang / Jelas;Cerah;Arteri;I (Jalan Besar utk beban 10 ton & max 18 m Panjang Ran);Lurus;4/2 B (4 Lajur/2 Arah dengan Batas Median);40;Jalan Nasional;Jalan Raya Ds. Setrohadi Kec. Duduksampeyan Kab. Gresik;Duduk Sampeyan;Kecelakaan Ringan ;26-45;Laki-laki;Medium Truk
Tabrakan dengan kendaraan parkir di kiri;0;1;0;-7,363440546;112,635641;Timur (90°);Terang / Jelas;Cerah;Lokal / Lingkungan;II (Jalan Sedang utk beban s/d 10 ton & 12m  Panjang Ran);Lurus;2/2 TB (2 Lajur/2 Arah Tanpa Batas Median);40;Jalan Kota / Kabupaten;Jalan Raya Ds. Cangkir Kec. Driyorejo Kab. Gresik;Driyorejo;Kecelakaan Ringan ;<17;Laki-laki;Mini Truk
Tabrakan dengan kendaraan parkir di kiri;0;1;0;-6,968252965;112,4817103;Timur (90°);Terang / Jelas;Cerah;Lokal / Lingkungan;II (Jalan Sedang utk beban s/d 10 ton & 12m  Panjang Ran);Lurus;2/2 TB (2 Lajur/2 Arah Tanpa Batas Median);40;Jalan Kota / Kabupaten;Jalan Raya Ds. Petung Kec. Panceng Kab. Gresik;Panceng;Kecelakaan Ringan ;26-45;Laki-laki;Truk Berat / Tronton
Tabrakan dengan kendaraan parkir di kiri;0;1;0;-7,339009425;112,5673675;Selatan (180°);Gelap / Sulit Terlihat;Hujan/ Grimis;Kolektor;I (Jalan Besar utk beban 10 ton & max 18 m Panjang Ran);Lurus;2/2 TB (2 Lajur/2 Arah Tanpa Batas Median);40;Jalan Propinsi;Jalan Raya Ds. Kedamean Kec. Kedamean Kab. Gresik;Kedamean;Kecelakaan Ringan ;17-25;Laki-laki;R2 (Sepeda Motor)
Tabrakan dengan kendaraan parkir di kiri;0;1;0;-6,966963286;112,4395644;Timur (90°);Terang / Jelas;Cerah;Lokal / Lingkungan;II (Jalan Sedang utk beban s/d 10 ton & 12m  Panjang Ran);Lurus;2/2 TB (2 Lajur/2 Arah Tanpa Batas Median);50;Jalan Kota / Kabupaten;Jalan Raya Ds. Petiyin Tunggal Kec. Dukun Kab. Gresik;Dukun;Kecelakaan Ringan ;26-45;Laki-laki;Medium Truk
Tabrakan dengan kendaraan parkir di kiri;0;1;0;-7,164111469;112,5428377;Barat (270°);Terang / Jelas;Cerah;Arteri;I (Jalan Besar utk beban 10 ton & max 18 m Panjang Ran);Lurus;4/2 B (4 Lajur/2 Arah dengan Batas Median);40;Jalan Nasional;Jalan Raya Desa Tebaloan Kecamatan Duduksampeyan Kabupaten Gresik;Duduk Sampeyan;Kecelakaan Ringan;;Laki-laki;R2 (Sepeda Motor)
Tabrakan dengan kendaraan parkir di kiri;0;1;0;-7,390341794;112,5570074;Barat (270°);Terang / Jelas;Cerah;Lokal / Lingkungan;II (Jalan Sedang utk beban s/d 10 ton & 12m  Panjang Ran);Lurus;2/2 TB (2 Lajur/2 Arah Tanpa Batas Median);50;Jalan Kota / Kabupaten;Jalan Raya Ds. Sumengko Kec. Wringinanom Kab. Gresik;Wringinanom;Kecelakaan Ringan;;Perempuan;R2 (Sepeda Motor)
Tabrakan dengan kendaraan parkir di kiri;0;1;0;-7,165357263;112,5519343;Timur (90°);Terang / Jelas;Cerah;Arteri;I (Jalan Besar utk beban 10 ton & max 18 m Panjang Ran);Lurus;4/2 B (4 Lajur/2 Arah dengan Batas Median);50;Jalan Nasional;Jalan Raya Ds. Tebaloan Kec. Duduksampeyan Kab. Gresik;Duduk Sampeyan;Kecelakaan Ringan ;46-65;Laki-laki;R2 (Sepeda Motor)
Tabrakan dengan kendaraan parkir di kiri;1;0;0;-7,166377876;112,5602809;Timur (90°);Terang / Jelas;Cerah;Arteri;I (Jalan Besar utk beban 10 ton & max 18 m Panjang Ran);Lurus;4/2 B (4 Lajur/2 Arah dengan Batas Median);40;Jalan Nasional;Jalan Raya Ds. Ambeng-ambeng Watangrejo Kec. Duduksampeyan Kab. Gresik;Duduk Sampeyan;Kecelakaan Berat ;<17;Laki-laki;Mini Truk
Tabrakan dengan kendaraan parkir di kiri;1;0;0;-7,381042846;112,5802754;Barat (270°);Terang / Jelas;Cerah;Lokal / Lingkungan;II (Jalan Sedang utk beban s/d 10 ton & 12m  Panjang Ran);Lurus;2/2 TB (2 Lajur/2 Arah Tanpa Batas Median);50;Jalan Kota / Kabupaten;Jalan Raya Desa Krikilan Kecamatan Driyorejo Kabupaten Gresik;Driyorejo;Kecelakaan Berat ;26-45;Laki-laki;Truk Berat / Tronton
Tabrakan dengan kendaraan parkir di kiri;0;1;0;-7,171001908;112,6607557;Selatan (180°);Gelap / Sulit Terlihat;Cerah;Lokal / Lingkungan;II (Jalan Sedang utk beban s/d 10 ton & 12m  Panjang Ran);Lurus;2/2 TB (2 Lajur/2 Arah Tanpa Batas Median);50;Jalan Kota / Kabupaten;Jalan Ibrahim zahir Kel. Sidorukun Kec. Gresik;Gresik;Kecelakaan Ringan ;46-65;Laki-laki;R2 (Sepeda Motor)
Tabrakan dengan kendaraan parkir di kiri;0;1;0;-7,381044208;112,58025;Timur (90°);Gelap / Sulit Terlihat;Cerah;Kolektor;I (Jalan Besar utk beban 10 ton & max 18 m Panjang Ran);Lurus;2/2 TB (2 Lajur/2 Arah Tanpa Batas Median);40;Jalan Propinsi;Jalan Raya Ds. Krikilan Kec. Driyorejo Kab. Gresik;Driyorejo;Kecelakaan Ringan ;26-45;Laki-laki;R2 (Sepeda Motor)
Tabrakan dengan kendaraan parkir di kiri;0;1;0;-7,389390101;112,5612422;Barat (270°);Terang / Jelas;Cerah;Kolektor;I (Jalan Besar utk beban 10 ton & max 18 m Panjang Ran);Lurus;2/2 TB (2 Lajur/2 Arah Tanpa Batas Median);50;Jalan Propinsi;Jalan Raya Ds. Pasinan Lemahputih Kec. Wringinanom Kab. Gresik;Wringinanom;Kecelakaan Ringan ;26-45;Laki-laki;Truk Berat / Tronton
Tabrakan dengan kendaraan parkir di kiri;0;2;0;-6,991424712;112,5639829;Utara (0°);Terang / Jelas;Cerah;Lokal / Lingkungan;II (Jalan Sedang utk beban s/d 10 ton & 12m  Panjang Ran);Lurus;2/2 TB (2 Lajur/2 Arah Tanpa Batas Median);60;Jalan Kota / Kabupaten;Jalan Raya Desa Mriyunan Kecamatan Sidayu Kabupaten Gresik;Sidayu;Kecelakaan Ringan;;Laki-laki;R2 (Sepeda Motor)
Tabrakan dengan kendaraan parkir di kiri;0;1;0;-7,045320939;112,5752243;Utara (0°);Terang / Jelas;Cerah;Arteri;I (Jalan Besar utk beban 10 ton & max 18 m Panjang Ran);Lurus;2/2 TB (2 Lajur/2 Arah Tanpa Batas Median);50;Jalan Nasional;Jalan Raya Ds. Kisik Kec. Bungah Kab. Gresik;Bungah;Kecelakaan Ringan ;17-25;Laki-laki;Truk Berat / Tronton
Tabrakan dengan kendaraan parkir di kiri;1;0;0;-7,186330836;112,6207157;Utara (0°);Gelap / Sulit Terlihat;Cerah;Lokal / Lingkungan;II (Jalan Sedang utk beban s/d 10 ton & 12m  Panjang Ran);Lurus;2/2 TB (2 Lajur/2 Arah Tanpa Batas Median);40;Jalan Kota / Kabupaten;Jalan Raya Mayjend Sungkono Desa Kedanyang Kecamatan Kebomas Kabupaten Gresik;Kebomas;Kecelakaan Berat ;26-45;Laki-laki;Truk Berat / Tronton
Tabrakan dengan kendaraan parkir di kiri;0;1;0;-7,26202378;112,586098;Utara (0°);Terang / Jelas;Cerah;Lokal / Lingkungan;II (Jalan Sedang utk beban s/d 10 ton & 12m  Panjang Ran);Lurus;2/2 TB (2 Lajur/2 Arah Tanpa Batas Median);50;Jalan Kota / Kabupaten;Jalan Raya Ds. Pelemwatu Kec. Menganti Kab. Gresik;Menganti;Kecelakaan Ringan ;17-25;Laki-laki;R2 (Sepeda Motor)
Tabrakan dengan kendaraan parkir di kiri;0;1;0;-7,159354762;112,6361057;Selatan (180°);Terang / Jelas;Cerah;Lokal / Lingkungan;II (Jalan Sedang utk beban s/d 10 ton & 12m  Panjang Ran);Lurus;2/2 TB (2 Lajur/2 Arah Tanpa Batas Median);40;Jalan Kota / Kabupaten;Jalan Tridarma  kel. Putat Kec. Kebomas Kab. Gresik;Kebomas;Kecelakaan Ringan ;;Laki-laki;R2 (Sepeda Motor)
Tabrakan dengan kendaraan parkir di kiri;1;0;0;-7,168901252;112,5670854;Barat (270°);Terang / Jelas;Cerah;Arteri;I (Jalan Besar utk beban 10 ton & max 18 m Panjang Ran);Lurus;4/2 TB (4 Lajur/2 Arah Tanpa Batas Median);50;Jalan Nasional;Jalan Raya Desa Ambeng-Ambeng watangrejo Kecamatan Duduksampeyan Kabupaten Gresik;Duduk Sampeyan;Kecelakaan Berat ;26-45;Laki-laki;Medium Truk
Tabrakan dengan kendaraan parkir di kiri;0;1;0;-7,169419323;112,5833436;Barat (270°);Terang / Jelas;Cerah;Arteri;I (Jalan Besar utk beban 10 ton & max 18 m Panjang Ran);Lurus;2/1 (2 Lajur/1 Arah);40;Jalan Nasional;Jalan Raya Ds Banjarsari Kec Cerme Kab Gresik;Cerme;Kecelakaan Ringan ;17-25;Laki-laki;R2 (Sepeda Motor)
Tabrakan dengan kendaraan parkir di kiri;0;1;0;-7,288104973;112,5855819;Utara (0°);Terang / Jelas;Cerah;Lokal / Lingkungan;II (Jalan Sedang utk beban s/d 10 ton & 12m  Panjang Ran);Lurus;2/2 TB (2 Lajur/2 Arah Tanpa Batas Median);40;Jalan Kota / Kabupaten;Jalan Raya Desa Hulaan Kecamatan Menganti Kabupaten Gresik;Menganti;Kecelakaan Ringan ;<17;Laki-laki;R2 (Sepeda Motor)
Tabrakan dengan kendaraan parkir di kiri;0;1;0;-7,150134819;112,6529424;Utara (0°);Terang / Jelas;Cerah;Lokal / Lingkungan;II (Jalan Sedang utk beban s/d 10 ton & 12m  Panjang Ran);Lurus;2/2 TB (2 Lajur/2 Arah Tanpa Batas Median);40;Jalan Kota / Kabupaten;Jalan Raya Sindujoyo Ds. Lumpur Kec. Gresik;Gresik;Kecelakaan Ringan ;26-45;Laki-laki;R2 (Sepeda Motor)
Tabrakan dengan kendaraan parkir di kiri;0;4;0;-7,311408442;112,5652452;Selatan (180°);Terang / Jelas;Cerah;Kolektor;I (Jalan Besar utk beban 10 ton & max 18 m Panjang Ran);Lurus;2/2 TB (2 Lajur/2 Arah Tanpa Batas Median);50;Jalan Propinsi;Jalan Raya Ds. Kedamean Kec. Kedamean Kab. Gresik;Kedamean;Kecelakaan Ringan ;46-65;Laki-laki;R2 (Sepeda Motor)
Tabrakan dengan kendaraan parkir di kiri;0;1;1;-7,365164682;112,61756;Barat (270°);Terang / Jelas;Cerah;Kolektor;I (Jalan Besar utk beban 10 ton & max 18 m Panjang Ran);Lurus;2/2 TB (2 Lajur/2 Arah Tanpa Batas Median);50;Jalan Propinsi;Jalan Raya Ds. Driyorejo Kec. Driyorejo Kab. Gresik;Driyorejo;Kecelakaan Fatal ;26-45;Laki-laki;R2 (Sepeda Motor)
Tabrakan dengan kendaraan parkir di kiri;0;1;0;-7,390638039;112,4836637;Selatan (180°);Gelap / Sulit Terlihat;Cerah;Lokal / Lingkungan;II (Jalan Sedang utk beban s/d 10 ton & 12m  Panjang Ran);Lurus;2/2 TB (2 Lajur/2 Arah Tanpa Batas Median);40;Jalan Kota / Kabupaten;Jalan Raya Ds. Kepuhlagen Kec. Wringinanom Kab. Gresik;Wringinanom;Kecelakaan Ringan ;26-45;Laki-laki;R2 (Sepeda Motor)
Tabrakan dengan kendaraan parkir di kiri;0;1;0;-7,129757175;112,6115783;Barat (270°);Terang / Jelas;Cerah;Arteri;I (Jalan Besar utk beban 10 ton & max 18 m Panjang Ran);Lurus;2/2 TB (2 Lajur/2 Arah Tanpa Batas Median);50;Jalan Nasional;Jalan Raya Ds. Sukomulyo Kec. Manyar Kab. Gresik;Manyar;Kecelakaan Ringan ;<17;Laki-laki;Mini Truk
Tabrakan dengan kendaraan parkir di kiri;0;1;0;-7,064865825;112,5753069;Barat (270°);Terang / Jelas;Cerah;Lokal / Lingkungan;III (Jalan Kecil utk max beban 8 ton & 9 m Panjang Ran);Lurus;2/2 TB (2 Lajur/2 Arah Tanpa Batas Median);40;Jalan Desa;Jalan Umum Ds. Sembayat Kec. Manyar Kab. Gresik;Manyar;Kecelakaan Ringan ;<17;Laki-laki;Pick up
Tabrakan dengan kendaraan parkir di kiri;0;1;0;-7,085954353;112,5576044;Timur (90°);Terang / Jelas;Cerah;Lokal / Lingkungan;II (Jalan Sedang utk beban s/d 10 ton & 12m  Panjang Ran);Lurus;2/2 TB (2 Lajur/2 Arah Tanpa Batas Median);50;Jalan Kota / Kabupaten;Jalan Raya Ds. Betoyo Kec. Manyar Kab. Gresik;Manyar;Kecelakaan Ringan ;26-45;Laki-laki;Mini Bus
Tabrakan dengan kendaraan parkir di kiri;0;1;0;-7,356684372;112,5540889;Barat (270°);Gelap / Sulit Terlihat;Cerah;Lokal / Lingkungan;II (Jalan Sedang utk beban s/d 10 ton & 12m  Panjang Ran);Lurus;2/2 TB (2 Lajur/2 Arah Tanpa Batas Median);50;Jalan Kota / Kabupaten;Jalan Raya Ds. Banyuurip Kec. Kedamean Kab. Gresik;Kedamean;Kecelakaan Ringan ;26-45;Laki-laki;R3 (Bentor / Bajaj / Bemo)
Tabrakan dengan kendaraan parkir di kiri;0;1;0;-7,080464261;112,5720115;Barat (270°);Terang / Jelas;Cerah;Arteri;I (Jalan Besar utk beban 10 ton & max 18 m Panjang Ran);Lurus;2/2 TB (2 Lajur/2 Arah Tanpa Batas Median);40;Jalan Nasional;Jalan Raya Ds. Betoyoguci Kec. Manyar Kab. Gresik;Manyar;Kecelakaan Ringan ;<17;Laki-laki;R2 (Sepeda Motor)
Tabrakan dengan kendaraan parkir di kiri;0;1;0;-7,178206817;112,5812746;Utara (0°);Gelap / Sulit Terlihat;Cerah;Arteri;I (Jalan Besar utk beban 10 ton & max 18 m Panjang Ran);Lurus;2/2 TB (2 Lajur/2 Arah Tanpa Batas Median);40;Jalan Nasional;Jalan Raya Ds. Banjarsari Kec. Cerme Kab. Gresik;Cerme;Kecelakaan Ringan ;26-45;Laki-laki;Truk Berat / Tronton
Tabrakan dengan kendaraan parkir di kiri;0;2;0;-6,990047079;112,5620319;Barat (270°);Gelap / Sulit Terlihat;Cerah;Lokal / Lingkungan;II (Jalan Sedang utk beban s/d 10 ton & 12m  Panjang Ran);Lurus;2/2 TB (2 Lajur/2 Arah Tanpa Batas Median);40;Jalan Kota / Kabupaten;Jalan Raya Ds. Bunderan Kec. Sidayu Kab. Gresik;Sidayu;Kecelakaan Ringan ;46-65;Laki-laki;R2 (Sepeda Motor)
Tabrakan dengan kendaraan parkir di kiri;0;1;0;-7,152113558;112,5161637;Timur (90°);Terang / Jelas;Cerah;Arteri;I (Jalan Besar utk beban 10 ton & max 18 m Panjang Ran);Lurus;2/2 TB (2 Lajur/2 Arah Tanpa Batas Median);50;Jalan Nasional;Jalan Raya Ds. Duduksampeyan Kec. Duduksampeyan Kab. Gresik;Duduk Sampeyan;Kecelakaan Ringan ;<17;Laki-laki;Mini Truk
Tabrakan dengan kendaraan parkir di kiri;0;1;0;-7,297537632;112,5642725;Timur (90°);Terang / Jelas;Cerah;Kolektor;I (Jalan Besar utk beban 10 ton & max 18 m Panjang Ran);Lurus;2/2 TB (2 Lajur/2 Arah Tanpa Batas Median);50;Jalan Propinsi;Jalan Raya Ds. Bringkang Kec. Menganti Kab. Gresik;Menganti;Kecelakaan Ringan ;<17;Laki-laki;R2 (Sepeda Motor)
Tabrakan dengan kendaraan parkir di kiri;1;0;0;-7,171493515;112,5841821;Selatan (180°);Terang / Jelas;Cerah;Arteri;I (Jalan Besar utk beban 10 ton & max 18 m Panjang Ran);Lurus;2/2 TB (2 Lajur/2 Arah Tanpa Batas Median);40;Jalan Nasional;Jalan Raya Ds. Banjarsari Kec. Cerme Kab. Gresik;Cerme;Kecelakaan Fatal ;26-45;Laki-laki;R2 (Sepeda Motor)
Tabrakan dengan kendaraan parkir di kiri;0;1;0;-7,190918982;112,6307637;Selatan (180°);Terang / Jelas;Cerah;Lokal / Lingkungan;II (Jalan Sedang utk beban s/d 10 ton & 12m  Panjang Ran);Lurus;2/2 TB (2 Lajur/2 Arah Tanpa Batas Median);50;Jalan Kota / Kabupaten;Jalan Raya Mayjend Sungkono Ds. Gulomantung Kec. Kebomas Kab. Gresik;Kebomas;Kecelakaan Ringan;;Perempuan;R2 (Sepeda Motor)
Tabrakan dengan kendaraan parkir di kiri;0;1;0;-7,15600208;112,5233525;Timur (90°);Terang / Jelas;Cerah;Arteri;I (Jalan Besar utk beban 10 ton & max 18 m Panjang Ran);Lurus;4/2 B (4 Lajur/2 Arah dengan Batas Median);50;Jalan Nasional;Jalan Raya Ds. Duduksampeyan Kec. Duduksampeyan Kab. Gresik;Duduk Sampeyan;Kecelakaan Ringan ;46-65;Laki-laki;Truk Berat / Tronton
Tabrakan dengan kendaraan parkir di kiri;0;1;0;-7,135144494;112,6158864;Timur (90°);Terang / Jelas;Cerah;Arteri;I (Jalan Besar utk beban 10 ton & max 18 m Panjang Ran);Lurus;2/2 TB (2 Lajur/2 Arah Tanpa Batas Median);40;Jalan Nasional;Jalan Raya Ds. Sukomulyo Kec. Manyar Kab. Gresik;Manyar;Kecelakaan Ringan;;Laki-laki;R2 (Sepeda Motor)
Tabrakan dengan kendaraan parkir di kiri;0;1;0;-7,223580603;112,5325815;Timur (90°);Terang / Jelas;Cerah;Lokal / Lingkungan;III (Jalan Kecil utk max beban 8 ton & 9 m Panjang Ran);Lurus;2/2 TB (2 Lajur/2 Arah Tanpa Batas Median);40;Jalan Desa;Jalan Umum Ds. Dungus Kec. Cerme Kab. Gresik;Cerme;Kecelakaan Ringan ;46-65;Laki-laki;Sepeda Angin
Tabrakan dengan kendaraan parkir di kiri;0;1;0;-7,144768328;112,5031445;Barat (270°);Terang / Jelas;Cerah;Arteri;I (Jalan Besar utk beban 10 ton & max 18 m Panjang Ran);Lurus;4/2 B (4 Lajur/2 Arah dengan Batas Median);50;Jalan Nasional;Jalan Raya Desa Tambakrejo Kecamatan Duduksampeyan Kabupaten Gresik;Duduk Sampeyan;Kecelakaan Fatal ;26-45;Laki-laki;R2 (Sepeda Motor)
Tabrakan dengan kendaraan parkir di kiri;1;0;0;-7,146110227;112,6327675;Timur (90°);Terang / Jelas;Cerah;Lokal / Lingkungan;II (Jalan Sedang utk beban s/d 10 ton & 12m  Panjang Ran);Lurus;2/2 TB (2 Lajur/2 Arah Tanpa Batas Median);40;Jalan Kota / Kabupaten;Jalan Raya Desa Roomo Kecamatan Manyar Kabupaten Gresik;Manyar;Kecelakaan Berat ;46-65;Laki-laki;R2 (Sepeda Motor)
Tabrakan dengan kendaraan parkir di kiri;0;1;0;-7,020870777;112,5684432;Selatan (180°);Terang / Jelas;Cerah;Arteri;I (Jalan Besar utk beban 10 ton & max 18 m Panjang Ran);Lurus;2/2 TB (2 Lajur/2 Arah Tanpa Batas Median);40;Jalan Nasional;Jalan Raya Desa Kemangi Kecamatan Bungah Kabupaten Gresik;Bungah;Kecelakaan Ringan ;46-65;Laki-laki;Truk Berat / Tronton
Tabrakan dengan kendaraan parkir di kiri;0;1;0;-7,343016165;112,6374938;Selatan (180°);Terang / Jelas;Cerah;Lokal / Lingkungan;II (Jalan Sedang utk beban s/d 10 ton & 12m  Panjang Ran);Lurus;2/2 TB (2 Lajur/2 Arah Tanpa Batas Median);40;Jalan Kota / Kabupaten;Jalan Raya Desa Petiken Kecamatan Driyorejo Kabupaten Gresik;Driyorejo;Kecelakaan Ringan ;26-45;Laki-laki;R3 (Bentor / Bajaj / Bemo)
Tabrakan dengan kendaraan parkir di kiri;0;1;0;-6,955770471;112,4259144;Utara (0°);Terang / Jelas;Cerah;Lokal / Lingkungan;III (Jalan Kecil utk max beban 8 ton & 9 m Panjang Ran);Lurus;2/2 TB (2 Lajur/2 Arah Tanpa Batas Median);50;Jalan Desa;Jalan Umum Ds. Lowayu Kec. Dukun Kab. Gresik;Dukun;Kecelakaan Ringan ;46-65;Perempuan;R2 (Sepeda Motor)
Tabrakan dengan kendaraan parkir di kiri;0;1;0;-7,22172019;112,4692383;Timur (90°);Gelap / Sulit Terlihat;Cerah;Lokal / Lingkungan;II (Jalan Sedang utk beban s/d 10 ton & 12m  Panjang Ran);Lurus;2/2 TB (2 Lajur/2 Arah Tanpa Batas Median);50;Jalan Kota / Kabupaten;Jalan Raya Ds. Ngasin Kec. Balongpanggang Kab. Gresik;Balongpanggang;Kecelakaan Ringan ;<17;Laki-laki;Mini Truk
Tabrakan dengan kendaraan parkir di kiri;1;0;0;-7,241646794;112,5937509;Barat (270°);Terang / Jelas;Cerah;Kolektor;I (Jalan Besar utk beban 10 ton & max 18 m Panjang Ran);Lurus;2/2 TB (2 Lajur/2 Arah Tanpa Batas Median);40;Jalan Propinsi;Jalan raya Ds. Kepatihan Kec. Menganti Kab. Gresik;Menganti;Kecelakaan Berat ;46-65;Laki-laki;Mini Truk
Tabrakan dengan kendaraan parkir di kiri;0;1;0;-7,304592813;112,4301951;Selatan (180°);Terang / Jelas;Cerah;Lokal / Lingkungan;II (Jalan Sedang utk beban s/d 10 ton & 12m  Panjang Ran);Lurus;2/2 TB (2 Lajur/2 Arah Tanpa Batas Median);50;Jalan Kota / Kabupaten;Jalan Raya Ds. Dapet Kec. Balongpanggang Kab. Gresik;Balongpanggang;Kecelakaan Ringan ;46-65;Laki-laki;Mini Bus
Tabrakan dengan kendaraan parkir di kiri;0;1;0;-7,146301447;112,6330892;Barat (270°);Terang / Jelas;Cerah;Lokal / Lingkungan;II (Jalan Sedang utk beban s/d 10 ton & 12m  Panjang Ran);Lurus;2/2 TB (2 Lajur/2 Arah Tanpa Batas Median);40;Jalan Kota / Kabupaten;Jalan Raya Ds. Roomo Kec. Manyar Kab. Gresik;Manyar;Kecelakaan Ringan ;26-45;Laki-laki;Trailer 20 Feet
Di ruas jalan, pejalan kaki menyeberang dari kanan ke kiri;0;1;0;-7,247902582;112,5000293;Selatan (180°);Terang / Jelas;Cerah;Lokal / Lingkungan;II (Jalan Sedang utk beban s/d 10 ton & 12m  Panjang Ran);Lurus;2/2 TB (2 Lajur/2 Arah Tanpa Batas Median);50;Jalan Kota / Kabupaten;Jalan Raya Ds. Klampok Kec. Benjeng Kab. Gresik;Benjeng;Kecelakaan Ringan;;Laki-laki;Pick Up
Di ruas jalan, pejalan kaki menyeberang dari kanan ke kiri;0;1;0;-7,167343781;112,6022914;Barat (270°);Terang / Jelas;Cerah;Lokal / Lingkungan;II (Jalan Sedang utk beban s/d 10 ton & 12m  Panjang Ran);Lurus;4/2 B (4 Lajur/2 Arah dengan Batas Median);40;Jalan Kota / Kabupaten;Jalan Raya Dr. Wahidin Sudirohusodo  Ds. Kembangan Kec. Kebomas Kab. Gresik;Kebomas;Kecelakaan Ringan ;26-45;Perempuan;R2 (Sepeda Motor)
Di ruas jalan, pejalan kaki menyeberang dari kanan ke kiri;0;1;0;-7,218473771;112,5567028;Timur (90°);Terang / Jelas;Cerah;Lokal / Lingkungan;II (Jalan Sedang utk beban s/d 10 ton & 12m  Panjang Ran);Lurus;2/2 TB (2 Lajur/2 Arah Tanpa Batas Median);40;Jalan Kota / Kabupaten;Jalan Raya Ds. Wedani Kec. Cerme Kab. Gresik;Cerme;Kecelakaan Ringan ;17-25;Laki-laki;R2 (Sepeda Motor)
Di ruas jalan, pejalan kaki menyeberang dari kanan ke kiri;0;2;0;-7,223720699;112,5405211;Barat (270°);Terang / Jelas;Cerah;Lokal / Lingkungan;II (Jalan Sedang utk beban s/d 10 ton & 12m  Panjang Ran);Lurus;2/2 TB (2 Lajur/2 Arah Tanpa Batas Median);50;Jalan Kota / Kabupaten;Jalan Raya Ds. Dungus Kec. Cerme Kab. Gresik;Cerme;Kecelakaan Ringan ;26-45;Laki-laki;R2 (Sepeda Motor)
Di ruas jalan, pejalan kaki menyeberang dari kanan ke kiri;1;0;0;-7,167882152;112,5952133;Utara (0°);Terang / Jelas;Cerah;Arteri;I (Jalan Besar utk beban 10 ton & max 18 m Panjang Ran);Lurus;4/2 B (4 Lajur/2 Arah dengan Batas Median);40;Jalan Nasional;Jalan Raya Dr. Wahidin Sudirohusodo  Ds. Dahanrejo Kec. Kebomas Kab. Gresik;Kebomas;Kecelakaan Berat ;<17;Laki-laki;Mini Truk
Di ruas jalan, pejalan kaki menyeberang dari kanan ke kiri;0;1;0;-7,001765732;112,4733433;Barat (270°);Terang / Jelas;Cerah;Lokal / Lingkungan;III (Jalan Kecil utk max beban 8 ton & 9 m Panjang Ran);Lurus;2/2 TB (2 Lajur/2 Arah Tanpa Batas Median);40;Jalan Desa;Jalan Umum Ds. Sekargadung Kec. Dukun Kab. Gresik;Dukun;Kecelakaan Ringan ;<17;Laki-laki;R2 (Sepeda Motor)
Di ruas jalan, pejalan kaki menyeberang dari kanan ke kiri;0;2;0;-7,219288563;112,5025354;Utara (0°);Terang / Jelas;Cerah;Lokal / Lingkungan;II (Jalan Sedang utk beban s/d 10 ton & 12m  Panjang Ran);Lurus;2/2 TB (2 Lajur/2 Arah Tanpa Batas Median);40;Jalan Kota / Kabupaten;Jalan Raya Ds. Metatu Kec. Benjeng Kab. Gresik;Benjeng;Kecelakaan Ringan ;26-45;Laki-laki;R2 (Sepeda Motor)
Di ruas jalan, pejalan kaki menyeberang dari kanan ke kiri;0;1;0;-7,160426697;112,6470221;Utara (0°);Terang / Jelas;Cerah;Lokal / Lingkungan;II (Jalan Sedang utk beban s/d 10 ton & 12m  Panjang Ran);Lurus;2/2 TB (2 Lajur/2 Arah Tanpa Batas Median);50;Jalan Kota / Kabupaten;Jalan Raya Usman Sadar Kel. Karang Turi Kec. Gresik;Gresik;Kecelakaan Ringan ;46-65;Laki-laki;Mini Bus
Di ruas jalan, pejalan kaki menyeberang dari kanan ke kiri;0;2;0;-7,238580218;112,5636612;Utara (0°);Terang / Jelas;Cerah;Kolektor;I (Jalan Besar utk beban 10 ton & max 18 m Panjang Ran);Lurus;2/2 TB (2 Lajur/2 Arah Tanpa Batas Median);40;Jalan Propinsi;Jalan raya Ds. Cerme kidul Kec. Cerme Kab. Gresik;Cerme;Kecelakaan Ringan ;26-45;Laki-laki;R2 (Sepeda Motor)
Di ruas jalan, pejalan kaki menyeberang dari kanan ke kiri;0;1;0;-7,055709853;112,5789625;Timur (90°);Gelap / Sulit Terlihat;Cerah;Lokal / Lingkungan;II (Jalan Sedang utk beban s/d 10 ton & 12m  Panjang Ran);Lurus;2/2 TB (2 Lajur/2 Arah Tanpa Batas Median);50;Jalan Kota / Kabupaten;Jalan Raya Desa Sukorejo Kecamatan Bungah Kabupaten Gresik;Bungah;Kecelakaan Ringan ;<17;Laki-laki;R2 (Sepeda Motor)
Di ruas jalan, pejalan kaki menyeberang dari kanan ke kiri;0;2;0;-7,352554443;112,6070126;Barat (270°);Terang / Jelas;Cerah;Lokal / Lingkungan;III (Jalan Kecil utk max beban 8 ton & 9 m Panjang Ran);Lurus;2/2 TB (2 Lajur/2 Arah Tanpa Batas Median);40;Jalan Desa;Jalan Umum Desa Kesamben Wetan Kecamatan Driyorejo Kabupaten Gresik;Driyorejo;Kecelakaan Ringan ;17-25;Perempuan;R2 (Sepeda Motor)
Di ruas jalan, pejalan kaki menyeberang dari kanan ke kiri;0;2;0;-7,166366143;112,5601834;Timur (90°);Terang / Jelas;Cerah;Arteri;I (Jalan Besar utk beban 10 ton & max 18 m Panjang Ran);Lurus;4/2 B (4 Lajur/2 Arah dengan Batas Median);50;Jalan Nasional;Jalan Raya Desa Ambeng-ambeng Kecamatan Duduksampeyan Kabupaten Gresik;Duduk Sampeyan;Kecelakaan Ringan ;26-45;Laki-laki;R2 (Sepeda Motor)
Di ruas jalan, pejalan kaki menyeberang dari kanan ke kiri;0;1;0;-7,128706642;112,6101523;Selatan (180°);Terang / Jelas;Cerah;Lokal / Lingkungan;II (Jalan Sedang utk beban s/d 10 ton & 12m  Panjang Ran);Lurus;2/2 TB (2 Lajur/2 Arah Tanpa Batas Median);50;Jalan Kota / Kabupaten;Jalan Raya Ds. Pongangan Kec. Manyar Kab. Gresik;Manyar;Kecelakaan Ringan ;<17;Laki-laki;R2 (Sepeda Motor)
Di ruas jalan, pejalan kaki menyeberang dari kanan ke kiri;0;1;0;-7,106144229;112,591258;Barat (270°);Terang / Jelas;Cerah;Arteri;I (Jalan Besar utk beban 10 ton & max 18 m Panjang Ran);Lurus;2/2 TB (2 Lajur/2 Arah Tanpa Batas Median);50;Jalan Nasional;Jalan Raya Ds. Manyarejo Kec. Manyar Kab. Gresik;Manyar;Kecelakaan Ringan ;<17;Perempuan;R2 (Sepeda Motor)
Di ruas jalan, pejalan kaki menyeberang dari kanan ke kiri;0;2;0;-7,361597645;112,5208896;Selatan (180°);Terang / Jelas;Cerah;Lokal / Lingkungan;III (Jalan Kecil utk max beban 8 ton & 9 m Panjang Ran);Lurus;2/2 TB (2 Lajur/2 Arah Tanpa Batas Median);40;Jalan Desa;Jalan Umum Ds. Pedagangan Kec. Wringinanom Kab. Gresik;Wringinanom;Kecelakaan Ringan ;17-25;Laki-laki;R2 (Sepeda Motor)
Di ruas jalan, pejalan kaki menyeberang dari kanan ke kiri;0;1;0;-7,369720502;112,5974615;Barat (270°);Terang / Jelas;Cerah;Lokal / Lingkungan;II (Jalan Sedang utk beban s/d 10 ton & 12m  Panjang Ran);Lurus;2/2 TB (2 Lajur/2 Arah Tanpa Batas Median);40;Jalan Kota / Kabupaten;Jalan Raya Desa Driyorejo Kecamatan Driyorejo Kabupaten Gresik;Driyorejo;Kecelakaan Ringan ;26-45;Laki-laki;R2 (Sepeda Motor)
Di ruas jalan, pejalan kaki menyeberang dari kanan ke kiri;0;1;0;-7,153365536;112,5183856;Timur (90°);Terang / Jelas;Cerah;Arteri;I (Jalan Besar utk beban 10 ton & max 18 m Panjang Ran);Lurus;4/2 B (4 Lajur/2 Arah dengan Batas Median);50;Jalan Nasional;Jalan Raya Ds. Duduksampeyan Kec. Duduksampeyan Kab. Gresik;Duduk Sampeyan;Kecelakaan Ringan ;17-25;Laki-laki;R2 (Sepeda Motor)
Di ruas jalan, pejalan kaki menyeberang dari kanan ke kiri;0;2;0;-7,326115235;112,5768843;Utara (0°);Terang / Jelas;Cerah;Lokal / Lingkungan;III (Jalan Kecil utk max beban 8 ton & 9 m Panjang Ran);Lurus;2/2 TB (2 Lajur/2 Arah Tanpa Batas Median);40;Jalan Desa;Jalan Umum Ds. Ngepung Kec. Kedamean Kab. Gresik;Kedamean;Kecelakaan Ringan ;17-25;Perempuan;R2 (Sepeda Motor)
Di ruas jalan, pejalan kaki menyeberang dari kanan ke kiri;0;1;0;-7,160440356;112,5315423;Timur (90°);Terang / Jelas;Cerah;Arteri;I (Jalan Besar utk beban 10 ton & max 18 m Panjang Ran);Lurus;4/2 B (4 Lajur/2 Arah dengan Batas Median);50;Jalan Nasional;Jalan Raya Ds. Samirplapan Kec. Duduksampeyan Kab. Gresik;Duduk Sampeyan;Kecelakaan Ringan ;26-45;Laki-laki;R2 (Sepeda Motor)
Di ruas jalan, pejalan kaki menyeberang dari kanan ke kiri;0;1;0;-7,066203811;112,5757974;Utara (0°);Gelap / Sulit Terlihat;Cerah;Arteri;I (Jalan Besar utk beban 10 ton & max 18 m Panjang Ran);Lurus;2/2 TB (2 Lajur/2 Arah Tanpa Batas Median);40;Jalan Nasional;Jalan Raya Ds. Sembayat Kec. Manyar Kab. Gresik;Manyar;Kecelakaan Ringan ;<17;Laki-laki;R2 (Sepeda Motor)
Di ruas jalan, pejalan kaki menyeberang dari kanan ke kiri;0;1;0;-7,265210411;112,4762286;Barat (270°);Terang / Jelas;Cerah;Lokal / Lingkungan;II (Jalan Sedang utk beban s/d 10 ton & 12m  Panjang Ran);Lurus;2/2 TB (2 Lajur/2 Arah Tanpa Batas Median);40;Jalan Kota / Kabupaten;Jalan Raya Ds. Kedungrukem Kec. Benjeng Kab. Gresik;Benjeng;Kecelakaan Ringan ;<17;Laki-laki;R2 (Sepeda Motor)
Di ruas jalan, pejalan kaki menyeberang dari kanan ke kiri;0;1;0;-7,154284982;112,520276;Barat (270°);Terang / Jelas;Cerah;Arteri;I (Jalan Besar utk beban 10 ton & max 18 m Panjang Ran);Lurus;2/2 TB (2 Lajur/2 Arah Tanpa Batas Median);40;Jalan Nasional;Jalan Raya Duduksampeyan Kec Duduksampeyan  Kab. Gresik;Duduk Sampeyan;Kecelakaan Ringan;;Laki-laki;R2 (Sepeda Motor)
Di ruas jalan, pejalan kaki menyeberang dari kanan ke kiri;0;2;0;-7,167216188;112,6032357;Barat (270°);Terang / Jelas;Cerah;Lokal / Lingkungan;II (Jalan Sedang utk beban s/d 10 ton & 12m  Panjang Ran);Lurus;4/2 B (4 Lajur/2 Arah dengan Batas Median);40;Jalan Kota / Kabupaten;Jalan Raya Dr. Wahidin Sudirohusodo  Kel. Kembangan Kec. Kebomas Kab. Gresik;Kebomas;Kecelakaan Ringan ;17-25;Laki-laki;R2 (Sepeda Motor)
Di ruas jalan, pejalan kaki menyeberang dari kanan ke kiri;0;1;0;-7,010091047;112,5184135;Timur (90°);Terang / Jelas;Cerah;Lokal / Lingkungan;II (Jalan Sedang utk beban s/d 10 ton & 12m  Panjang Ran);Lurus;2/2 TB (2 Lajur/2 Arah Tanpa Batas Median);40;Jalan Kota / Kabupaten;Jalan Raya Ds. Padang Bandung Kec. Dukun Kab. Gresik;Dukun;Kecelakaan Ringan ;26-45;Laki-laki;R2 (Sepeda Motor)
Di ruas jalan, pejalan kaki menyeberang dari kanan ke kiri;0;1;0;-7,159245497;112,6550402;Selatan (180°);Terang / Jelas;Cerah;Lokal / Lingkungan;II (Jalan Sedang utk beban s/d 10 ton & 12m  Panjang Ran);Lurus;2/2 TB (2 Lajur/2 Arah Tanpa Batas Median);50;Jalan Kota / Kabupaten;Jalan Raya Pahlawan Kel. Tlogobendung Kec. Gresik;Gresik;Kecelakaan Ringan ;17-25;Laki-laki;R2 (Sepeda Motor)
Di ruas jalan, pejalan kaki menyeberang dari kanan ke kiri;0;1;0;-7,406414211;112,5009526;Barat (270°);Terang / Jelas;Cerah;Lokal / Lingkungan;II (Jalan Sedang utk beban s/d 10 ton & 12m  Panjang Ran);Lurus;2/2 TB (2 Lajur/2 Arah Tanpa Batas Median);40;Jalan Kota / Kabupaten;Jalan Raya Ds. Kedunganyar Kec. Wringinanom Kab. Gresik;Wringinanom;Kecelakaan Ringan;;Perempuan;R2 (Sepeda Motor)
Di ruas jalan, pejalan kaki menyeberang dari kanan ke kiri;0;1;0;-7,152454663;112,6505719;Barat (270°);Terang / Jelas;Cerah;Lokal / Lingkungan;II (Jalan Sedang utk beban s/d 10 ton & 12m  Panjang Ran);Lurus;2/1 (2 Lajur/1 Arah);40;Jalan Kota / Kabupaten;Jalan Raya Gubernur Suryo Ds. Lumpur Kec. Gresik;Gresik;Kecelakaan Ringan ;26-45;Laki-laki;R2 (Sepeda Motor)
Di ruas jalan, pejalan kaki menyeberang dari kanan ke kiri;0;2;0;-7,295426277;112,5968158;Barat (270°);Terang / Jelas;Cerah;Lokal / Lingkungan;II (Jalan Sedang utk beban s/d 10 ton & 12m  Panjang Ran);Lurus;2/2 TB (2 Lajur/2 Arah Tanpa Batas Median);40;Jalan Kota / Kabupaten;Jalan Raya Balongdinding Ds. Sidowungu Kec. Menganti Kab. Gresik;Menganti;Kecelakaan Ringan ;26-45;Laki-laki;R2 (Sepeda Motor)
Di ruas jalan, pejalan kaki menyeberang dari kanan ke kiri;0;1;0;-7,140122282;112,4951089;Barat (270°);Terang / Jelas;Cerah;Arteri;I (Jalan Besar utk beban 10 ton & max 18 m Panjang Ran);Lurus;4/2 B (4 Lajur/2 Arah dengan Batas Median);50;Jalan Nasional;Jalan Raya Ds. Tumapel Kec. Duduksampeyan Kab. Gresik;Duduk Sampeyan;Kecelakaan Ringan ;17-25;Laki-laki;R2 (Sepeda Motor)
Di ruas jalan, pejalan kaki menyeberang dari kanan ke kiri;0;1;0;-7,14137099;112,6042799;Timur (90°);Terang / Jelas;Cerah;Lokal / Lingkungan;II (Jalan Sedang utk beban s/d 10 ton & 12m  Panjang Ran);Lurus;2/2 TB (2 Lajur/2 Arah Tanpa Batas Median);40;Jalan Kota / Kabupaten;Jalan Kyai H. Syafi’i Kel. Pongangan Kec. Manyar Kab. Gresik;Manyar;Kecelakaan Ringan ;<17;Laki-laki;R2 (Sepeda Motor)
Di ruas jalan, pejalan kaki menyeberang dari kanan ke kiri;0;2;0;-7,234811799;112,5647126;Selatan (180°);Terang / Jelas;Cerah;Kolektor;I (Jalan Besar utk beban 10 ton & max 18 m Panjang Ran);Lurus;2/2 TB (2 Lajur/2 Arah Tanpa Batas Median);40;Jalan Propinsi;Jalan Raya Ds. Cerme Kidul Kec. Cerme Kab. Gresik;Cerme;Kecelakaan Ringan ;17-25;Perempuan;R2 (Sepeda Motor)
Di ruas jalan, pejalan kaki menyeberang dari kanan ke kiri;0;1;0;-7,265131316;112,4772172;Timur (90°);Terang / Jelas;Cerah;Lokal / Lingkungan;II (Jalan Sedang utk beban s/d 10 ton & 12m  Panjang Ran);Lurus;2/2 TB (2 Lajur/2 Arah Tanpa Batas Median);50;Jalan Kota / Kabupaten;Jalan Raya Ds. Kedungrukem Kec. Benjeng Kab. Gresik;Benjeng;Kecelakaan Ringan ;17-25;Laki-laki;R2 (Sepeda Motor)
Di ruas jalan, pejalan kaki menyeberang dari kanan ke kiri;0;1;0;-7,15789174;112,6536497;Timur (90°);Terang / Jelas;Cerah;Lokal / Lingkungan;II (Jalan Sedang utk beban s/d 10 ton & 12m  Panjang Ran);Lurus;2/2 TB (2 Lajur/2 Arah Tanpa Batas Median);40;Jalan Kota / Kabupaten;Jalan Mh. Thamrin Kel. Tlogobendung Kec. Gresik;Gresik;Kecelakaan Ringan ;;Laki-laki;R2 (Sepeda Motor)
Di ruas jalan, pejalan kaki menyeberang dari kanan ke kiri;0;1;0;-7,263436559;112,4953786;Timur (90°);Terang / Jelas;Cerah;Lokal / Lingkungan;II (Jalan Sedang utk beban s/d 10 ton & 12m  Panjang Ran);Lurus;2/2 TB (2 Lajur/2 Arah Tanpa Batas Median);50;Jalan Kota / Kabupaten;Jalan Raya Ds. Bulurejo Kec. Benjeng Kab. Gresik;Benjeng;Kecelakaan Ringan ;26-45;Laki-laki;R2 (Sepeda Motor)
Di ruas jalan, pejalan kaki menyeberang dari kanan ke kiri;0;1;0;-6,926314976;112,4668482;Timur (90°);Terang / Jelas;Cerah;Arteri;I (Jalan Besar utk beban 10 ton & max 18 m Panjang Ran);Lurus;2/2 TB (2 Lajur/2 Arah Tanpa Batas Median);40;Jalan Nasional;Jalan Raya Ds. Surowiti Kec. Panceng Kab. Gresik;Panceng;Kecelakaan Ringan ;17-25;Laki-laki;R2 (Sepeda Motor)
Di ruas jalan, pejalan kaki menyeberang dari kanan ke kiri;0;1;0;-7,150126272;112,6576307;Timur (90°);Terang / Jelas;Cerah;Lokal / Lingkungan;II (Jalan Sedang utk beban s/d 10 ton & 12m  Panjang Ran);Lurus;2/2 TB (2 Lajur/2 Arah Tanpa Batas Median);40;Jalan Kota / Kabupaten;Jalan Martadinata Kel. Pekeling Kec. Gresik;Gresik;Kecelakaan Ringan ;26-45;Laki-laki;R2 (Sepeda Motor)
Di ruas jalan, pejalan kaki menyeberang dari kanan ke kiri;0;2;0;-7,173679545;112,5835519;Selatan (180°);Terang / Jelas;Cerah;Arteri;I (Jalan Besar utk beban 10 ton & max 18 m Panjang Ran);Lurus;2/2 TB (2 Lajur/2 Arah Tanpa Batas Median);40;Jalan Nasional;Jalan Raya Ds. Banjarsari Kec. Cerme Kab. Gresik;Cerme;Kecelakaan Ringan ;17-25;Perempuan;R2 (Sepeda Motor)
Di ruas jalan, pejalan kaki menyeberang dari kanan ke kiri;0;1;0;-7,169629665;112,6612482;Utara (0°);Terang / Jelas;Cerah;Lokal / Lingkungan;II (Jalan Sedang utk beban s/d 10 ton & 12m  Panjang Ran);Lurus;2/2 TB (2 Lajur/2 Arah Tanpa Batas Median);50;Jalan Kota / Kabupaten;Jalan Raya Harun tohir Kelurahan Pulopancikan Kecamatan Gresik;Gresik;Kecelakaan Ringan ;46-65;Laki-laki;R2 (Sepeda Motor)
Tabrakan dengan Kendaraan menyebrang dari sisi kiri jalan;0;1;0;-7,369521125;112,5985268;Selatan (180°);Terang / Jelas;Cerah;Lokal / Lingkungan;II (Jalan Sedang utk beban s/d 10 ton & 12m  Panjang Ran);Lurus;2/2 TB (2 Lajur/2 Arah Tanpa Batas Median);40;Jalan Kota / Kabupaten;Jalan Raya Ds. Semambung Kec. Driyorejo Kab. Gresik;Driyorejo;Kecelakaan Ringan ;26-45;Laki-laki;R2 (Sepeda Motor)
Tabrakan dengan Kendaraan menyebrang dari sisi kiri jalan;0;1;0;-7,257303756;112,5162478;Utara (0°);Terang / Jelas;Cerah;Lokal / Lingkungan;II (Jalan Sedang utk beban s/d 10 ton & 12m  Panjang Ran);Lurus;2/2 TB (2 Lajur/2 Arah Tanpa Batas Median);40;Jalan Kota / Kabupaten;Jalan Raya Ds. Dadapkuning Kec. Cerme Kab. Gresik;Cerme;Kecelakaan Ringan ;;Laki-laki;R2 (Sepeda Motor)
Tabrakan dengan Kendaraan menyebrang dari sisi kiri jalan;0;1;0;-7,265451144;112,4734065;Selatan (180°);Terang / Jelas;Cerah;Lokal / Lingkungan;II (Jalan Sedang utk beban s/d 10 ton & 12m  Panjang Ran);Lurus;2/2 TB (2 Lajur/2 Arah Tanpa Batas Median);40;Jalan Kota / Kabupaten;Jalan Raya Desa Kedungrukem Kecamatan Benjeng Kabupaten Gresik;Benjeng;Kecelakaan Ringan ;46-65;Laki-laki;R2 (Sepeda Motor)
Tabrakan dengan Kendaraan menyebrang dari sisi kiri jalan;0;2;0;-7,257911899;112,5142457;Utara (0°);Gelap / Sulit Terlihat;Cerah;Lokal / Lingkungan;II (Jalan Sedang utk beban s/d 10 ton & 12m  Panjang Ran);Lurus;2/2 TB (2 Lajur/2 Arah Tanpa Batas Median);40;Jalan Kota / Kabupaten;Jalan Raya Desa Dadapkuning Kecamatan Cerme Kabupaten Gresik;Cerme;Kecelakaan Ringan ;17-25;Laki-laki;R2 (Sepeda Motor)
Tabrakan dengan Kendaraan menyebrang dari sisi kiri jalan;0;2;0;-7,252410914;112,4996387;Timur (90°);Terang / Jelas;Cerah;Lokal / Lingkungan;II (Jalan Sedang utk beban s/d 10 ton & 12m  Panjang Ran);Lurus;2/2 TB (2 Lajur/2 Arah Tanpa Batas Median);40;Jalan Kota / Kabupaten;Jalan Raya Ds. Klampok Kec. Benjeng Kab. Gresik;Benjeng;Kecelakaan Ringan ;46-65;Perempuan;R2 (Sepeda Motor)
Tabrakan dengan Kendaraan menyebrang dari sisi kiri jalan;0;2;0;-7,380369895;112,5114783;Utara (0°);Terang / Jelas;Cerah;Lokal / Lingkungan;II (Jalan Sedang utk beban s/d 10 ton & 12m  Panjang Ran);Lurus;2/2 TB (2 Lajur/2 Arah Tanpa Batas Median);40;Jalan Kota / Kabupaten;Jalan Raya Desa Sumberrame Kecamatan Wringinanom Kabupaten Gresik;Wringinanom;Kecelakaan Ringan ;46-65;Laki-laki;R2 (Sepeda Motor)
Tabrakan dengan Kendaraan menyebrang dari sisi kiri jalan;0;2;0;-7,28455926;112,5637962;Timur (90°);Terang / Jelas;Cerah;Kolektor;I (Jalan Besar utk beban 10 ton & max 18 m Panjang Ran);Lurus;2/2 TB (2 Lajur/2 Arah Tanpa Batas Median);40;Jalan Propinsi;Jalan Raya Ds. Domas Kec. Menganti Kab. Gresik;Menganti;Kecelakaan Ringan ;<17;Perempuan;R2 (Sepeda Motor)
Tabrakan dengan Kendaraan menyebrang dari sisi kiri jalan;0;1;0;-7,131596961;112,612805;Timur (90°);Terang / Jelas;Cerah;Lokal / Lingkungan;II (Jalan Sedang utk beban s/d 10 ton & 12m  Panjang Ran);Lurus;2/2 TB (2 Lajur/2 Arah Tanpa Batas Median);40;Jalan Kota / Kabupaten;Jalan Raya Ds. Sukomulyo Kec. Manyar Kab. Gresik;Manyar;Kecelakaan Ringan ;17-25;Laki-laki;R2 (Sepeda Motor)
Tabrakan dengan Kendaraan menyebrang dari sisi kiri jalan;0;1;0;-7,160850807;112,6227006;Utara (0°);Terang / Jelas;Cerah;Lokal / Lingkungan;II (Jalan Sedang utk beban s/d 10 ton & 12m  Panjang Ran);Lurus;4/2 B (4 Lajur/2 Arah dengan Batas Median);40;Jalan Kota / Kabupaten;Jalan Raya Dr. Wahidin Sudirohusodo  Kelurahan Randuagung Kecamatan Kebomas Kabupaten Gresik;Kebomas;Kecelakaan Ringan ;17-25;Perempuan;R2 (Sepeda Motor)
Tabrakan dengan Kendaraan menyebrang dari sisi kiri jalan;0;3;0;-7,370783171;112,5875355;Selatan (180°);Terang / Jelas;Cerah;Lokal / Lingkungan;II (Jalan Sedang utk beban s/d 10 ton & 12m  Panjang Ran);Lurus;2/2 TB (2 Lajur/2 Arah Tanpa Batas Median);50;Jalan Kota / Kabupaten;Jalan Raya Desa Krikilan Kecamatan Driyorejo Kabupaten Gresik;Driyorejo;Kecelakaan Ringan ;17-25;Perempuan;R2 (Sepeda Motor)
Tabrakan dengan Kendaraan menyebrang dari sisi kiri jalan;0;1;0;-7,349181982;112,4936431;Barat (270°);Terang / Jelas;Cerah;Lokal / Lingkungan;III (Jalan Kecil utk max beban 8 ton & 9 m Panjang Ran);Lurus;2/2 TB (2 Lajur/2 Arah Tanpa Batas Median);40;Jalan Desa;Jalan Umum Ds. Kesamben Kulon Kec. Wringinanom Kab. Gresik;Wringinanom;Kecelakaan Ringan ;46-65;Perempuan;R2 (Sepeda Motor)
Tabrakan dengan Kendaraan menyebrang dari sisi kiri jalan;0;3;0;-7,1652079;112,5508168;Utara (0°);Terang / Jelas;Cerah;Arteri;I (Jalan Besar utk beban 10 ton & max 18 m Panjang Ran);Lurus;2/2 TB (2 Lajur/2 Arah Tanpa Batas Median);40;Jalan Nasional;Jalan Raya Ds. Tebaloan Kec. Duduksampeyan Kab. Gresik;Duduk Sampeyan;Kecelakaan Ringan ;17-25;Laki-laki;R2 (Sepeda Motor)
Tabrakan dengan Kendaraan menyebrang dari sisi kiri jalan;0;1;0;-7,13896859;112,4917282;Selatan (180°);Terang / Jelas;Cerah;Lokal / Lingkungan;II (Jalan Sedang utk beban s/d 10 ton & 12m  Panjang Ran);Lurus;2/2 TB (2 Lajur/2 Arah Tanpa Batas Median);40;Jalan Kota / Kabupaten;Jalan Raya Ds. Tambakrejo Kec. Duduk Sampeyan Kab. Gresik;Duduk Sampeyan;Kecelakaan Ringan ;<17;Perempuan;R2 (Sepeda Motor)
Tabrakan dengan Kendaraan menyebrang dari sisi kiri jalan;0;2;0;-7,290577754;112,5652082;Selatan (180°);Terang / Jelas;Cerah;Lokal / Lingkungan;II (Jalan Sedang utk beban s/d 10 ton & 12m  Panjang Ran);Lurus;2/2 TB (2 Lajur/2 Arah Tanpa Batas Median);50;Jalan Kota / Kabupaten;Jalan Raya Ds. Bringkang Kec. Menganti Kab. Gresik;Menganti;Kecelakaan Ringan ;;Laki-laki;R2 (Sepeda Motor)
Tabrakan dengan Kendaraan menyebrang dari sisi kiri jalan;0;2;0;-7,159631939;112,6183887;Barat (270°);Terang / Jelas;Cerah;Lokal / Lingkungan;II (Jalan Sedang utk beban s/d 10 ton & 12m  Panjang Ran);Lurus;2/2 TB (2 Lajur/2 Arah Tanpa Batas Median);40;Jalan Kota / Kabupaten;Jalan Raya Dr. Wahidin Sudirohusodo  Ds. Randuagung Kec. Kebomas Kab. Gresik;Kebomas;Kecelakaan Ringan ;46-65;Laki-laki;R2 (Sepeda Motor)
Tabrakan dengan Kendaraan menyebrang dari sisi kiri jalan;0;2;0;-7,349438474;112,5084633;Utara (0°);Terang / Jelas;Cerah;Lokal / Lingkungan;II (Jalan Sedang utk beban s/d 10 ton & 12m  Panjang Ran);Lurus;2/2 TB (2 Lajur/2 Arah Tanpa Batas Median);40;Jalan Kota / Kabupaten;Jalan Raya Ds. Sooko Kec. Wringinanom Kab. Gresik;Wringinanom;Kecelakaan Ringan ;<17;Laki-laki;R2 (Sepeda Motor)
Tabrakan dengan Kendaraan menyebrang dari sisi kiri jalan;0;2;0;-7,254916687;112,5301625;Selatan (180°);Terang / Jelas;Cerah;Lokal / Lingkungan;II (Jalan Sedang utk beban s/d 10 ton & 12m  Panjang Ran);Lurus;2/2 TB (2 Lajur/2 Arah Tanpa Batas Median);50;Jalan Kota / Kabupaten;Jalan Raya Ds. Ngembung Kec. Cerme Kab. Gresik;Cerme;Kecelakaan Ringan ;26-45;Laki-laki;R2 (Sepeda Motor)
Tabrakan dengan Kendaraan menyebrang dari sisi kiri jalan;0;1;0;-7,351281104;112,5696783;Timur (90°);Terang / Jelas;Cerah;Kolektor;I (Jalan Besar utk beban 10 ton & max 18 m Panjang Ran);Lurus;2/2 TB (2 Lajur/2 Arah Tanpa Batas Median);40;Jalan Propinsi;Jalan Raya Ds. Karangandong Kec. Driyorejo Kab. Gresik;Driyorejo;Kecelakaan Ringan ;46-65;Laki-laki;Truk Berat / Tronton
Tabrakan dengan Kendaraan menyebrang dari sisi kiri jalan;0;2;0;-7,325055457;112,5662344;Barat (270°);Terang / Jelas;Cerah;Kolektor;I (Jalan Besar utk beban 10 ton & max 18 m Panjang Ran);Lurus;2/2 TB (2 Lajur/2 Arah Tanpa Batas Median);50;Jalan Propinsi;Jalan Raya Desa Kedamean Kecamatan Kedamean Kabupaten Gresik;Kedamean;Kecelakaan Ringan ;17-25;Laki-laki;R2 (Sepeda Motor)
Tabrakan dengan Kendaraan menyebrang dari sisi kiri jalan;1;0;0;-7,138186095;112,4919833;Selatan (180°);Terang / Jelas;Cerah;Arteri;I (Jalan Besar utk beban 10 ton & max 18 m Panjang Ran);Lurus;4/2 B (4 Lajur/2 Arah dengan Batas Median);40;Jalan Nasional;Jalan Raya Ds. Glanggang Kec. Duduksampeyan Kab. Gresik;Duduk Sampeyan;Kecelakaan Berat ;26-45;Laki-laki;Pick up
Tabrakan dengan Kendaraan menyebrang dari sisi kiri jalan;0;3;0;-7,246378638;112,581689;Utara (0°);Terang / Jelas;Cerah;Lokal / Lingkungan;II (Jalan Sedang utk beban s/d 10 ton & 12m  Panjang Ran);Lurus;2/2 TB (2 Lajur/2 Arah Tanpa Batas Median);40;Jalan Kota / Kabupaten;Jalan Raya Ds. Hendrosari Kec. Menganti Kab. Gresik;Menganti;Kecelakaan Ringan ;26-45;Perempuan;R2 (Sepeda Motor)
Tabrakan dengan Kendaraan menyebrang dari sisi kiri jalan;0;2;0;-6,971847428;112,4522234;Utara (0°);Terang / Jelas;Cerah;Lokal / Lingkungan;II (Jalan Sedang utk beban s/d 10 ton & 12m  Panjang Ran);Lurus;2/2 TB (2 Lajur/2 Arah Tanpa Batas Median);40;Jalan Kota / Kabupaten;Jalan Raya Desa Mentaras Kecamatan Dukun Kabupaten Gresik;Dukun;Kecelakaan Ringan ;;Laki-laki;R2 (Sepeda Motor)
Tabrakan dengan Kendaraan menyebrang dari sisi kiri jalan;0;2;0;-6,988746863;112,5042105;Selatan (180°);Terang / Jelas;Cerah;Lokal / Lingkungan;II (Jalan Sedang utk beban s/d 10 ton & 12m  Panjang Ran);Lurus;2/2 TB (2 Lajur/2 Arah Tanpa Batas Median);50;Jalan Kota / Kabupaten;Jalan Raya Ds. Sambogunung Kec. Dukun Kab. Gresik;Dukun;Kecelakaan Ringan ;17-25;Laki-laki;R2 (Sepeda Motor)
Tabrakan dengan Kendaraan menyebrang dari sisi kiri jalan;0;1;0;-7,225023786;112,5481388;Utara (0°);Terang / Jelas;Cerah;Lokal / Lingkungan;II (Jalan Sedang utk beban s/d 10 ton & 12m  Panjang Ran);Lurus;2/2 TB (2 Lajur/2 Arah Tanpa Batas Median);60;Jalan Kota / Kabupaten;Jalan Raya Ds. Kambingan Kec. Cerme Kab. Gresik;Cerme;Kecelakaan Ringan ;26-45;Laki-laki;R2 (Sepeda Motor)
Tabrakan dengan Kendaraan menyebrang dari sisi kiri jalan;0;1;0;-7,366574513;112,612579;Timur (90°);Terang / Jelas;Cerah;Lokal / Lingkungan;II (Jalan Sedang utk beban s/d 10 ton & 12m  Panjang Ran);Lurus;2/2 TB (2 Lajur/2 Arah Tanpa Batas Median);50;Jalan Kota / Kabupaten;Jalan Raya Ds. Driyorejo Kec. Driyorejo Kab. Gresik;Driyorejo;Kecelakaan Ringan ;17-25;Laki-laki;R2 (Sepeda Motor)
Tabrakan dengan Kendaraan menyebrang dari sisi kiri jalan;0;4;0;-7,1449503;112,5034577;Selatan (180°);Terang / Jelas;Cerah;Arteri;I (Jalan Besar utk beban 10 ton & max 18 m Panjang Ran);Lurus;4/2 TB (4 Lajur/2 Arah Tanpa Batas Median);50;Jalan Nasional;Jalan Raya Ds. Tambakrejo Kec. Duduksampeyan Kab. Gresik;Duduk Sampeyan;Kecelakaan Ringan;;Laki-laki;R2 (Sepeda Motor)
Tabrakan dengan Kendaraan menyebrang dari sisi kiri jalan;0;1;1;-7,342623826;112,6296042;Timur (90°);Terang / Jelas;Cerah;Lokal / Lingkungan;II (Jalan Sedang utk beban s/d 10 ton & 12m  Panjang Ran);Lurus;2/2 TB (2 Lajur/2 Arah Tanpa Batas Median);50;Jalan Kota / Kabupaten;Jalan Raya Desa Petiken Kecamatan Driyorejo Kabupaten Gresik;Driyorejo;Kecelakaan Fatal ;26-45;Laki-laki;R2 (Sepeda Motor)
Tabrakan dengan Kendaraan menyebrang dari sisi kiri jalan;0;2;0;-7,366089294;112,6305597;Selatan (180°);Gelap / Sulit Terlihat;Cerah;Kolektor;I (Jalan Besar utk beban 10 ton & max 18 m Panjang Ran);Lurus;2/2 TB (2 Lajur/2 Arah Tanpa Batas Median);50;Jalan Propinsi;Jalan Raya Ds. Cangkir Kec. Driyorejo Kab. Gresik;Driyorejo;Kecelakaan Ringan ;26-45;Laki-laki;R2 (Sepeda Motor)
Tabrakan dengan Kendaraan menyebrang dari sisi kiri jalan;0;2;0;-7,221994411;112,5056272;Utara (0°);Terang / Jelas;Cerah;Lokal / Lingkungan;II (Jalan Sedang utk beban s/d 10 ton & 12m  Panjang Ran);Lurus;2/2 TB (2 Lajur/2 Arah Tanpa Batas Median);50;Jalan Kota / Kabupaten;Jalan Raya Desa Metatu Kecamatan Benjeng Kabupaten Gresik;Benjeng;Kecelakaan Ringan ;26-45;Perempuan;R2 (Sepeda Motor)
Tabrakan dengan Kendaraan menyebrang dari sisi kiri jalan;0;1;0;-7,359527401;112,6516662;Utara (0°);Terang / Jelas;Cerah;Kolektor;I (Jalan Besar utk beban 10 ton & max 18 m Panjang Ran);Lurus;2/2 TB (2 Lajur/2 Arah Tanpa Batas Median);50;Jalan Propinsi;Jalan Raya Ds. Bambe Kec. Driyorejo Kab. Gresik;Driyorejo;Kecelakaan Ringan ;26-45;Laki-laki;R2 (Sepeda Motor)
Tabrakan dengan Kendaraan menyebrang dari sisi kiri jalan;0;1;0;-6,956195404;112,5040606;Utara (0°);Terang / Jelas;Cerah;Arteri;I (Jalan Besar utk beban 10 ton & max 18 m Panjang Ran);Lurus;2/2 TB (2 Lajur/2 Arah Tanpa Batas Median);40;Jalan Nasional;Jalan Raya Ds. Sekapuk Kec. Ujungpangkah Kab. Gresik;Ujungpangkah;Kecelakaan Ringan ;17-25;Laki-laki;R2 (Sepeda Motor)
Tabrakan dengan Kendaraan menyebrang dari sisi kiri jalan;0;1;0;-7,162873184;112,6314436;Utara (0°);Terang / Jelas;Cerah;Lokal / Lingkungan;II (Jalan Sedang utk beban s/d 10 ton & 12m  Panjang Ran);Lurus;2/2 TB (2 Lajur/2 Arah Tanpa Batas Median);50;Jalan Kota / Kabupaten;Jalan Raya Dr. Wahidin Sudirohusodo  Kec. Kebomas Kab. Gresik;Kebomas;Kecelakaan Ringan ;<17;Perempuan;R2 (Sepeda Motor)
Tabrakan dengan Kendaraan menyebrang dari sisi kiri jalan;0;2;0;-7,162874483;112,6314721;Utara (0°);Gelap / Sulit Terlihat;Cerah;Lokal / Lingkungan;II (Jalan Sedang utk beban s/d 10 ton & 12m  Panjang Ran);Lurus;2/2 TB (2 Lajur/2 Arah Tanpa Batas Median);50;Jalan Kota / Kabupaten;Jalan Raya Dr. Wahidin Sudirohusodo  Ds. Randuagung Kec. Kebomas Kab. Gresik;Kebomas;Kecelakaan Ringan ;<17;Laki-laki;R2 (Sepeda Motor)
Tabrakan dengan Kendaraan menyebrang dari sisi kiri jalan;0;2;0;-7,029749376;112,5695768;Timur (90°);Terang / Jelas;Cerah;Arteri;I (Jalan Besar utk beban 10 ton & max 18 m Panjang Ran);Lurus;2/2 TB (2 Lajur/2 Arah Tanpa Batas Median);40;Jalan Nasional;Jalan Raya Ds. Kemangi Kec. Bungah Kab. Gresik;Bungah;Kecelakaan Ringan ;17-25;Laki-laki;R2 (Sepeda Motor)
Tabrakan dengan Kendaraan menyebrang dari sisi kiri jalan;0;2;0;-7,264021577;112,4901772;Selatan (180°);Terang / Jelas;Cerah;Lokal / Lingkungan;II (Jalan Sedang utk beban s/d 10 ton & 12m  Panjang Ran);Lurus;2/2 TB (2 Lajur/2 Arah Tanpa Batas Median);50;Jalan Kota / Kabupaten;Jalan Raya Ds. Munggugianti Kec. Benjeng Kab. Gresik;Benjeng;Kecelakaan Ringan ;26-45;Laki-laki;R2 (Sepeda Motor)
Tabrakan saat menyalip dari kiri;0;0;1;-7,040899573;112,5736972;Utara (0°);Gelap / Sulit Terlihat;Cerah;Arteri;I (Jalan Besar utk beban 10 ton & max 18 m Panjang Ran);Lurus;2/2 TB (2 Lajur/2 Arah Tanpa Batas Median);40;Jalan Nasional;Jalan Raya Ds. Abar-Abir Kec. Bungah Kab. Gresik;Bungah;Kecelakaan Fatal ;46-65;Laki-laki;Truk Berat / Tronton
Tabrakan saat menyalip dari kiri;0;1;0;-7,300394874;112,6131976;Timur (90°);Terang / Jelas;Cerah;Lokal / Lingkungan;II (Jalan Sedang utk beban s/d 10 ton & 12m  Panjang Ran);Lurus;2/2 TB (2 Lajur/2 Arah Tanpa Batas Median);40;Jalan Kota / Kabupaten;Jalan Raya Ds. Setro Kec. Menganti Kab. Gresik;Menganti;Kecelakaan Ringan ;<17;Laki-laki;R2 (Sepeda Motor)
Tabrakan saat menyalip dari kiri;0;2;0;-7,169046622;112,5673134;Barat (270°);Terang / Jelas;Cerah;Arteri;I (Jalan Besar utk beban 10 ton & max 18 m Panjang Ran);Lurus;4/2 TB (4 Lajur/2 Arah Tanpa Batas Median);50;Jalan Nasional;Jalan Raya Ds. Ambeng-ambeng Kec. Duduksampeyan Kab. Gresik;Duduk Sampeyan;Kecelakaan Ringan;;Perempuan;R2 (Sepeda Motor)
Tabrakan saat menyalip dari kiri;0;1;0;-7,250432732;112,5627819;Barat (270°);Terang / Jelas;Cerah;Lokal / Lingkungan;II (Jalan Sedang utk beban s/d 10 ton & 12m  Panjang Ran);Lurus;2/2 TB (2 Lajur/2 Arah Tanpa Batas Median);50;Jalan Kota / Kabupaten;Jalan Raya Desa Morowudi Kecamatan Cerme Kabupaten Gresik;Cerme;Kecelakaan Ringan ;26-45;Laki-laki;Trailer 20 Feet
Tabrakan saat menyalip dari kiri;0;2;0;-7,089587616;112,5806898;Barat (270°);Terang / Jelas;Cerah;Arteri;I (Jalan Besar utk beban 10 ton & max 18 m Panjang Ran);Lurus;2/2 TB (2 Lajur/2 Arah Tanpa Batas Median);50;Jalan Nasional;Jalan Raya Ds. Banyuwangi Kec. Manyar Kab. Gresik;Manyar;Kecelakaan Ringan ;<17;Laki-laki;Medium Truk
Tabrakan saat menyalip dari kiri;2;0;0;-7,394718025;112,5363391;Timur (90°);Terang / Jelas;Cerah;Lokal / Lingkungan;II (Jalan Sedang utk beban s/d 10 ton & 12m  Panjang Ran);Lurus;2/2 TB (2 Lajur/2 Arah Tanpa Batas Median);40;Jalan Kota / Kabupaten;Jalan Raya Ds. Wringinanom Kec. Wringinanom Kab. Gresik;Wringinanom;Kecelakaan Berat ;46-65;Laki-laki;Trailer 20 Feet
Tabrakan saat menyalip dari kiri;0;1;1;-7,192869796;112,6456705;Selatan (180°);Terang / Jelas;Cerah;Lokal / Lingkungan;II (Jalan Sedang utk beban s/d 10 ton & 12m  Panjang Ran);Lurus;2/2 TB (2 Lajur/2 Arah Tanpa Batas Median);50;Jalan Kota / Kabupaten;Jalan Raya Veteran Kel. Gulomantung Kec. Kebomas Kab. Gresik;Kebomas;Kecelakaan Fatal ;26-45;Laki-laki;Trailer 20 Feet
Tabrakan saat menyalip dari kiri;0;1;0;-7,225216474;112,5487364;Barat (270°);Terang / Jelas;Cerah;Lokal / Lingkungan;II (Jalan Sedang utk beban s/d 10 ton & 12m  Panjang Ran);Lurus;2/2 TB (2 Lajur/2 Arah Tanpa Batas Median);50;Jalan Kota / Kabupaten;Jalan Raya Ds. Ngabetan Kec. Cerme Kab. Gresik;Cerme;Kecelakaan Ringan ;<17;Laki-laki;R2 (Sepeda Motor)
Tabrakan saat menyalip dari kiri;1;0;0;-7,324324202;112,5661804;Selatan (180°);Terang / Jelas;Cerah;Kolektor;I (Jalan Besar utk beban 10 ton & max 18 m Panjang Ran);Lurus;2/2 TB (2 Lajur/2 Arah Tanpa Batas Median);50;Jalan Propinsi;Jalan Raya Ds. Kedamean Kec. Kedamean Kab. Gresik;Kedamean;Kecelakaan Berat ;;Perempuan;Truck
Tabrakan saat menyalip dari kiri;1;0;0;-7,357436355;112,5711367;Selatan (180°);Gelap / Sulit Terlihat;Cerah;Arteri;I (Jalan Besar utk beban 10 ton & max 18 m Panjang Ran);Lurus;2/2 TB (2 Lajur/2 Arah Tanpa Batas Median);40;Jalan Nasional;Jalan Raya Ds. Karangandong Kec. Driyorejo Kab. Gresik;Driyorejo;Kecelakaan Berat ;26-45;Perempuan;R2 (Sepeda Motor)
Tabrakan saat menyalip dari kiri;1;0;0;-7,112767235;112,5942544;Selatan (180°);Terang / Jelas;Cerah;Arteri;I (Jalan Besar utk beban 10 ton & max 18 m Panjang Ran);Lurus;2/2 TB (2 Lajur/2 Arah Tanpa Batas Median);40;Jalan Nasional;Jalan Raya Ds. Manyarsidomukti Kec. Manyar Kab. Gresik;Manyar;Kecelakaan Berat ;<17;Laki-laki;Mini Truk
Tabrakan saat menyalip dari kiri;0;1;0;-7,390869457;112,5550846;Barat (270°);Terang / Jelas;Cerah;Lokal / Lingkungan;II (Jalan Sedang utk beban s/d 10 ton & 12m  Panjang Ran);Lurus;2/2 TB (2 Lajur/2 Arah Tanpa Batas Median);40;Jalan Kota / Kabupaten;Jalan Raya Ds. Sumengko Kec. Wringinanom Kab. Gresik;Wringinanom;Kecelakaan Ringan ;46-65;Laki-laki;Truk Berat / Tronton
Tabrakan saat menyalip dari kiri;1;0;0;-7,170321086;112,5852712;Utara (0°);Terang / Jelas;Cerah;Kolektor;I (Jalan Besar utk beban 10 ton & max 18 m Panjang Ran);Lurus;2/1 (2 Lajur/1 Arah);40;Jalan Propinsi;Jalan Raya Desa Banjarsari Kecamatan Cerme Kabupaten Gresik;Cerme;Kecelakaan Fatal ;17-25;Perempuan;R2 (Sepeda Motor)
Tabrakan saat menyalip dari kiri;0;1;0;-7,090122038;112,5819393;Selatan (180°);Terang / Jelas;Cerah;Arteri;I (Jalan Besar utk beban 10 ton & max 18 m Panjang Ran);Lurus;2/2 TB (2 Lajur/2 Arah Tanpa Batas Median);40;Jalan Nasional;Jalan Raya Ds. Banyuwangi Kec. Manyar Kab. Gresik;Manyar;Kecelakaan Ringan ;26-45;Laki-laki;R2 (Sepeda Motor)
Tabrakan saat menyalip dari kiri;0;2;0;-7,068714503;112,5752848;Selatan (180°);Terang / Jelas;Cerah;Arteri;I (Jalan Besar utk beban 10 ton & max 18 m Panjang Ran);Lurus;2/2 TB (2 Lajur/2 Arah Tanpa Batas Median);40;Jalan Nasional;Jalan Raya Ds. Sembayat Kec. Manyar Kab. Gresik;Manyar;Kecelakaan Ringan ;17-25;Perempuan;R2 (Sepeda Motor)
Tabrakan saat menyalip dari kiri;0;1;0;-7,250396893;112,5682672;Barat (270°);Terang / Jelas;Cerah;Kolektor;I (Jalan Besar utk beban 10 ton & max 18 m Panjang Ran);Lurus;2/2 TB (2 Lajur/2 Arah Tanpa Batas Median);50;Jalan Propinsi;Jalan Raya Ds. Boboh Kec. Menganti Kab. Gresik;Menganti;Kecelakaan Ringan ;17-25;Perempuan;R2 (Sepeda Motor)
Tabrakan saat menyalip dari kiri;1;0;0;-7,155095568;112,5217057;Timur (90°);Terang / Jelas;Cerah;Arteri;I (Jalan Besar utk beban 10 ton & max 18 m Panjang Ran);Lurus;4/2 B (4 Lajur/2 Arah dengan Batas Median);50;Jalan Nasional;Jalan Raya Ds. Duduksampeyan Kec. Duduksampeyan Kab. Gresik;Duduk Sampeyan;Kecelakaan Berat ;26-45;Laki-laki;Medium Truk
Tabrakan saat menyalip dari kiri;1;0;0;-7,37031905;112,591457;Barat (270°);Terang / Jelas;Cerah;Lokal / Lingkungan;II (Jalan Sedang utk beban s/d 10 ton & 12m  Panjang Ran);Lurus;2/2 TB (2 Lajur/2 Arah Tanpa Batas Median);40;Jalan Kota / Kabupaten;Jalan Raya Ds. Krikilan Kec. Driyorejo Kab. Gresik;Driyorejo;Kecelakaan Berat ;46-65;Laki-laki;R2 (Sepeda Motor)
Tabrakan saat menyalip dari kiri;0;1;0;-7,247223437;112,5791911;Barat (270°);Terang / Jelas;Cerah;Lokal / Lingkungan;II (Jalan Sedang utk beban s/d 10 ton & 12m  Panjang Ran);Lurus;2/2 TB (2 Lajur/2 Arah Tanpa Batas Median);40;Jalan Kota / Kabupaten;Jalan Raya Desa Hendrosari Kecamatan Menganti Kabupaten Gresik;Menganti;Kecelakaan Ringan ;<17;Perempuan;Mini Truk
Tabrakan saat menyalip dari kiri;0;1;0;-6,951076192;112,5561259;Utara (0°);Terang / Jelas;Cerah;Lokal / Lingkungan;II (Jalan Sedang utk beban s/d 10 ton & 12m  Panjang Ran);Lurus;2/2 TB (2 Lajur/2 Arah Tanpa Batas Median);50;Jalan Kota / Kabupaten;Jalan Raya Ds. Karangrejo Kec. Ujungpangkah Kab. Gresik;Ujungpangkah;Kecelakaan Ringan ;26-45;Laki-laki;R2 (Sepeda Motor)
Tabrakan saat menyalip dari kiri;0;1;0;-7,250380847;112,5683901;Selatan (180°);Terang / Jelas;Cerah;Lokal / Lingkungan;II (Jalan Sedang utk beban s/d 10 ton & 12m  Panjang Ran);Lurus;2/2 TB (2 Lajur/2 Arah Tanpa Batas Median);50;Jalan Kota / Kabupaten;Jalan Raya Desa Boboh Kecamatan Menganti Kabupaten Gresik;Menganti;Kecelakaan Ringan ;46-65;Laki-laki;Medium Truk
Tabrakan saat menyalip dari kiri;0;1;0;-7,135256349;112,6160502;Barat (270°);Terang / Jelas;Cerah;Arteri;I (Jalan Besar utk beban 10 ton & max 18 m Panjang Ran);Lurus;2/2 TB (2 Lajur/2 Arah Tanpa Batas Median);40;Jalan Nasional;Jalan Raya Ds. Sukomulyo Kec. Manyar Kab. Gresik;Manyar;Kecelakaan Ringan ;<17;Laki-laki;Mini Bus
Tabrakan saat menyalip dari kiri;0;1;0;-7,260026297;112,5862372;Utara (0°);Terang / Jelas;Cerah;Lokal / Lingkungan;II (Jalan Sedang utk beban s/d 10 ton & 12m  Panjang Ran);Lurus;2/2 TB (2 Lajur/2 Arah Tanpa Batas Median);40;Jalan Kota / Kabupaten;Jalan Raya Ds. Pelemwatu Kec. Menganti Kab. Gresik;Menganti;Kecelakaan Ringan ;26-45;Perempuan;R2 (Sepeda Motor)
Tabrakan saat menyalip dari kiri;1;0;0;-7,155458845;112,5223553;Timur (90°);Terang / Jelas;Cerah;Arteri;I (Jalan Besar utk beban 10 ton & max 18 m Panjang Ran);Lurus;4/2 B (4 Lajur/2 Arah dengan Batas Median);50;Jalan Nasional;Jalan Raya Ds. Duduksampeyan Kec. Duduksampeyan Kab. Gresik;Duduk Sampeyan;Kecelakaan Berat ;46-65;Laki-laki;R2 (Sepeda Motor)
Tabrakan saat menyalip dari kiri;1;0;0;-7,390293583;112,5571841;Barat (270°);Terang / Jelas;Cerah;Lokal / Lingkungan;II (Jalan Sedang utk beban s/d 10 ton & 12m  Panjang Ran);Lurus;2/2 TB (2 Lajur/2 Arah Tanpa Batas Median);40;Jalan Kota / Kabupaten;Jalan Raya Ds. Sumengko Kec. Wringinanom Kab. Gresik;Wringinanom;Kecelakaan Berat ;26-45;Laki-laki;Truk Berat / Tronton
Tabrakan saat menyalip dari kiri;0;1;0;-6,886639277;112,4540434;Selatan (180°);Terang / Jelas;Cerah;Lokal / Lingkungan;II (Jalan Sedang utk beban s/d 10 ton & 12m  Panjang Ran);Lurus;2/2 TB (2 Lajur/2 Arah Tanpa Batas Median);50;Jalan Kota / Kabupaten;Jalan Raya Ds. Campurejo Kec Panceng Kab. Gresik;Panceng;Kecelakaan Ringan ;<17;Perempuan;R2 (Sepeda Motor)
Tabrakan saat menyalip dari kiri;0;2;0;-7,255724565;112,567888;Selatan (180°);Terang / Jelas;Cerah;Kolektor;I (Jalan Besar utk beban 10 ton & max 18 m Panjang Ran);Lurus;2/2 TB (2 Lajur/2 Arah Tanpa Batas Median);40;Jalan Propinsi;Jalan Raya Ds. Putatlor Kec. Menganti Kab. Gresik;Menganti;Kecelakaan Ringan ;26-45;Perempuan;R2 (Sepeda Motor)
Tabrakan saat menyalip dari kiri;0;0;1;-7,251266375;112,5653467;Barat (270°);Gelap / Sulit Terlihat;Cerah;Kolektor;I (Jalan Besar utk beban 10 ton & max 18 m Panjang Ran);Lurus;2/2 TB (2 Lajur/2 Arah Tanpa Batas Median);50;Jalan Propinsi;Jalan Raya Ds. Boboh Kec. Menganti Kab. Gresik;Menganti;Kecelakaan Fatal ;17-25;Laki-laki;R2 (Sepeda Motor)
Tabrakan saat menyalip dari kiri;0;2;0;-7,365339712;112,6210082;Barat (270°);Terang / Jelas;Cerah;Kolektor;I (Jalan Besar utk beban 10 ton & max 18 m Panjang Ran);Lurus;2/2 TB (2 Lajur/2 Arah Tanpa Batas Median);40;Jalan Propinsi;Jalan Raya Ds. Driyorejo Kec. Driyorejo Kab. Gresik;Driyorejo;Kecelakaan Ringan ;46-65;Laki-laki;Mini Truk
Tabrakan saat pindah lajur ke kanan;0;1;0;-7,168517834;112,59261;Timur (90°);Terang / Jelas;Cerah;Arteri;I (Jalan Besar utk beban 10 ton & max 18 m Panjang Ran);Lurus;4/2 B (4 Lajur/2 Arah dengan Batas Median);40;Jalan Nasional;Jalan Raya Dr. Wahidin Sudirohusodo  Kel. Singopadu Kec. Kebomas Kab. Gresik;Kebomas;Kecelakaan Ringan ;<17;Perempuan;Mini Bus
Tabrakan saat pindah lajur ke kanan;0;1;0;-7,186974652;112,6122441;Timur (90°);Terang / Jelas;Cerah;Lokal / Lingkungan;II (Jalan Sedang utk beban s/d 10 ton & 12m  Panjang Ran);Lurus;2/2 TB (2 Lajur/2 Arah Tanpa Batas Median);40;Jalan Kota / Kabupaten;Jalan Raya Desa Kedanyang Kecamatan Kebomas Kabupaten Gresik;Kebomas;Kecelakaan Ringan ;26-45;Laki-laki;R2 (Sepeda Motor)
Tabrakan saat pindah lajur ke kanan;0;2;0;-7,325674006;112,5493903;Timur (90°);Terang / Jelas;Cerah;Lokal / Lingkungan;II (Jalan Sedang utk beban s/d 10 ton & 12m  Panjang Ran);Lurus;2/2 TB (2 Lajur/2 Arah Tanpa Batas Median);40;Jalan Kota / Kabupaten;Jalan Raya Ds. Tanjung Kec. Kedamean Kab. Gresik;Kedamean;Kecelakaan Ringan ;46-65;Perempuan;R2 (Sepeda Motor)
Tabrakan saat pindah lajur ke kanan;0;1;0;-7,227046217;112,5681513;Selatan (180°);Terang / Jelas;Cerah;Arteri;I (Jalan Besar utk beban 10 ton & max 18 m Panjang Ran);Lurus;2/2 TB (2 Lajur/2 Arah Tanpa Batas Median);40;Jalan Nasional;Jalan Raya Ds. Cerme Lor Kec. Cerme Kab. Gresik;Cerme;Kecelakaan Ringan ;<17;Perempuan;R2 (Sepeda Motor)
Tabrakan saat pindah lajur ke kanan;0;4;0;-7,144206304;112,6296242;Timur (90°);Terang / Jelas;Cerah;Lokal / Lingkungan;II (Jalan Sedang utk beban s/d 10 ton & 12m  Panjang Ran);Lurus;2/2 TB (2 Lajur/2 Arah Tanpa Batas Median);50;Jalan Kota / Kabupaten;Jalan Raya Ds. Roomo Kec. Manyar Kab. Gresik;Manyar;Kecelakaan Ringan ;26-45;Laki-laki;R2 (Sepeda Motor)
Tabrakan saat pindah lajur ke kanan;0;1;0;-7,267317707;112,4525433;Barat (270°);Terang / Jelas;Cerah;Lokal / Lingkungan;II (Jalan Sedang utk beban s/d 10 ton & 12m  Panjang Ran);Lurus;2/2 TB (2 Lajur/2 Arah Tanpa Batas Median);40;Jalan Kota / Kabupaten;Jalan Raya Ds. Kedungpring Kec. Balongpanggang Kab. Gresik;Balongpanggang;Kecelakaan Ringan;;Perempuan;R2 (Sepeda Motor)
Tabrakan saat pindah lajur ke kanan;0;2;0;-7,291867742;112,5724717;Timur (90°);Terang / Jelas;Cerah;Lokal / Lingkungan;II (Jalan Sedang utk beban s/d 10 ton & 12m  Panjang Ran);Lurus;2/2 TB (2 Lajur/2 Arah Tanpa Batas Median);40;Jalan Kota / Kabupaten;Jalan Raya Desa Sidojangkung Kecamatan Menganti Kabupaten Gresik;Menganti;Kecelakaan Ringan ;17-25;Perempuan;R2 (Sepeda Motor)
Tabrakan saat pindah lajur ke kanan;0;1;0;-7,152966062;112,4903537;Selatan (180°);Terang / Jelas;Cerah;Lokal / Lingkungan;III (Jalan Kecil utk max beban 8 ton & 9 m Panjang Ran);Lurus;2/2 TB (2 Lajur/2 Arah Tanpa Batas Median);40;Jalan Desa;Jalan Umum Desa Tambakrejo Kecamatan Duduksampeyan Kabupaten Gresik;Duduk Sampeyan;Kecelakaan Ringan ;26-45;Perempuan;R2 (Sepeda Motor)
Tabrakan saat pindah lajur ke kanan;0;1;0;-6,968515041;112,443956;Barat (270°);Terang / Jelas;Cerah;Lokal / Lingkungan;II (Jalan Sedang utk beban s/d 10 ton & 12m  Panjang Ran);Lurus;2/2 TB (2 Lajur/2 Arah Tanpa Batas Median);40;Jalan Kota / Kabupaten;Jalan Raya Ds. Tebuwung Kec. Dukun Kab. Gresik;Dukun;Kecelakaan Ringan ;46-65;Laki-laki;R2 (Sepeda Motor)
Tabrakan saat pindah lajur ke kanan;0;1;0;-7,279674629;112,4402752;Utara (0°);Terang / Jelas;Cerah;Lokal / Lingkungan;II (Jalan Sedang utk beban s/d 10 ton & 12m  Panjang Ran);Lurus;2/2 TB (2 Lajur/2 Arah Tanpa Batas Median);40;Jalan Kota / Kabupaten;Jalan Raya Ds. Wahas Kec. Balongpanggang Kab. Gresik;Balongpanggang;Kecelakaan Ringan ;17-25;Laki-laki;Mini Truk
Tabrakan saat pindah lajur ke kanan;0;1;0;-7,159624748;112,6187571;Barat (270°);Terang / Jelas;Cerah;Lokal / Lingkungan;II (Jalan Sedang utk beban s/d 10 ton & 12m  Panjang Ran);Lurus;2/2 TB (2 Lajur/2 Arah Tanpa Batas Median);50;Jalan Kota / Kabupaten;Jalan Raya Dr. Wahidin Sudirohusodo  Kel. Randuagung Kec. Kebomas Kab. Gresik;Kebomas;Kecelakaan Ringan ;26-45;Perempuan;R2 (Sepeda Motor)
Tabrakan saat pindah lajur ke kanan;0;1;0;-7,135833251;112,487667;Barat (270°);Terang / Jelas;Cerah;Arteri;I (Jalan Besar utk beban 10 ton & max 18 m Panjang Ran);Lurus;4/2 B (4 Lajur/2 Arah dengan Batas Median);50;Jalan Nasional;Jalan Raya Ds. Tumapel Kec. Duduksampeyan Kab. Gresik;Duduk Sampeyan;Kecelakaan Ringan ;26-45;Laki-laki;R2 (Sepeda Motor)
Tabrakan saat pindah lajur ke kanan;0;1;0;-6,960691133;112,4015208;Barat (270°);Terang / Jelas;Cerah;Lokal / Lingkungan;II (Jalan Sedang utk beban s/d 10 ton & 12m  Panjang Ran);Lurus;2/2 TB (2 Lajur/2 Arah Tanpa Batas Median);40;Jalan Kota / Kabupaten;Jalan Raya Ds. Wonokerto Kec. Dukun Kab. Gresik;Dukun;Kecelakaan Ringan ;26-45;Laki-laki;R2 (Sepeda Motor)
Tabrakan saat pindah lajur ke kanan;0;1;0;-6,976850458;112,4665054;Timur (90°);Terang / Jelas;Cerah;Lokal / Lingkungan;II (Jalan Sedang utk beban s/d 10 ton & 12m  Panjang Ran);Lurus;2/2 TB (2 Lajur/2 Arah Tanpa Batas Median);50;Jalan Kota / Kabupaten;Jalan Raya Ds. Mojopetung Kec. Dukun Kab. Gresik;Dukun;Kecelakaan Ringan ;<17;Perempuan;R2 (Sepeda Motor)
Tabrakan saat pindah lajur ke kanan;0;1;0;-7,297437133;112,56426;Selatan (180°);Terang / Jelas;Cerah;Kolektor;I (Jalan Besar utk beban 10 ton & max 18 m Panjang Ran);Lurus;2/2 TB (2 Lajur/2 Arah Tanpa Batas Median);50;Jalan Propinsi;Jalan Raya Ds. Bringkang Kec. Menganti Kab. Gresik;Menganti;Kecelakaan Ringan ;17-25;Laki-laki;R2 (Sepeda Motor)
Tabrakan saat pindah lajur ke kanan;0;1;0;-7,169727851;112,5684387;Barat (270°);Terang / Jelas;Cerah;Arteri;I (Jalan Besar utk beban 10 ton & max 18 m Panjang Ran);Lurus;2/2 TB (2 Lajur/2 Arah Tanpa Batas Median);50;Jalan Nasional;Jalan Raya Ds.Ambeng-ambeng kec Duduksampeyan Kab Gresik;Duduk Sampeyan;Kecelakaan Ringan ;;Laki-laki;R2 (Sepeda Motor)
Tabrakan saat pindah lajur ke kanan;0;1;0;-6,977021538;112,4666327;Barat (270°);Terang / Jelas;Cerah;Lokal / Lingkungan;II (Jalan Sedang utk beban s/d 10 ton & 12m  Panjang Ran);Lurus;2/2 TB (2 Lajur/2 Arah Tanpa Batas Median);50;Jalan Kota / Kabupaten;Jalan Raya Ds. Mojopetung Kec. Dukun Kab. Gresik;Dukun;Kecelakaan Ringan;;Perempuan;R2 (Sepeda Motor)
Tabrakan saat pindah lajur ke kanan;0;1;0;-6,988232256;112,5159088;Barat (270°);Terang / Jelas;Cerah;Lokal / Lingkungan;II (Jalan Sedang utk beban s/d 10 ton & 12m  Panjang Ran);Lurus;2/2 TB (2 Lajur/2 Arah Tanpa Batas Median);50;Jalan Kota / Kabupaten;Jalan Raya Ds. Lasem Kec. Sidayu Kab. Gresik;Sidayu;Kecelakaan Ringan ;<17;Perempuan;R2 (Sepeda Motor)
Tabrakan saat pindah lajur ke kanan;1;1;0;-6,91603702;112,4554531;Timur (90°);Terang / Jelas;Cerah;Lokal / Lingkungan;II (Jalan Sedang utk beban s/d 10 ton & 12m  Panjang Ran);Lurus;2/2 TB (2 Lajur/2 Arah Tanpa Batas Median);50;Jalan Kota / Kabupaten;Jalan Raya Ds. Prupuh Kec. Panceng Kab. Gresik;Panceng;Kecelakaan Berat ;46-65;Perempuan;R2 (Sepeda Motor)
Tabrakan saat pindah lajur ke kanan;0;1;0;-7,26771787;112,4489049;Barat (270°);Terang / Jelas;Cerah;Lokal / Lingkungan;II (Jalan Sedang utk beban s/d 10 ton & 12m  Panjang Ran);Lurus;2/2 TB (2 Lajur/2 Arah Tanpa Batas Median);40;Jalan Kota / Kabupaten;Jalan Raya Ds. Balongpanggang Kec. Balongpanggang Kab. Gresik;Balongpanggang;Kecelakaan Ringan ;46-65;Perempuan;R2 (Sepeda Motor)
Tabrakan saat pindah lajur ke kanan;0;1;0;-7,326714207;112,4862945;Barat (270°);Terang / Jelas;Cerah;Lokal / Lingkungan;II (Jalan Sedang utk beban s/d 10 ton & 12m  Panjang Ran);Lurus;2/2 TB (2 Lajur/2 Arah Tanpa Batas Median);40;Jalan Kota / Kabupaten;Jalan Raya Ds. Mojowuku Kec. Kedamean Kab. Gresik;Kedamean;Kecelakaan Ringan;;Perempuan;R2 (Sepeda Motor)
Tabrakan saat pindah lajur ke kanan;0;1;0;-7,386431063;112,4826216;Selatan (180°);Terang / Jelas;Cerah;Lokal / Lingkungan;III (Jalan Kecil utk max beban 8 ton & 9 m Panjang Ran);Lurus;2/2 TB (2 Lajur/2 Arah Tanpa Batas Median);40;Jalan Desa;Jalan Umum Ds. Kepuklagen Kec. Wringinanom Kab. Gresik;Wringinanom;Kecelakaan Ringan ;26-45;Perempuan;R2 (Sepeda Motor)
Tabrakan saat pindah lajur ke kanan;0;1;0;-7,292851167;112,5638755;Utara (0°);Terang / Jelas;Cerah;Kolektor;I (Jalan Besar utk beban 10 ton & max 18 m Panjang Ran);Lurus;2/2 TB (2 Lajur/2 Arah Tanpa Batas Median);40;Jalan Propinsi;Jalan Raya Ds. Bringkang Kec. Menganti Kab. Gresik;Menganti;Kecelakaan Ringan ;46-65;Laki-laki;R2 (Sepeda Motor)
Tabrakan saat pindah lajur ke kanan;0;2;0;-6,987121528;112,5167592;Timur (90°);Terang / Jelas;Cerah;Lokal / Lingkungan;II (Jalan Sedang utk beban s/d 10 ton & 12m  Panjang Ran);Lurus;2/2 TB (2 Lajur/2 Arah Tanpa Batas Median);40;Jalan Kota / Kabupaten;Jalan Raya Ds. Lasem Kec. Sidayu Kab. Gresik;Sidayu;Kecelakaan Ringan ;26-45;Perempuan;R2 (Sepeda Motor)
Tabrakan saat pindah lajur ke kanan;0;1;0;-7,164199019;112,5435155;Barat (270°);Terang / Jelas;Cerah;Arteri;I (Jalan Besar utk beban 10 ton & max 18 m Panjang Ran);Lurus;2/2 TB (2 Lajur/2 Arah Tanpa Batas Median);50;Jalan Nasional;Jalan Raya Ds. Tebaloan Kec. Duduksampeyan Kab. Gresik;Duduk Sampeyan;Kecelakaan Ringan;;Laki-laki;R2 (Sepeda Motor)
Tabrakan saat pindah lajur ke kanan;0;1;0;-7,160932284;112,6159928;Utara (0°);Terang / Jelas;Cerah;Lokal / Lingkungan;II (Jalan Sedang utk beban s/d 10 ton & 12m  Panjang Ran);Lurus;2/2 TB (2 Lajur/2 Arah Tanpa Batas Median);50;Jalan Kota / Kabupaten;Jalan Raya Randuagung (Underpash gkb) Kec Kebomas Kab Gresik;Kebomas;Kecelakaan Ringan ;;Laki-laki;R2 (Sepeda Motor)
Tabrakan saat pindah lajur ke kanan;0;1;0;-6,958989383;112,4251717;Timur (90°);Terang / Jelas;Cerah;Lokal / Lingkungan;II (Jalan Sedang utk beban s/d 10 ton & 12m  Panjang Ran);Lurus;2/2 TB (2 Lajur/2 Arah Tanpa Batas Median);40;Jalan Kota / Kabupaten;Jalan Raya Ds. Lowayu Kec. Dukun Kab. Gresik;Dukun;Kecelakaan Ringan ;26-45;Laki-laki;R2 (Sepeda Motor)
Tabrakan saat pindah lajur ke kanan;0;1;0;-7,156086589;112,6153932;Utara (0°);Gelap / Sulit Terlihat;Cerah;Lokal / Lingkungan;II (Jalan Sedang utk beban s/d 10 ton & 12m  Panjang Ran);Lurus;2/2 TB (2 Lajur/2 Arah Tanpa Batas Median);40;Jalan Kota / Kabupaten;Jalan Raya Sumatra Perum Gkb Kel Yosowilangun Kec Manyar  Kab. Gresik;Manyar;Kecelakaan Ringan ;<17;Laki-laki;R2 (Sepeda Motor)
Tabrak kendaraan belok kanan dengan kendaraan yang jalan lurus;0;1;0;-7,239527605;112,4487032;Selatan (180°);Terang / Jelas;Cerah;Lokal / Lingkungan;II (Jalan Sedang utk beban s/d 10 ton & 12m  Panjang Ran);Lurus;2/2 TB (2 Lajur/2 Arah Tanpa Batas Median);50;Jalan Kota / Kabupaten;Jalan Raya Desa Klotok Kecamatan Balongpanggang Kabupaten Gresik;Balongpanggang;Kecelakaan Ringan ;17-25;Laki-laki;R2 (Sepeda Motor)
Tabrak kendaraan belok kanan dengan kendaraan yang jalan lurus;0;1;0;-7,324273673;112,6396223;Barat (270°);Terang / Jelas;Cerah;Lokal / Lingkungan;II (Jalan Sedang utk beban s/d 10 ton & 12m  Panjang Ran);Lurus;2/2 TB (2 Lajur/2 Arah Tanpa Batas Median);50;Jalan Kota / Kabupaten;Jalan Raya Ds Gadung kec Driyorejo Kab. Gresik;Driyorejo;Kecelakaan Ringan;;Laki-laki;R2 (Sepeda Motor)
Tabrak kendaraan belok kanan dengan kendaraan yang jalan lurus;0;1;0;-7,289545911;112,5635047;Timur (90°);Terang / Jelas;Cerah;Kolektor;I (Jalan Besar utk beban 10 ton & max 18 m Panjang Ran);Lurus;2/2 TB (2 Lajur/2 Arah Tanpa Batas Median);50;Jalan Propinsi;Jalan Raya Ds. Bringkang Kec. Menganti Kab. Gresik;Menganti;Kecelakaan Ringan ;<17;Perempuan;R2 (Sepeda Motor)
Tabrak kendaraan belok kanan dengan kendaraan yang jalan lurus;0;1;0;-7,340974882;112,5943402;Selatan (180°);Terang / Jelas;Cerah;Lokal / Lingkungan;II (Jalan Sedang utk beban s/d 10 ton & 12m  Panjang Ran);Lurus;2/2 TB (2 Lajur/2 Arah Tanpa Batas Median);40;Jalan Kota / Kabupaten;Jalan Raya Ds. Mojosarirejo Kec. Driyorejo Kab. Gresik;Driyorejo;Kecelakaan Ringan;;Perempuan;R2 (Sepeda Motor)
Tabrak kendaraan belok kanan dengan kendaraan yang jalan lurus;1;1;0;-7,364306071;112,6339076;Barat (270°);Terang / Jelas;Cerah;Kolektor;I (Jalan Besar utk beban 10 ton & max 18 m Panjang Ran);Lurus;2/2 TB (2 Lajur/2 Arah Tanpa Batas Median);40;Jalan Propinsi;Jalan Raya Desa Cangkir Kecamatan Driyorejo Kabupaten Gresik;Driyorejo;Kecelakaan Ringan ;26-45;Laki-laki;R2 (Sepeda Motor)
Tabrak kendaraan belok kanan dengan kendaraan yang jalan lurus;0;1;0;-7,002981121;112,4889724;Timur (90°);Terang / Jelas;Cerah;Lokal / Lingkungan;II (Jalan Sedang utk beban s/d 10 ton & 12m  Panjang Ran);Lurus;2/2 TB (2 Lajur/2 Arah Tanpa Batas Median);40;Jalan Kota / Kabupaten;Jalan Raya Desa Babaksari Kecamatan Dukun Kabupaten Gresik;Dukun;Kecelakaan Ringan ;26-45;Laki-laki;R2 (Sepeda Motor)
Tabrak kendaraan belok kanan dengan kendaraan yang jalan lurus;0;2;0;-7,355896973;112,5502989;Barat (270°);Terang / Jelas;Cerah;Lokal / Lingkungan;II (Jalan Sedang utk beban s/d 10 ton & 12m  Panjang Ran);Lurus;2/2 TB (2 Lajur/2 Arah Tanpa Batas Median);50;Jalan Kota / Kabupaten;Jalan Raya Ds. Banyuurip Kec. Kedamean Kab. Gresik;Kedamean;Kecelakaan Ringan ;17-25;Laki-laki;R2 (Sepeda Motor)
Tabrak kendaraan belok kanan dengan kendaraan yang jalan lurus;0;1;0;-7,266779638;112,457657;Timur (90°);Terang / Jelas;Cerah;Lokal / Lingkungan;II (Jalan Sedang utk beban s/d 10 ton & 12m  Panjang Ran);Lurus;2/2 TB (2 Lajur/2 Arah Tanpa Batas Median);40;Jalan Kota / Kabupaten;Jalan Raya Ds. Balongpanggang Kec. Balongpanggang Kab. Gresik;Balongpanggang;Kecelakaan Ringan ;17-25;Laki-laki;R2 (Sepeda Motor)
Tabrak kendaraan belok kanan dengan kendaraan yang jalan lurus;0;1;0;-7,033215262;112,5256426;Barat (270°);Terang / Jelas;Cerah;Lokal / Lingkungan;II (Jalan Sedang utk beban s/d 10 ton & 12m  Panjang Ran);Lurus;2/2 TB (2 Lajur/2 Arah Tanpa Batas Median);40;Jalan Kota / Kabupaten;Jalan Raya Ds. Mojopurowetan Kec. Bungah Kab. Gresik;Bungah;Kecelakaan Ringan ;17-25;Laki-laki;R2 (Sepeda Motor)
Tabrak kendaraan belok kanan dengan kendaraan yang jalan lurus;0;1;0;-7,03375431;112,5700354;Selatan (180°);Terang / Jelas;Cerah;Arteri;I (Jalan Besar utk beban 10 ton & max 18 m Panjang Ran);Lurus;2/2 TB (2 Lajur/2 Arah Tanpa Batas Median);40;Jalan Nasional;Jalan Raya Ds. Abar Abir Kec. Bungah Kab. Gresik;Bungah;Kecelakaan Ringan ;26-45;Laki-laki;Mini Bus
Tabrak kendaraan belok kanan dengan kendaraan yang jalan lurus;0;2;0;-7,165009404;112,5493586;Barat (270°);Terang / Jelas;Cerah;Lokal / Lingkungan;II (Jalan Sedang utk beban s/d 10 ton & 12m  Panjang Ran);Lurus;2/2 TB (2 Lajur/2 Arah Tanpa Batas Median);50;Jalan Kota / Kabupaten;Jalan Raya Ds. Tebaloan Kec. Duduksampeyan Kab. Gresik;Duduk Sampeyan;Kecelakaan Ringan ;46-65;Perempuan;R2 (Sepeda Motor)
Tabrak kendaraan belok kanan dengan kendaraan yang jalan lurus;0;1;0;-7,400687372;112,5326969;Timur (90°);Terang / Jelas;Cerah;Lokal / Lingkungan;II (Jalan Sedang utk beban s/d 10 ton & 12m  Panjang Ran);Lurus;2/2 TB (2 Lajur/2 Arah Tanpa Batas Median);40;Jalan Kota / Kabupaten;Jalan Raya Desa Wringinanom Kecamatan Wringinanom Kabupaten Gresik;Wringinanom;Kecelakaan Ringan ;<17;Laki-laki;R2 (Sepeda Motor)
Tabrak kendaraan belok kanan dengan kendaraan yang jalan lurus;0;2;0;-6,96326532;112,4129299;Timur (90°);Terang / Jelas;Cerah;Lokal / Lingkungan;II (Jalan Sedang utk beban s/d 10 ton & 12m  Panjang Ran);Lurus;2/2 TB (2 Lajur/2 Arah Tanpa Batas Median);40;Jalan Kota / Kabupaten;Jalan Raya Ds. Lowayu Kec. Dukun Kab. Gresik;Dukun;Kecelakaan Ringan;;Laki-laki;R2 (Sepeda Motor)
Tabrak kendaraan belok kanan dengan kendaraan yang jalan lurus;0;1;0;-6,998604351;112,5640307;Utara (0°);Terang / Jelas;Cerah;Arteri;I (Jalan Besar utk beban 10 ton & max 18 m Panjang Ran);Lurus;2/2 TB (2 Lajur/2 Arah Tanpa Batas Median);50;Jalan Nasional;Jalan Raya Ds. Racitengah Kec. Sidayu Kab. Gresik;Sidayu;Kecelakaan Ringan;;Perempuan;R2 (Sepeda Motor)
Tabrak kendaraan belok kanan dengan kendaraan yang jalan lurus;0;1;0;-6,986724287;112,4992852;Barat (270°);Terang / Jelas;Cerah;Lokal / Lingkungan;II (Jalan Sedang utk beban s/d 10 ton & 12m  Panjang Ran);Lurus;2/2 TB (2 Lajur/2 Arah Tanpa Batas Median);50;Jalan Kota / Kabupaten;Jalan Raya Ds. Sambogunung Kec. Dukun Kab. Gresik;Dukun;Kecelakaan Ringan ;46-65;Laki-laki;R2 (Sepeda Motor)
Tabrak kendaraan belok kanan dengan kendaraan yang jalan lurus;0;2;0;-6,883722228;112,4490806;Barat (270°);Terang / Jelas;Cerah;Lokal / Lingkungan;II (Jalan Sedang utk beban s/d 10 ton & 12m  Panjang Ran);Lurus;2/2 TB (2 Lajur/2 Arah Tanpa Batas Median);50;Jalan Kota / Kabupaten;Jalan Raya Ds. Campurejo Kec. Panceng Kab. Gresik;Panceng;Kecelakaan Ringan ;<17;Laki-laki;R2 (Sepeda Motor)
Tabrak kendaraan belok kanan dengan kendaraan yang jalan lurus;0;1;0;-6,990586285;112,5100784;Timur (90°);Terang / Jelas;Cerah;Lokal / Lingkungan;II (Jalan Sedang utk beban s/d 10 ton & 12m  Panjang Ran);Lurus;2/2 TB (2 Lajur/2 Arah Tanpa Batas Median);40;Jalan Kota / Kabupaten;Jalan Raya Desa Lasem Kecamatan Sidayu Kabupaten Gresik;Sidayu;Kecelakaan Ringan ;<17;Laki-laki;R2 (Sepeda Motor)
Tabrak kendaraan belok kanan dengan kendaraan yang jalan lurus;0;1;0;-7,355794891;112,5499261;Barat (270°);Terang / Jelas;Cerah;Lokal / Lingkungan;II (Jalan Sedang utk beban s/d 10 ton & 12m  Panjang Ran);Lurus;2/2 TB (2 Lajur/2 Arah Tanpa Batas Median);50;Jalan Kota / Kabupaten;Jalan Raya Ds. Banyuurip Kec. Kedamean Kab. Gresik;Kedamean;Kecelakaan Ringan;;Perempuan;R2 (Sepeda Motor)
Tabrak kendaraan belok kanan dengan kendaraan yang jalan lurus;0;1;0;-7,363066803;112,6372597;Barat (270°);Terang / Jelas;Cerah;Kolektor;I (Jalan Besar utk beban 10 ton & max 18 m Panjang Ran);Lurus;2/2 TB (2 Lajur/2 Arah Tanpa Batas Median);60;Jalan Propinsi;Jalan Raya Ds. Cangkir Kec. Driyorejo Kab. Gresik;Driyorejo;Kecelakaan Ringan ;17-25;Laki-laki;R2 (Sepeda Motor)
Tabrak kendaraan belok kanan dengan kendaraan yang jalan lurus;0;1;0;-6,988682969;112,5040315;Barat (270°);Terang / Jelas;Cerah;Lokal / Lingkungan;II (Jalan Sedang utk beban s/d 10 ton & 12m  Panjang Ran);Lurus;2/2 TB (2 Lajur/2 Arah Tanpa Batas Median);50;Jalan Kota / Kabupaten;Jalan Raya Ds. Sambogunung Kec. Dukun Kab. Gresik;Dukun;Kecelakaan Ringan ;46-65;Laki-laki;R2 (Sepeda Motor)
Tabrak kendaraan belok kanan dengan kendaraan yang jalan lurus;0;2;0;-6,932091598;112,5165347;Selatan (180°);Terang / Jelas;Cerah;Lokal / Lingkungan;II (Jalan Sedang utk beban s/d 10 ton & 12m  Panjang Ran);Lurus;2/2 TB (2 Lajur/2 Arah Tanpa Batas Median);50;Jalan Kota / Kabupaten;Jalan Raya Ds. Gosari Kec. Ujungpangkah Kab. Gresik;Ujungpangkah;Kecelakaan Ringan ;26-45;Laki-laki;R2 (Sepeda Motor)
Tabrak kendaraan belok kanan dengan kendaraan yang jalan lurus;0;2;0;-6,921130623;112,4472097;Barat (270°);Terang / Jelas;Cerah;Kolektor;I (Jalan Besar utk beban 10 ton & max 18 m Panjang Ran);Lurus;2/2 TB (2 Lajur/2 Arah Tanpa Batas Median);50;Jalan Propinsi;Jalan Raya Desa Prupuh Kecamatan Panceng Kabupaten Gresik;Panceng;Kecelakaan Ringan ;;Laki-laki;R2 (Sepeda Motor)
Tabrak kendaraan belok kanan dengan kendaraan yang jalan lurus;0;1;0;-6,963733874;112,4149868;Timur (90°);Terang / Jelas;Cerah;Lokal / Lingkungan;II (Jalan Sedang utk beban s/d 10 ton & 12m  Panjang Ran);Lurus;2/2 TB (2 Lajur/2 Arah Tanpa Batas Median);50;Jalan Kota / Kabupaten;Jalan Raya Ds. Lowayu Kec. Dukun Kab. Gresik;Dukun;Kecelakaan Ringan ;26-45;Laki-laki;R2 (Sepeda Motor)
Tabrak kendaraan belok kanan dengan kendaraan yang jalan lurus;0;2;0;-6,903832243;112,497409;Timur (90°);Terang / Jelas;Cerah;Lokal / Lingkungan;III (Jalan Kecil utk max beban 8 ton & 9 m Panjang Ran);Lurus;2/2 TB (2 Lajur/2 Arah Tanpa Batas Median);50;Jalan Desa;Jalan Raya Desa Ngemboh Kecamatan Ujungpangkah Kabupaten Gresik;Ujungpangkah;Kecelakaan Ringan ;46-65;Laki-laki;R2 (Sepeda Motor)
Tabrak kendaraan belok kanan dengan kendaraan yang jalan lurus;0;2;0;-7,365681665;112,6259233;Barat (270°);Terang / Jelas;Cerah;Lokal / Lingkungan;II (Jalan Sedang utk beban s/d 10 ton & 12m  Panjang Ran);Lurus;2/2 TB (2 Lajur/2 Arah Tanpa Batas Median);50;Jalan Kota / Kabupaten;Jalan Raya Ds Cangkir Kec Driyorejo Kab. Gresik;Driyorejo;Kecelakaan Ringan ;17-25;Perempuan;R2 (Sepeda Motor)
Tabrak kendaraan belok kanan dengan kendaraan yang jalan lurus;0;2;0;-6,968333503;112,481656;Selatan (180°);Terang / Jelas;Cerah;Lokal / Lingkungan;II (Jalan Sedang utk beban s/d 10 ton & 12m  Panjang Ran);Lurus;2/2 TB (2 Lajur/2 Arah Tanpa Batas Median);50;Jalan Kota / Kabupaten;Jalan Raya Ds. Petung Kec. Panceng Kab. Gresik;Panceng;Kecelakaan Ringan ;26-45;Perempuan;R2 (Sepeda Motor)
Tabrakan kendaraan belok kanan dengan kendaraan dari arah kanan;0;2;0;-7,258040265;112,5002808;Barat (270°);Terang / Jelas;Cerah;Lokal / Lingkungan;II (Jalan Sedang utk beban s/d 10 ton & 12m  Panjang Ran);Lurus;2/2 TB (2 Lajur/2 Arah Tanpa Batas Median);40;Jalan Kota / Kabupaten;Jalan Raya Ds Bulurejo Kec. Benjeng Kab. Gresik;Benjeng;Kecelakaan Ringan ;17-25;Perempuan;R2 (Sepeda Motor)
Tabrakan kendaraan belok kanan dengan kendaraan dari arah kanan;0;1;0;-7,144371975;112,6299115;Selatan (180°);Terang / Jelas;Cerah;Arteri;I (Jalan Besar utk beban 10 ton & max 18 m Panjang Ran);Lurus;2/2 TB (2 Lajur/2 Arah Tanpa Batas Median);40;Jalan Nasional;Jalan Raya Ds. Roomo Kec. Manyar Kab. Gresik;Manyar;Kecelakaan Ringan ;;Laki-laki;R2 (Sepeda Motor)
Tabrakan kendaraan belok kanan dengan kendaraan dari arah kanan;0;2;0;-7,160091059;112,5889873;Timur (90°);Terang / Jelas;Cerah;Lokal / Lingkungan;II (Jalan Sedang utk beban s/d 10 ton & 12m  Panjang Ran);Lurus;2/2 TB (2 Lajur/2 Arah Tanpa Batas Median);50;Jalan Kota / Kabupaten;Jalan Raya Kh. Syafi’i Kel. Dahanrejo Kec. Kebomas Kab. Gresik;Kebomas;Kecelakaan Ringan ;26-45;Laki-laki;R2 (Sepeda Motor)
Tabrakan kendaraan belok kanan dengan kendaraan dari arah kanan;0;1;0;-7,146591339;112,6022437;Timur (90°);Terang / Jelas;Cerah;Lokal / Lingkungan;II (Jalan Sedang utk beban s/d 10 ton & 12m  Panjang Ran);Lurus;2/2 TB (2 Lajur/2 Arah Tanpa Batas Median);40;Jalan Kota / Kabupaten;Jalan Raya Ds. Suci Kec. Manyar Kab. Gresik;Manyar;Kecelakaan Ringan ;26-45;Laki-laki;Jeep ( SUV )
Tabrakan kendaraan belok kanan dengan kendaraan dari arah kanan;0;1;0;-7,400503959;112,5505899;Timur (90°);Terang / Jelas;Cerah;Lokal / Lingkungan;II (Jalan Sedang utk beban s/d 10 ton & 12m  Panjang Ran);Lurus;2/2 TB (2 Lajur/2 Arah Tanpa Batas Median);50;Jalan Kota / Kabupaten;Jalan Raya Ds. Lebaniwaras Kec. Wringinanom Kab. Gresik;Wringinanom;Kecelakaan Ringan;;Laki-laki;R2 (Sepeda Motor)
Tabrakan kendaraan belok kanan dengan kendaraan dari arah kanan;0;1;0;-7,292560165;112,5764843;Utara (0°);Terang / Jelas;Cerah;Lokal / Lingkungan;II (Jalan Sedang utk beban s/d 10 ton & 12m  Panjang Ran);Lurus;2/2 TB (2 Lajur/2 Arah Tanpa Batas Median);50;Jalan Kota / Kabupaten;Jalan Raya Ds. Menganti Kec. Menganti Kab. Gresik;Menganti;Kecelakaan Ringan;;Perempuan;R2 (Sepeda Motor)
Tabrakan kendaraan belok kanan dengan kendaraan dari arah kanan;0;2;0;-7,167486234;112,6011791;Utara (0°);Terang / Jelas;Cerah;Lokal / Lingkungan;II (Jalan Sedang utk beban s/d 10 ton & 12m  Panjang Ran);Lurus;4/2 B (4 Lajur/2 Arah dengan Batas Median);40;Jalan Kota / Kabupaten;Jalan Raya Dr. Wahidin Sudirohusodo  Ds. Kembangan Kec. Kebomas Kab. Gresik;Kebomas;Kecelakaan Ringan ;17-25;Laki-laki;R2 (Sepeda Motor)
Tabrakan kendaraan belok kanan dengan kendaraan dari arah kanan;0;1;0;-7,028776723;112,5173586;Utara (0°);Terang / Jelas;Cerah;Lokal / Lingkungan;II (Jalan Sedang utk beban s/d 10 ton & 12m  Panjang Ran);Lurus;2/2 TB (2 Lajur/2 Arah Tanpa Batas Median);50;Jalan Kota / Kabupaten;Jalan Raya Desa Mojopurogede Kecamatan Bungah Kabupaten Gresik;Bungah;Kecelakaan Ringan ;;Laki-laki;R2 (Sepeda Motor)
Tabrakan kendaraan belok kanan dengan kendaraan dari arah kanan;0;1;0;-7,292392552;112,5755469;Selatan (180°);Terang / Jelas;Cerah;Lokal / Lingkungan;II (Jalan Sedang utk beban s/d 10 ton & 12m  Panjang Ran);Lurus;2/2 TB (2 Lajur/2 Arah Tanpa Batas Median);50;Jalan Kota / Kabupaten;Jalan Raya Ds. Sidojangkung Kec. Menganti Kab. Gresik;Menganti;Kecelakaan Ringan ;46-65;Laki-laki;R2 (Sepeda Motor)
Tabrakan kendaraan belok kanan dengan kendaraan dari arah kanan;0;1;0;-6,96495997;112,4204531;Selatan (180°);Terang / Jelas;Cerah;Lokal / Lingkungan;II (Jalan Sedang utk beban s/d 10 ton & 12m  Panjang Ran);Lurus;2/2 TB (2 Lajur/2 Arah Tanpa Batas Median);40;Jalan Kota / Kabupaten;Jalan Raya Ds. Lowayu Kec. Dukun Kab. Gresik;Dukun;Kecelakaan Ringan ;46-65;Laki-laki;R2 (Sepeda Motor)
Tabrakan kendaraan belok kanan dengan kendaraan dari arah kanan;0;1;0;-7,096530479;112,5902841;Timur (90°);Terang / Jelas;Cerah;Arteri;I (Jalan Besar utk beban 10 ton & max 18 m Panjang Ran);Lurus;2/2 TB (2 Lajur/2 Arah Tanpa Batas Median);50;Jalan Nasional;Jalan Raya Ds banyuwangi Kec. Manyar Kab. Gresik;Manyar;Kecelakaan Ringan ;26-45;Laki-laki;Medium Truk
Tabrakan kendaraan belok kanan dengan kendaraan dari arah kanan;0;2;0;-7,343365724;112,4896716;Utara (0°);Terang / Jelas;Cerah;Lokal / Lingkungan;II (Jalan Sedang utk beban s/d 10 ton & 12m  Panjang Ran);Lurus;2/2 TB (2 Lajur/2 Arah Tanpa Batas Median);40;Jalan Kota / Kabupaten;Jalan Raya Ds Mondoluku Kec. Wringinanom Kab. Gresik;Wringinanom;Kecelakaan Ringan ;46-65;Laki-laki;R2 (Sepeda Motor)
Tabrakan kendaraan belok kanan dengan kendaraan dari arah kanan;0;2;0;-7,038398969;112,5342483;Selatan (180°);Terang / Jelas;Cerah;Lokal / Lingkungan;II (Jalan Sedang utk beban s/d 10 ton & 12m  Panjang Ran);Lurus;2/2 TB (2 Lajur/2 Arah Tanpa Batas Median);40;Jalan Kota / Kabupaten;Jalan Raya Ds Melirang Kec Bungah Kab Gresik;Bungah;Kecelakaan Ringan ;17-25;Laki-laki;R2 (Sepeda Motor)
Tabrakan kendaraan belok kanan dengan kendaraan dari arah kanan;0;1;0;-7,250383118;112,5684356;Selatan (180°);Terang / Jelas;Cerah;Lokal / Lingkungan;II (Jalan Sedang utk beban s/d 10 ton & 12m  Panjang Ran);Lurus;2/2 TB (2 Lajur/2 Arah Tanpa Batas Median);50;Jalan Kota / Kabupaten;Jalan Raya Desa Boboh Kecamatan Menganti Kabupaten Gresik;Menganti;Kecelakaan Ringan ;17-25;Laki-laki;R2 (Sepeda Motor)
Tabrakan kendaraan belok kanan dengan kendaraan dari arah kanan;0;2;0;-7,223526054;112,5307338;Selatan (180°);Terang / Jelas;Cerah;Lokal / Lingkungan;II (Jalan Sedang utk beban s/d 10 ton & 12m  Panjang Ran);Lurus;2/2 TB (2 Lajur/2 Arah Tanpa Batas Median);40;Jalan Kota / Kabupaten;Jalan Raya Ds. Dungus Kec. Cerme Kab. Gresik;Cerme;Kecelakaan Ringan ;26-45;Laki-laki;R2 (Sepeda Motor)
Tabrakan kendaraan belok kanan dengan kendaraan dari arah kanan;0;2;0;-7,325007597;112,5446348;Utara (0°);Terang / Jelas;Cerah;Lokal / Lingkungan;II (Jalan Sedang utk beban s/d 10 ton & 12m  Panjang Ran);Lurus;2/2 TB (2 Lajur/2 Arah Tanpa Batas Median);40;Jalan Kota / Kabupaten;Jalan Raya Ds Tanjung Kec. Kedamean Kab. Gresik;Kedamean;Kecelakaan Ringan ;26-45;Laki-laki;R2 (Sepeda Motor)
Tabrakan kendaraan belok kanan dengan kendaraan dari arah kanan;0;1;0;-7,280328122;112,4514973;Timur (90°);Terang / Jelas;Cerah;Lokal / Lingkungan;II (Jalan Sedang utk beban s/d 10 ton & 12m  Panjang Ran);Lurus;2/2 TB (2 Lajur/2 Arah Tanpa Batas Median);40;Jalan Kota / Kabupaten;Jalan Raya Desa Karangsemanding Kecamatan Balongpanggang Kabupaten Gresik;Balongpanggang;Kecelakaan Ringan ;17-25;Laki-laki;R2 (Sepeda Motor)
Tabrakan kendaraan belok kanan dengan kendaraan dari arah kanan;0;1;0;-7,168032093;112,637435;Timur (90°);Terang / Jelas;Cerah;Lokal / Lingkungan;II (Jalan Sedang utk beban s/d 10 ton & 12m  Panjang Ran);Lurus;2/2 TB (2 Lajur/2 Arah Tanpa Batas Median);40;Jalan Kota / Kabupaten;Jalan Raya Sunan Giri Kel. Sidomukti Kec. Kebomas Kab. Gresik;Kebomas;Kecelakaan Ringan ;<17;Laki-laki;R2 (Sepeda Motor)
Tabrakan kendaraan belok kanan dengan kendaraan dari arah kanan;0;1;0;-6,955254635;112,5042741;Barat (270°);Terang / Jelas;Cerah;Arteri;I (Jalan Besar utk beban 10 ton & max 18 m Panjang Ran);Lurus;2/2 TB (2 Lajur/2 Arah Tanpa Batas Median);40;Jalan Nasional;Jalan Raya Desa Sekapuk Kecamatan Ujungpangkah Kabupaten Gresik;Ujungpangkah;Kecelakaan Ringan ;26-45;Laki-laki;R2 (Sepeda Motor)
Tabrakan kendaraan belok kanan dengan kendaraan dari arah kanan;0;2;0;-7,324797618;112,6312999;Barat (270°);Terang / Jelas;Cerah;Lokal / Lingkungan;II (Jalan Sedang utk beban s/d 10 ton & 12m  Panjang Ran);Lurus;2/2 TB (2 Lajur/2 Arah Tanpa Batas Median);40;Jalan Kota / Kabupaten;Jalan Raya Ds. Randegansari Kec. Driyorejo Kab. Gresik;Driyorejo;Kecelakaan Ringan ;26-45;Laki-laki;R2 (Sepeda Motor)
Tabrakan kendaraan belok kanan dengan kendaraan dari arah kanan;0;2;0;-7,248658747;112,5745389;Selatan (180°);Terang / Jelas;Cerah;Lokal / Lingkungan;II (Jalan Sedang utk beban s/d 10 ton & 12m  Panjang Ran);Lurus;2/2 TB (2 Lajur/2 Arah Tanpa Batas Median);50;Jalan Kota / Kabupaten;Jalan Raya Desa Boboh Kecamatan Menganti Kabupaten Gresik;Menganti;Kecelakaan Ringan ;;Laki-laki;R2 (Sepeda Motor)
Tabrakan kendaraan belok kanan dengan kendaraan dari arah kanan;0;2;0;-6,977235667;112,4756469;Utara (0°);Terang / Jelas;Cerah;Lokal / Lingkungan;III (Jalan Kecil utk max beban 8 ton & 9 m Panjang Ran);Lurus;2/2 TB (2 Lajur/2 Arah Tanpa Batas Median);50;Jalan Desa;Jalan Umum Ds. Petung Kec. Panceng Kab. Gresik;Panceng;Kecelakaan Ringan ;26-45;Laki-laki;R2 (Sepeda Motor)
Tabrakan kendaraan belok kanan dengan kendaraan dari arah kanan;0;1;0;-7,277722096;112,5783158;Barat (270°);Terang / Jelas;Cerah;Lokal / Lingkungan;II (Jalan Sedang utk beban s/d 10 ton & 12m  Panjang Ran);Lurus;2/2 TB (2 Lajur/2 Arah Tanpa Batas Median);40;Jalan Kota / Kabupaten;Jalan Raya Ds. Pelemwatu Kec. Menganti Kab. Gresik;Menganti;Kecelakaan Ringan ;<17;Laki-laki;R2 (Sepeda Motor)
Tabrakan kendaraan belok kanan dengan kendaraan dari arah kanan;2;0;0;-7,236321857;112,5643263;Timur (90°);Gelap / Sulit Terlihat;Cerah;Arteri;I (Jalan Besar utk beban 10 ton & max 18 m Panjang Ran);Lurus;2/2 TB (2 Lajur/2 Arah Tanpa Batas Median);50;Jalan Nasional;Jalan Raya Ds. Cerme Kidul Kec. Cerme Kab. Gresik;Cerme;Kecelakaan Berat ;;Laki-laki;Mobil
Tabrakan kendaraan belok kanan dengan kendaraan dari arah kanan;0;1;0;-6,976819931;112,4634074;Selatan (180°);Terang / Jelas;Cerah;Kolektor;I (Jalan Besar utk beban 10 ton & max 18 m Panjang Ran);Lurus;2/2 TB (2 Lajur/2 Arah Tanpa Batas Median);40;Jalan Propinsi;Jalan Raya Ds. Mojopetung kec. Dukun Kab. Gresik;Dukun;Kecelakaan Ringan ;26-45;Perempuan;R2 (Sepeda Motor)
Tabrakan kendaraan belok kanan dengan kendaraan dari arah kanan;0;1;0;-7,166381568;112,5602474;Selatan (180°);Terang / Jelas;Cerah;Arteri;I (Jalan Besar utk beban 10 ton & max 18 m Panjang Ran);Lurus;2/2 TB (2 Lajur/2 Arah Tanpa Batas Median);50;Jalan Nasional;Jalan Raya Ds. Ambeng-ambeng Watangrejo Kec. Duduksampeyan Kab. Gresik;Duduk Sampeyan;Kecelakaan Ringan ;46-65;Laki-laki;Mini Truk
Tabrakan saat gerakan putar balik;0;2;0;-7,161984954;112,6257057;Barat (270°);Terang / Jelas;Cerah;Lokal / Lingkungan;II (Jalan Sedang utk beban s/d 10 ton & 12m  Panjang Ran);Lurus;4/2 B (4 Lajur/2 Arah dengan Batas Median);40;Jalan Kota / Kabupaten;Jalan Raya Dr. Wahidin Sudirohusodo  Kel. Kebomas Kec. Kebomas Kab. Gresik;Kebomas;Kecelakaan Ringan ;46-65;Laki-laki;R2 (Sepeda Motor)
Tabrakan saat gerakan putar balik;0;1;0;-7,051142927;112,5663122;Barat (270°);Gelap / Sulit Terlihat;Cerah;Lokal / Lingkungan;II (Jalan Sedang utk beban s/d 10 ton & 12m  Panjang Ran);Lurus;2/2 TB (2 Lajur/2 Arah Tanpa Batas Median);50;Jalan Kota / Kabupaten;Jalan Raya Ds.Bungah Kec. Bungah Kab. Gresik;Bungah;Kecelakaan Ringan ;26-45;Laki-laki;R2 (Sepeda Motor)
Tabrakan saat gerakan putar balik;0;1;0;-7,147054701;112,6022539;Barat (270°);Terang / Jelas;Cerah;Lokal / Lingkungan;II (Jalan Sedang utk beban s/d 10 ton & 12m  Panjang Ran);Lurus;2/2 TB (2 Lajur/2 Arah Tanpa Batas Median);50;Jalan Kota / Kabupaten;Jalan Raya Kyai H Syafi’i Ds. Suci Kec. Manyar Kab. Gresik;Manyar;Kecelakaan Ringan;;Laki-laki;R2 (Sepeda Motor)
Tabrakan saat gerakan putar balik;0;1;0;-7,033609334;112,5700251;Utara (0°);Terang / Jelas;Cerah;Arteri;I (Jalan Besar utk beban 10 ton & max 18 m Panjang Ran);Lurus;2/2 TB (2 Lajur/2 Arah Tanpa Batas Median);50;Jalan Nasional;Jalan Raya Desa Abar-abir Kecamatan Bungah Kabupaten Gresik;Bungah;Kecelakaan Ringan;;Laki-laki;R2 (Sepeda Motor)
Tabrakan saat gerakan putar balik;0;1;0;-7,070061415;112,5750082;Utara (0°);Terang / Jelas;Cerah;Arteri;I (Jalan Besar utk beban 10 ton & max 18 m Panjang Ran);Lurus;2/2 TB (2 Lajur/2 Arah Tanpa Batas Median);50;Jalan Nasional;Jalan Raya Desa Sembayat Kecamatan Manyar Kabupaten Gresik;Manyar;Kecelakaan Ringan ;26-45;Laki-laki;Mini Bus
Tabrakan saat gerakan putar balik;0;1;0;-7,162294172;112,6579536;Utara (0°);Terang / Jelas;Cerah;Lokal / Lingkungan;III (Jalan Kecil utk max beban 8 ton & 9 m Panjang Ran);Lurus;2/2 TB (2 Lajur/2 Arah Tanpa Batas Median);50;Jalan Desa;Jalan KH. Zubair Kel. Pulopancikan Kec. Gresik;Gresik;Kecelakaan Ringan ;46-65;Laki-laki;R2 (Sepeda Motor)
Tabrakan saat gerakan putar balik;0;3;0;-7,290001085;112,5635711;Timur (90°);Terang / Jelas;Cerah;Kolektor;I (Jalan Besar utk beban 10 ton & max 18 m Panjang Ran);Lurus;2/2 TB (2 Lajur/2 Arah Tanpa Batas Median);40;Jalan Propinsi;Jalan Raya Desa Bringkang Kecamatan Menganti Kabupaten Gresik;Menganti;Kecelakaan Ringan ;26-45;Laki-laki;R2 (Sepeda Motor)
Tabrakan saat gerakan putar balik;0;1;0;-7,0149254;112,5150328;Selatan (180°);Terang / Jelas;Cerah;Lokal / Lingkungan;II (Jalan Sedang utk beban s/d 10 ton & 12m  Panjang Ran);Lurus;2/2 TB (2 Lajur/2 Arah Tanpa Batas Median);40;Jalan Kota / Kabupaten;Jalan Raya Ds. Padangbandung Kec. Dukun Kab. Gresik;Dukun;Kecelakaan Ringan;;Laki-laki;R2 (Sepeda Motor)
Tabrakan saat gerakan putar balik;0;1;0;-7,163270213;112,6282947;Timur (90°);Terang / Jelas;Cerah;Lokal / Lingkungan;II (Jalan Sedang utk beban s/d 10 ton & 12m  Panjang Ran);Lurus;4/2 B (4 Lajur/2 Arah dengan Batas Median);40;Jalan Kota / Kabupaten;Jalan Raya Dr. Wahidin Sudirohusodo  Kel. Kebomas Kec. Kebomas Kab. Gresik;Kebomas;Kecelakaan Ringan ;<17;Perempuan;R2 (Sepeda Motor)
Tabrakan saat gerakan putar balik;0;1;0;-6,914313156;112,5372603;Barat (270°);Gelap / Sulit Terlihat;Cerah;Lokal / Lingkungan;II (Jalan Sedang utk beban s/d 10 ton & 12m  Panjang Ran);Lurus;2/2 TB (2 Lajur/2 Arah Tanpa Batas Median);50;Jalan Kota / Kabupaten;Jalan Raya Desa Pangkah Kulon Kecamatan Ujungpangkah Kabupaten Gresik;Ujungpangkah;Kecelakaan Ringan ;17-25;Laki-laki;Mini Bus
Tabrakan saat gerakan putar balik;0;2;0;-7,184897218;112,6089288;Barat (270°);Terang / Jelas;Cerah;Lokal / Lingkungan;II (Jalan Sedang utk beban s/d 10 ton & 12m  Panjang Ran);Lurus;2/2 TB (2 Lajur/2 Arah Tanpa Batas Median);50;Jalan Kota / Kabupaten;Jalan Raya Ds. Kedanyang Kec. Kebomas Kab. Gresik;Kebomas;Kecelakaan Ringan ;<17;Laki-laki;R2 (Sepeda Motor)
Tabrakan saat gerakan putar balik;0;1;0;-7,034331189;112,5277571;Barat (270°);Terang / Jelas;Cerah;Lokal / Lingkungan;II (Jalan Sedang utk beban s/d 10 ton & 12m  Panjang Ran);Lurus;2/2 TB (2 Lajur/2 Arah Tanpa Batas Median);40;Jalan Kota / Kabupaten;Jalan Raya Ds. Mojopuro Wetan  Kec. Bungah Kab. Gresik;Bungah;Kecelakaan Ringan ;17-25;Perempuan;R2 (Sepeda Motor)
Tabrakan saat gerakan putar balik;0;1;0;-7,290593718;112,5653584;Barat (270°);Terang / Jelas;Cerah;Kolektor;I (Jalan Besar utk beban 10 ton & max 18 m Panjang Ran);Lurus;2/2 TB (2 Lajur/2 Arah Tanpa Batas Median);50;Jalan Propinsi;Jalan Raya Ds. Bringkang Kec. Menganti Kab. Gresik;Menganti;Kecelakaan Ringan ;26-45;Laki-laki;R2 (Sepeda Motor)
Tabrakan saat gerakan putar balik;0;2;0;-6,968326435;112,4378793;Barat (270°);Terang / Jelas;Cerah;Lokal / Lingkungan;II (Jalan Sedang utk beban s/d 10 ton & 12m  Panjang Ran);Lurus;2/2 TB (2 Lajur/2 Arah Tanpa Batas Median);50;Jalan Kota / Kabupaten;Jalan Raya Ds. Petiyin Tunggal Kec. Dukun Kab. Gresik;Dukun;Kecelakaan Ringan ;;Laki-laki;Sepeda Angin
Tabrakan saat gerakan putar balik;0;1;0;-6,962930488;112,4114744;Timur (90°);Terang / Jelas;Cerah;Lokal / Lingkungan;II (Jalan Sedang utk beban s/d 10 ton & 12m  Panjang Ran);Lurus;2/2 TB (2 Lajur/2 Arah Tanpa Batas Median);40;Jalan Kota / Kabupaten;Jalan Raya Ds. Lowayu Kec. Dukun Kab. Gresik;Dukun;Kecelakaan Ringan ;46-65;Perempuan;R2 (Sepeda Motor)
Tabrakan dengan kendaraan menyebrang dari sisi kanan jalan;0;1;0;-7,182396623;112,6490631;Timur (90°);Terang / Jelas;Cerah;Lokal / Lingkungan;II (Jalan Sedang utk beban s/d 10 ton & 12m  Panjang Ran);Lurus;2/2 TB (2 Lajur/2 Arah Tanpa Batas Median);40;Jalan Kota / Kabupaten;Jalan Raya Veteran Kel. Sidomoro Kec. Kebomas Kab. Gresik;Kebomas;Kecelakaan Ringan ;26-45;Perempuan;R2 (Sepeda Motor)
Tabrakan dengan kendaraan menyebrang dari sisi kanan jalan;0;2;0;-6,965664151;112,5154707;Selatan (180°);Terang / Jelas;Cerah;Arteri;I (Jalan Besar utk beban 10 ton & max 18 m Panjang Ran);Lurus;2/2 TB (2 Lajur/2 Arah Tanpa Batas Median);50;Jalan Nasional;Jalan Raya Ds. Wadeng Kec. Sidayu Kab. Gresik;Sidayu;Kecelakaan Ringan ;46-65;Laki-laki;Truk Berat / Tronton
Tabrakan dengan kendaraan menyebrang dari sisi kanan jalan;0;1;0;-7,280609458;112,5833112;Barat (270°);Terang / Jelas;Cerah;Lokal / Lingkungan;II (Jalan Sedang utk beban s/d 10 ton & 12m  Panjang Ran);Lurus;2/2 TB (2 Lajur/2 Arah Tanpa Batas Median);50;Jalan Kota / Kabupaten;Jalan Raya Ds. Hulaan Kec. Menganti Kab. Gresik;Menganti;Kecelakaan Ringan;;Perempuan;R2 (Sepeda Motor)
Tabrakan dengan kendaraan menyebrang dari sisi kanan jalan;0;2;0;-7,192477133;112,509603;Timur (90°);Terang / Jelas;Cerah;Lokal / Lingkungan;II (Jalan Sedang utk beban s/d 10 ton & 12m  Panjang Ran);Lurus;2/2 TB (2 Lajur/2 Arah Tanpa Batas Median);40;Jalan Kota / Kabupaten;Jalan Raya Ds. Jatirembe Kec. Benjeng Kab. Gresik;Benjeng;Kecelakaan Ringan ;;Laki-laki;R2 (Sepeda Motor)
Tabrakan dengan kendaraan menyebrang dari sisi kanan jalan;0;2;0;-7,169566511;112,5812267;Utara (0°);Gelap / Sulit Terlihat;Cerah;Arteri;I (Jalan Besar utk beban 10 ton & max 18 m Panjang Ran);Lurus;2/2 TB (2 Lajur/2 Arah Tanpa Batas Median);50;Jalan Nasional;Jalan Raya Ds Banjarsari Kec Cerme Kab. Gresik;Cerme;Kecelakaan Ringan ;26-45;Laki-laki;R2 (Sepeda Motor)
Tabrakan dengan kendaraan menyebrang dari sisi kanan jalan;0;1;0;-7,001216105;112,5765665;Timur (90°);Terang / Jelas;Cerah;Lokal / Lingkungan;II (Jalan Sedang utk beban s/d 10 ton & 12m  Panjang Ran);Lurus;2/2 TB (2 Lajur/2 Arah Tanpa Batas Median);40;Jalan Kota / Kabupaten;Jalan Raya Ds. Ngawen Kec. Sidayu Kab. Gresik;Sidayu;Kecelakaan Ringan ;46-65;Perempuan;R2 (Sepeda Motor)
Tabrakan dengan kendaraan menyebrang dari sisi kanan jalan;0;1;0;-6,994502284;112,5639037;Timur (90°);Terang / Jelas;Cerah;Arteri;I (Jalan Besar utk beban 10 ton & max 18 m Panjang Ran);Lurus;2/2 TB (2 Lajur/2 Arah Tanpa Batas Median);40;Jalan Nasional;Jalan Raya Ds. Sidomulyo Kec. Sidayu Kab. Gresik;Sidayu;Kecelakaan Ringan ;46-65;Laki-laki;Mini Bus
Tabrakan dengan kendaraan menyebrang dari sisi kanan jalan;0;2;0;-7,357199675;112,6281379;Timur (90°);Terang / Jelas;Cerah;Lokal / Lingkungan;II (Jalan Sedang utk beban s/d 10 ton & 12m  Panjang Ran);Lurus;2/2 TB (2 Lajur/2 Arah Tanpa Batas Median);50;Jalan Kota / Kabupaten;Jalan Raya Ds. Tenaru Kec. Driyorejo Kab. Gresik;Driyorejo;Kecelakaan Ringan ;<17;Laki-laki;R2 (Sepeda Motor)
Tabrakan dengan kendaraan menyebrang dari sisi kanan jalan;0;1;0;-7,337849496;112,6305015;Timur (90°);Terang / Jelas;Cerah;Lokal / Lingkungan;II (Jalan Sedang utk beban s/d 10 ton & 12m  Panjang Ran);Lurus;2/2 TB (2 Lajur/2 Arah Tanpa Batas Median);40;Jalan Kota / Kabupaten;Jalan Raya Desa Petiken Kecamatan Driyorejo Kabupaten Gresik;Driyorejo;Kecelakaan Ringan ;<17;Perempuan;R2 (Sepeda Motor)
Tabrakan dengan kendaraan menyebrang dari sisi kanan jalan;0;2;0;-7,149939269;112,642307;Selatan (180°);Terang / Jelas;Cerah;Lokal / Lingkungan;II (Jalan Sedang utk beban s/d 10 ton & 12m  Panjang Ran);Lurus;2/2 TB (2 Lajur/2 Arah Tanpa Batas Median);50;Jalan Kota / Kabupaten;Jalan Raya Gubernur Suryo Kel. Tlogopojok Kec. Gresik;Gresik;Kecelakaan Ringan ;26-45;Laki-laki;Trailer 20 Feet
Tabrakan dengan kendaraan menyebrang dari sisi kanan jalan;0;2;0;-7,368411202;112,6046196;Utara (0°);Terang / Jelas;Cerah;Lokal / Lingkungan;II (Jalan Sedang utk beban s/d 10 ton & 12m  Panjang Ran);Lurus;2/2 TB (2 Lajur/2 Arah Tanpa Batas Median);40;Jalan Kota / Kabupaten;Jalan raya Ds Driyorejo kec Driyorejo Kab. Gresik;Driyorejo;Kecelakaan Ringan ;;Laki-laki;R2 (Sepeda Motor)
Tabrakan dengan kendaraan menyebrang dari sisi kanan jalan;0;3;0;-7,251061377;112,5869223;Timur (90°);Terang / Jelas;Cerah;Lokal / Lingkungan;II (Jalan Sedang utk beban s/d 10 ton & 12m  Panjang Ran);Lurus;2/2 TB (2 Lajur/2 Arah Tanpa Batas Median);40;Jalan Kota / Kabupaten;Jalan Raya Ds. Gempolkurung Kec. Menganti Kab. Gresik;Menganti;Kecelakaan Ringan ;26-45;Laki-laki;R2 (Sepeda Motor)
Tabrakan dengan kendaraan menyebrang dari sisi kanan jalan;0;1;0;-7,295465037;112,5969558;Barat (270°);Terang / Jelas;Cerah;Lokal / Lingkungan;II (Jalan Sedang utk beban s/d 10 ton & 12m  Panjang Ran);Lurus;2/2 TB (2 Lajur/2 Arah Tanpa Batas Median);40;Jalan Kota / Kabupaten;Jalan Raya Ds. Sidowungu Kec. Menganti Kab. Gresik;Menganti;Kecelakaan Ringan ;26-45;Perempuan;R2 (Sepeda Motor)
Tabrakan dengan kendaraan menyebrang dari sisi kanan jalan;0;3;0;-7,052467342;112,5728882;Barat (270°);Terang / Jelas;Cerah;Lokal / Lingkungan;II (Jalan Sedang utk beban s/d 10 ton & 12m  Panjang Ran);Lurus;2/2 TB (2 Lajur/2 Arah Tanpa Batas Median);40;Jalan Kota / Kabupaten;Jalan Raya Desa Bungah Kecamatan Bungah Kabupaten Gresik;Bungah;Kecelakaan Ringan ;26-45;Laki-laki;R2 (Sepeda Motor)
Tabrakan dengan kendaraan menyebrang dari sisi kanan jalan;0;1;0;-7,163127451;112,629329;Selatan (180°);Terang / Jelas;Cerah;Lokal / Lingkungan;II (Jalan Sedang utk beban s/d 10 ton & 12m  Panjang Ran);Lurus;2/2 TB (2 Lajur/2 Arah Tanpa Batas Median);40;Jalan Kota / Kabupaten;Jalan Raya Dr. Wahidin Sudirohusodo  Kel. Randuagung Kec. Kebomas Kab. Gresik;Kebomas;Kecelakaan Ringan ;46-65;Perempuan;R2 (Sepeda Motor)
Kendaraan Out of Control keluar ke kiri jalan;1;0;0;-7,185154051;112,6608825;Timur (90°);Terang / Jelas;Cerah;Lokal / Lingkungan;II (Jalan Sedang utk beban s/d 10 ton & 12m  Panjang Ran);Lurus;2/2 TB (2 Lajur/2 Arah Tanpa Batas Median);40;Jalan Kota / Kabupaten;Jalan Raya Kapten Darmosugondo Desa Karangkiring Kecamatan Kebomas Kabupaten Gresik;Kebomas;Kecelakaan Berat ;46-65;Laki-laki;Mini Truk
Kendaraan Out of Control keluar ke kiri jalan;1;0;0;-7,250909008;112,5666168;Barat (270°);Terang / Jelas;Cerah;Lokal / Lingkungan;II (Jalan Sedang utk beban s/d 10 ton & 12m  Panjang Ran);Lurus;2/2 TB (2 Lajur/2 Arah Tanpa Batas Median);40;Jalan Kota / Kabupaten;Jalan Raya Ds. Boboh Kec. Meganti Kab. Gresik;Menganti;Kecelakaan Fatal ;46-65;Laki-laki;R2 (Sepeda Motor)
Kendaraan Out of Control keluar ke kiri jalan;1;1;0;-5,822363283;112,6705466;Utara (0°);Terang / Jelas;Cerah;Lokal / Lingkungan;III (Jalan Kecil utk max beban 8 ton & 9 m Panjang Ran);Lurus;2/2 TB (2 Lajur/2 Arah Tanpa Batas Median);30;Jalan Desa;Jalan Umum Ds. Gunungteguh Kec. Sangkapura Kab. Gresik;Sangkapura;Kecelakaan Berat ;17-25;Perempuan;R2 (Sepeda Motor)
Kendaraan Out of Control keluar ke kiri jalan;0;0;1;-7,291964886;112,5728719;Barat (270°);Terang / Jelas;Cerah;Lokal / Lingkungan;II (Jalan Sedang utk beban s/d 10 ton & 12m  Panjang Ran);Lurus;2/2 TB (2 Lajur/2 Arah Tanpa Batas Median);50;Jalan Kota / Kabupaten;Jalan Raya Sidojangkung Kec. Menganti Kab. Gresik;Menganti;Kecelakaan Fatal ;46-65;Laki-laki;R2 (Sepeda Motor)
Kendaraan Out of Control keluar ke kiri jalan;1;1;0;-7,174356944;112,6126791;Selatan (180°);Terang / Jelas;Cerah;Lokal / Lingkungan;II (Jalan Sedang utk beban s/d 10 ton & 12m  Panjang Ran);Lurus;2/2 TB (2 Lajur/2 Arah Tanpa Batas Median);50;Jalan Kota / Kabupaten;Jalan Raya Ds. Kembangan Kec. Kebomas Kab. Gresik;Kebomas;Kecelakaan Berat ;26-45;Perempuan;R2 (Sepeda Motor)
Kendaraan Out of Control keluar ke kiri jalan;1;0;0;-7,355002924;112,623412;Barat (270°);Terang / Jelas;Cerah;Tol;I (Jalan Besar utk beban 10 ton & max 18 m Panjang Ran);Lurus;2/1 (2 Lajur/1 Arah);60;Jalan Nasional;Jalan Tol Sumo KM 734 A ( exit tol tenaru driyorejo ) Ds. Tenaru Kec. Driyorejo Kab. Gresik;Driyorejo;Kecelakaan Berat ;46-65;Laki-laki;Mini Bus
Kendaraan Out of Control keluar ke kiri jalan;1;0;0;-7,291230078;112,435665;Selatan (180°);Terang / Jelas;Cerah;Lokal / Lingkungan;II (Jalan Sedang utk beban s/d 10 ton & 12m  Panjang Ran);Lurus;2/2 TB (2 Lajur/2 Arah Tanpa Batas Median);50;Jalan Kota / Kabupaten;Jalan Raya Ds. Karangsemanding Kec. Balongpanggang Kab. Gresik;Balongpanggang;Kecelakaan Berat ;26-45;Laki-laki;R2 (Sepeda Motor)
Kendaraan Out of Control keluar ke kiri jalan;1;1;0;-7,130034727;112,4788257;Barat (270°);Terang / Jelas;Cerah;Arteri;I (Jalan Besar utk beban 10 ton & max 18 m Panjang Ran);Lurus;4/2 B (4 Lajur/2 Arah dengan Batas Median);50;Jalan Nasional;Jalan Raya Desa Pandanan Kecamatan Duduksampeyan Kabupaten Gresik;Duduk Sampeyan;Kecelakaan Berat ;;Laki-laki;R2 (Sepeda Motor)
Kendaraan Out of Control keluar ke kiri jalan;1;0;0;-7,396154392;112,5358514;Timur (90°);Terang / Jelas;Cerah;Lokal / Lingkungan;II (Jalan Sedang utk beban s/d 10 ton & 12m  Panjang Ran);Lurus;2/2 TB (2 Lajur/2 Arah Tanpa Batas Median);40;Jalan Kota / Kabupaten;Jalan Raya Ds. Tanggunan Kec. Wringinanom Kab. Gresik;Wringinanom;Kecelakaan Berat ;;Laki-laki;R2 (Sepeda Motor)
Kendaraan Out of Control keluar ke kiri jalan;1;0;0;-7,390113981;112,5450683;Utara (0°);Terang / Jelas;Cerah;Tol;I (Jalan Besar utk beban 10 ton & max 18 m Panjang Ran);Lurus;4/2 B (4 Lajur/2 Arah dengan Batas Median);60;Jalan Nasional;Jalan Tol KLBM KM 4.700B Ds. Sumengko Kec. Wringinanom Kab. Gresik;Wringinanom;Kecelakaan Berat ;26-45;Laki-laki;Mini Bus
Kendaraan Out of Control keluar ke kiri jalan;1;0;0;-7,277726372;112,5781737;Selatan (180°);Terang / Jelas;Cerah;Lokal / Lingkungan;II (Jalan Sedang utk beban s/d 10 ton & 12m  Panjang Ran);Lurus;2/2 TB (2 Lajur/2 Arah Tanpa Batas Median);40;Jalan Kota / Kabupaten;Jalan Raya Desa Hulaan Kecamatan Menganti  Kabupaten Gresik;Menganti;Kecelakaan Berat ;26-45;Laki-laki;R2 (Sepeda Motor)
Kendaraan Out of Control keluar ke kiri jalan;1;0;0;-7,252652969;112,5552942;Barat (270°);Terang / Jelas;Cerah;Lokal / Lingkungan;II (Jalan Sedang utk beban s/d 10 ton & 12m  Panjang Ran);Lurus;2/2 TB (2 Lajur/2 Arah Tanpa Batas Median);50;Jalan Kota / Kabupaten;Jalan Raya Ds. Morowudi Kec. Cerme Kab. Gresik;Cerme;Kecelakaan Berat ;46-65;Laki-laki;R2 (Sepeda Motor)
Kendaraan Out of Control keluar ke kiri jalan;1;0;0;-7,188091282;112,6602153;Timur (90°);Terang / Jelas;Cerah;Lokal / Lingkungan;II (Jalan Sedang utk beban s/d 10 ton & 12m  Panjang Ran);Lurus;2/2 TB (2 Lajur/2 Arah Tanpa Batas Median);50;Jalan Kota / Kabupaten;Jalan Raya Darmo Sugondo Ds. Karang kiring Kec. Kebomas Kab. Gresik;Kebomas;Kecelakaan Berat ;17-25;Laki-laki;R2 (Sepeda Motor)
Tabrakan samping;1;2;0;-7,18115084;112,5798015;Selatan (180°);Terang / Jelas;Cerah;Kolektor;I (Jalan Besar utk beban 10 ton & max 18 m Panjang Ran);Lurus;2/2 TB (2 Lajur/2 Arah Tanpa Batas Median);50;Jalan Propinsi;Jalan Raya Ds. Banjarsari Kec. Cerme Kab. Gresik;Cerme;Kecelakaan Berat ;<17;Perempuan;Medium Truk
Tabrakan samping;0;0;1;-7,384422166;112,5761022;Selatan (180°);Terang / Jelas;Cerah;Arteri;I (Jalan Besar utk beban 10 ton & max 18 m Panjang Ran);X atau + (Simpang Empat);2/2 TB (2 Lajur/2 Arah Tanpa Batas Median);50;Jalan Nasional;Jalan Raya Simpang 4 Legundi Ds. Krikilan Kec. Driyorejo Kab. Gresik;Driyorejo;Kecelakaan Fatal ;17-25;Laki-laki;Truk Berat / Tronton
Tabrakan samping;0;1;0;-7,162206638;112,5347676;Barat (270°);Terang / Jelas;Cerah;Arteri;I (Jalan Besar utk beban 10 ton & max 18 m Panjang Ran);Lurus;2/2 TB (2 Lajur/2 Arah Tanpa Batas Median);50;Jalan Nasional;Jalan Raya Ds. Tebaloan Kec. Duduksampeyan Kab. Gresik;Duduk Sampeyan;Kecelakaan Ringan ;46-65;Perempuan;R2 (Sepeda Motor)
Tabrakan samping;0;1;0;-7,278435472;112,5653038;Utara (0°);Gelap / Sulit Terlihat;Cerah;Kolektor;I (Jalan Besar utk beban 10 ton & max 18 m Panjang Ran);Lurus;2/2 TB (2 Lajur/2 Arah Tanpa Batas Median);50;Jalan Propinsi;Jalan Raya Ds. Domas Kec. Menganti Kab. Gresik;Menganti;Kecelakaan Ringan ;<17;Laki-laki;Mini Bus
Tabrakan samping;0;1;0;-7,149277775;112,5110705;Barat (270°);Terang / Jelas;Cerah;Arteri;I (Jalan Besar utk beban 10 ton & max 18 m Panjang Ran);Lurus;4/2 B (4 Lajur/2 Arah dengan Batas Median);40;Jalan Nasional;Jalan Raya Ds. Setrohadi Kec. Duduksampeyan Kab. Gresik;Duduk Sampeyan;Kecelakaan Ringan ;17-25;Laki-laki;R2 (Sepeda Motor)
Tabrakan samping;1;1;0;-7,099778546;112,5642717;Barat (270°);Terang / Jelas;Cerah;Lokal / Lingkungan;II (Jalan Sedang utk beban s/d 10 ton & 12m  Panjang Ran);Lurus;2/2 TB (2 Lajur/2 Arah Tanpa Batas Median);50;Jalan Kota / Kabupaten;Jalan raya Ds Betoyoguci Kec Manyar Kab. Gresik;Manyar;Kecelakaan Berat ;26-45;Perempuan;Sepeda Angin
Tabrakan samping;1;1;0;-7,286829116;112,5853421;Barat (270°);Terang / Jelas;Cerah;Lokal / Lingkungan;II (Jalan Sedang utk beban s/d 10 ton & 12m  Panjang Ran);Lurus;2/2 TB (2 Lajur/2 Arah Tanpa Batas Median);50;Jalan Kota / Kabupaten;Jalan Raya Ds. Hulaan Kec. Menganti Kab. Gresik;Menganti;Kecelakaan Berat ;;Perempuan;R2 (Sepeda Motor)
Tabrakan samping;0;1;0;-7,226617098;112,5594552;Barat (270°);Terang / Jelas;Cerah;Lokal / Lingkungan;II (Jalan Sedang utk beban s/d 10 ton & 12m  Panjang Ran);Lurus;2/2 TB (2 Lajur/2 Arah Tanpa Batas Median);50;Jalan Kota / Kabupaten;Jalan Raya Ds. Cerme Lor Kec. Cerme Kab. Gresik;Cerme;Kecelakaan Ringan;;Perempuan;R2 (Sepeda Motor)
Tabrakan samping;0;1;0;-6,99951716;112,5640378;Utara (0°);Terang / Jelas;Cerah;Arteri;I (Jalan Besar utk beban 10 ton & max 18 m Panjang Ran);Lurus;2/2 TB (2 Lajur/2 Arah Tanpa Batas Median);40;Jalan Nasional;Jalan Raya Ds. Racitengah Kec. Sidayu Kab. Gresik;Sidayu;Kecelakaan Ringan;;Perempuan;R2 (Sepeda Motor)
Tabrakan samping;0;1;0;-7,176575095;112,61163;Barat (270°);Terang / Jelas;Cerah;Lokal / Lingkungan;II (Jalan Sedang utk beban s/d 10 ton & 12m  Panjang Ran);Lurus;2/2 TB (2 Lajur/2 Arah Tanpa Batas Median);50;Jalan Kota / Kabupaten;Jalan Raya Mayjend Sungkono Kel. Kembangan Kec. Kebomas Kab. Gresik;Kebomas;Kecelakaan Ringan ;17-25;Laki-laki;R2 (Sepeda Motor)
Tabrakan samping;1;1;0;-7,013674124;112,5673507;Selatan (180°);Terang / Jelas;Cerah;Arteri;I (Jalan Besar utk beban 10 ton & max 18 m Panjang Ran);Lurus;2/2 TB (2 Lajur/2 Arah Tanpa Batas Median);50;Jalan Nasional;Jalan Raya Ds. Gumeng Kec. Bungah Kab. Gresik;Bungah;Kecelakaan Ringan ;46-65;Laki-laki;R2 (Sepeda Motor)
Tabrakan samping;0;1;0;-7,166976714;112,6052884;Barat (270°);Terang / Jelas;Cerah;Lokal / Lingkungan;II (Jalan Sedang utk beban s/d 10 ton & 12m  Panjang Ran);Lurus;2/2 TB (2 Lajur/2 Arah Tanpa Batas Median);40;Jalan Kota / Kabupaten;Jalan Raya Dr. Wahidin Sudirohusodo  Ds. Kembangan Kec. Kebomas Kab. Gresik;Kebomas;Kecelakaan Ringan ;26-45;Laki-laki;Mini Truk
Tabrakan samping;1;0;0;-7,365840605;112,6320528;Timur (90°);Terang / Jelas;Cerah;Kolektor;I (Jalan Besar utk beban 10 ton & max 18 m Panjang Ran);Lurus;2/2 TB (2 Lajur/2 Arah Tanpa Batas Median);50;Jalan Propinsi;Jalan Raya Desa Cangkir Kecamatan Driyorejo Kabupaten Gresik;Driyorejo;Kecelakaan Berat ;<17;Perempuan;R2 (Sepeda Motor)
Tabrakan kendaraan belok kanan dengan kendaraan dari arah kiri;1;0;0;-7,230402414;112,4544918;Barat (270°);Terang / Jelas;Cerah;Lokal / Lingkungan;II (Jalan Sedang utk beban s/d 10 ton & 12m  Panjang Ran);Lurus;2/2 TB (2 Lajur/2 Arah Tanpa Batas Median);40;Jalan Kota / Kabupaten;Jalan Raya Ds. Ganggang Kec. Balongpanggang Kab. Gresik;Balongpanggang;Kecelakaan Berat ;;Perempuan;Sepeda Angin
Tabrakan kendaraan belok kanan dengan kendaraan dari arah kiri;0;2;0;-7,044761484;112,5751672;Timur (90°);Terang / Jelas;Cerah;Lokal / Lingkungan;II (Jalan Sedang utk beban s/d 10 ton & 12m  Panjang Ran);Lurus;2/2 TB (2 Lajur/2 Arah Tanpa Batas Median);40;Jalan Kota / Kabupaten;Jalan Raya Ds. Bungah Kec. Bungah Kab. Gresik;Bungah;Kecelakaan Ringan ;17-25;Laki-laki;R2 (Sepeda Motor)
Tabrakan kendaraan belok kanan dengan kendaraan dari arah kiri;0;2;0;-7,229646253;112,5620682;Barat (270°);Terang / Jelas;Cerah;Lokal / Lingkungan;III (Jalan Kecil utk max beban 8 ton & 9 m Panjang Ran);Lurus;2/2 TB (2 Lajur/2 Arah Tanpa Batas Median);30;Jalan Desa;Jalan Umum Ds. Cerme Kidul Kec. Cerme Kab. Gresik;Cerme;Kecelakaan Ringan ;<17;Laki-laki;R2 (Sepeda Motor)
Tabrakan kendaraan belok kanan dengan kendaraan dari arah kiri;0;2;0;-7,223252505;112,5263188;Utara (0°);Terang / Jelas;Cerah;Lokal / Lingkungan;II (Jalan Sedang utk beban s/d 10 ton & 12m  Panjang Ran);Lurus;2/2 TB (2 Lajur/2 Arah Tanpa Batas Median);40;Jalan Kota / Kabupaten;Jalan Raya Ds. Kandangan Kec. Cerme Kab. Gresik;Cerme;Kecelakaan Ringan ;46-65;Laki-laki;R2 (Sepeda Motor)
Tabrakan kendaraan belok kanan dengan kendaraan dari arah kiri;0;2;0;-7,181829343;112,6178658;Timur (90°);Terang / Jelas;Cerah;Lokal / Lingkungan;II (Jalan Sedang utk beban s/d 10 ton & 12m  Panjang Ran);Lurus;2/2 TB (2 Lajur/2 Arah Tanpa Batas Median);40;Jalan Kota / Kabupaten;Jalan Raya Ds. Sekarkurung Kec. Kebomas Kab. Gresik;Kebomas;Kecelakaan Ringan ;17-25;Perempuan;R2 (Sepeda Motor)
Tabrakan kendaraan belok kanan dengan kendaraan dari arah kiri;1;0;0;-7,406464084;112,5005754;Utara (0°);Terang / Jelas;Cerah;Kolektor;I (Jalan Besar utk beban 10 ton & max 18 m Panjang Ran);Lurus;2/2 TB (2 Lajur/2 Arah Tanpa Batas Median);50;Jalan Propinsi;Jalan Raya Ds. Kedunganyar Kec. Wringinanom Kab. Gresik;Wringinanom;Kecelakaan Berat ;17-25;Laki-laki;R2 (Sepeda Motor)
Tabrakan kendaraan belok kanan dengan kendaraan dari arah kiri;0;1;0;-7,166728721;112,5629802;Utara (0°);Terang / Jelas;Cerah;Arteri;I (Jalan Besar utk beban 10 ton & max 18 m Panjang Ran);Lurus;4/2 TB (4 Lajur/2 Arah Tanpa Batas Median);40;Jalan Nasional;Jalan Raya Ds. Ambeng-ambeng Kec. Duduksampeyan Kab. Gresik;Duduk Sampeyan;Kecelakaan Ringan;;Laki-laki;R2 (Sepeda Motor)
Tabrakan kendaraan belok kanan dengan kendaraan dari arah kiri;0;2;0;-7,187515542;112,6128966;Timur (90°);Terang / Jelas;Cerah;Lokal / Lingkungan;II (Jalan Sedang utk beban s/d 10 ton & 12m  Panjang Ran);Lurus;2/2 TB (2 Lajur/2 Arah Tanpa Batas Median);40;Jalan Kota / Kabupaten;Jalan Raya Ds. Kedanyang Kec. Kebomas Kab. Gresik;Kebomas;Kecelakaan Ringan ;46-65;Laki-laki;R2 (Sepeda Motor)
Tabrakan kendaraan belok kanan dengan kendaraan dari arah kiri;0;1;0;-7,384475454;112,5761159;Timur (90°);Terang / Jelas;Cerah;Kolektor;I (Jalan Besar utk beban 10 ton & max 18 m Panjang Ran);X atau + (Simpang Empat);2/2 TB (2 Lajur/2 Arah Tanpa Batas Median);50;Jalan Propinsi;Jalan Raya Legundi Ds. Krikilan Kec. Driyorejo Kab. Gresik;Driyorejo;Kecelakaan Ringan ;26-45;Laki-laki;Truk Gandeng
Tabrakan kendaraan belok kanan dengan kendaraan dari arah kiri;0;1;0;-7,038372682;112,5342661;Selatan (180°);Terang / Jelas;Cerah;Lokal / Lingkungan;II (Jalan Sedang utk beban s/d 10 ton & 12m  Panjang Ran);Lurus;2/2 TB (2 Lajur/2 Arah Tanpa Batas Median);50;Jalan Kota / Kabupaten;Jalan Raya Ds. Melirang Kec. Bungah Kab. Gresik;Bungah;Kecelakaan Ringan ;;Laki-laki;R2 (Sepeda Motor)
Tabrakan kendaraan belok kanan dengan kendaraan dari arah kiri;0;2;0;-7,138794755;112,6096792;Timur (90°);Gelap / Sulit Terlihat;Cerah;Lokal / Lingkungan;II (Jalan Sedang utk beban s/d 10 ton & 12m  Panjang Ran);Lurus;2/2 TB (2 Lajur/2 Arah Tanpa Batas Median);40;Jalan Kota / Kabupaten;Jalan Raya Ds. Pongangan Kec. Manyar Kab. Gresik;Manyar;Kecelakaan Ringan ;46-65;Laki-laki;R2 (Sepeda Motor)
Tabrakan kendaraan belok kanan dengan kendaraan dari arah kiri;0;1;0;-7,158041383;112,6328425;Selatan (180°);Terang / Jelas;Cerah;Lokal / Lingkungan;II (Jalan Sedang utk beban s/d 10 ton & 12m  Panjang Ran);Lurus;2/2 TB (2 Lajur/2 Arah Tanpa Batas Median);40;Jalan Kota / Kabupaten;Jalan Raya Siti Fatimah Binti Mimun Ds. Tlogopojok Kec. Gresik;Gresik;Kecelakaan Ringan ;46-65;Laki-laki;R2 (Sepeda Motor)
Di ruas jalan, pejalan kaki sejajar jalan di kiri atau di kanan;0;2;0;-7,325959314;112,5670543;Barat (270°);Terang / Jelas;Cerah;Lokal / Lingkungan;II (Jalan Sedang utk beban s/d 10 ton & 12m  Panjang Ran);Lurus;2/2 TB (2 Lajur/2 Arah Tanpa Batas Median);40;Jalan Kota / Kabupaten;Jalan Raya Desa Ngepung Kecamatan Kedamean Kabupaten Gresik;Kedamean;Kecelakaan Ringan ;26-45;Laki-laki;Pick up
Di ruas jalan, pejalan kaki sejajar jalan di kiri atau di kanan;0;1;0;-7,271288338;112,5850953;Utara (0°);Terang / Jelas;Cerah;Lokal / Lingkungan;II (Jalan Sedang utk beban s/d 10 ton & 12m  Panjang Ran);Lurus;2/2 TB (2 Lajur/2 Arah Tanpa Batas Median);50;Jalan Kota / Kabupaten;Jalan Raya Ds. Pelemwatu Kec. Menganti Kab. Gresik;Menganti;Kecelakaan Ringan;;Perempuan;Pejalan Kaki
Di ruas jalan, pejalan kaki sejajar jalan di kiri atau di kanan;0;1;0;-7,261221168;112,5038215;Barat (270°);Terang / Jelas;Cerah;Lokal / Lingkungan;II (Jalan Sedang utk beban s/d 10 ton & 12m  Panjang Ran);Lurus;2/2 TB (2 Lajur/2 Arah Tanpa Batas Median);50;Jalan Kota / Kabupaten;Jalan Raya Ds. Bulurejo Kec. Benjeng Kab. Gresik;Benjeng;Kecelakaan Ringan ;17-25;Laki-laki;Pick up
Di ruas jalan, pejalan kaki sejajar jalan di kiri atau di kanan;0;1;0;-7,16033568;112,6204118;Timur (90°);Terang / Jelas;Cerah;Lokal / Lingkungan;III (Jalan Kecil utk max beban 8 ton & 9 m Panjang Ran);Lurus;2/2 TB (2 Lajur/2 Arah Tanpa Batas Median);40;Jalan Desa;Jalan Umum Dr. Wahidin Sudirohusodo  Ds. Randuagung Kec. Kebomas Kab. Gresik;Kebomas;Kecelakaan Ringan ;26-45;Laki-laki;Mini Bus
Di ruas jalan, pejalan kaki sejajar jalan di kiri atau di kanan;1;1;0;-7,301035883;112,431661;Selatan (180°);Terang / Jelas;Cerah;Lokal / Lingkungan;II (Jalan Sedang utk beban s/d 10 ton & 12m  Panjang Ran);Lurus;2/2 TB (2 Lajur/2 Arah Tanpa Batas Median);40;Jalan Kota / Kabupaten;Jalan Raya Desa Sekarputih Kecamatan Balongpanggang Kabupaten Gresik;Balongpanggang;Kecelakaan Berat ;;Laki-laki;R2 (Sepeda Motor)
Di ruas jalan, pejalan kaki sejajar jalan di kiri atau di kanan;0;1;0;-7,395391704;112,5245011;Barat (270°);Terang / Jelas;Cerah;Lokal / Lingkungan;II (Jalan Sedang utk beban s/d 10 ton & 12m  Panjang Ran);Lurus;2/2 TB (2 Lajur/2 Arah Tanpa Batas Median);40;Jalan Kota / Kabupaten;Jalan Raya Ds. Wringinanom Kec. Wringinanom Kab. Gresik;Wringinanom;Kecelakaan Ringan ;46-65;Perempuan;R2 (Sepeda Motor)
Di ruas jalan, pejalan kaki sejajar jalan di kiri atau di kanan;0;1;0;-7,306763366;112,5071413;Timur (90°);Terang / Jelas;Cerah;Lokal / Lingkungan;III (Jalan Kecil utk max beban 8 ton & 9 m Panjang Ran);Lurus;2/2 TB (2 Lajur/2 Arah Tanpa Batas Median);40;Jalan Desa;Jalan Umum Ds. Tulung Kec. Kedamean Kab. Gresik;Kedamean;Kecelakaan Ringan ;<17;Perempuan;R2 (Sepeda Motor)
Di ruas jalan, pejalan kaki sejajar jalan di kiri atau di kanan;0;2;0;-7,223366225;112,5014304;Selatan (180°);Terang / Jelas;Cerah;Lokal / Lingkungan;II (Jalan Sedang utk beban s/d 10 ton & 12m  Panjang Ran);Lurus;2/2 TB (2 Lajur/2 Arah Tanpa Batas Median);40;Jalan Kota / Kabupaten;Jalan Raya Desa Metatu Kecamatan Benjeng Kabupaten Gresik;Benjeng;Kecelakaan Ringan ;<17;Laki-laki;R2 (Sepeda Motor)
Di ruas jalan, pejalan kaki sejajar jalan di kiri atau di kanan;0;2;0;-7,156814664;112,5904846;Utara (0°);Terang / Jelas;Cerah;Lokal / Lingkungan;II (Jalan Sedang utk beban s/d 10 ton & 12m  Panjang Ran);Lurus;2/2 TB (2 Lajur/2 Arah Tanpa Batas Median);40;Jalan Kota / Kabupaten;Jalan Raya KH. Syafi’i Desa Dahanrejo Kecamatan Kebomas Kabupaten Gresik;Kebomas;Kecelakaan Ringan ;26-45;Laki-laki;R2 (Sepeda Motor)
Tabrakan saat pindah lajur ke kiri;0;1;0;-6,968717698;112,4468246;Selatan (180°);Terang / Jelas;Cerah;Lokal / Lingkungan;II (Jalan Sedang utk beban s/d 10 ton & 12m  Panjang Ran);Lurus;2/2 TB (2 Lajur/2 Arah Tanpa Batas Median);40;Jalan Kota / Kabupaten;Jalan Raya Ds. Tebuwung Kec. Dukun Kab. Gresik;Dukun;Kecelakaan Ringan ;26-45;Perempuan;R2 (Sepeda Motor)
Tabrakan saat pindah lajur ke kiri;0;1;0;-7,039426044;112,5357077;Timur (90°);Terang / Jelas;Cerah;Lokal / Lingkungan;II (Jalan Sedang utk beban s/d 10 ton & 12m  Panjang Ran);Lurus;2/2 TB (2 Lajur/2 Arah Tanpa Batas Median);40;Jalan Kota / Kabupaten;Jalan Raya Ds. Melirang Kec. Bungah Kab. Gresik;Bungah;Kecelakaan Ringan ;<17;Perempuan;R2 (Sepeda Motor)
Tabrakan saat pindah lajur ke kiri;0;1;0;-7,165009404;112,5493586;Timur (90°);Terang / Jelas;Cerah;Arteri;I (Jalan Besar utk beban 10 ton & max 18 m Panjang Ran);Lurus;2/2 TB (2 Lajur/2 Arah Tanpa Batas Median);40;Jalan Nasional;Jalan Raya Ds. Tebaloan Kec. Duduksampeyan Kab. Gresik;Duduk Sampeyan;Kecelakaan Ringan ;26-45;Perempuan;R2 (Sepeda Motor)
Tabrakan saat pindah lajur ke kiri;0;1;0;-7,157574791;112,640662;Barat (270°);Terang / Jelas;Cerah;Lokal / Lingkungan;II (Jalan Sedang utk beban s/d 10 ton & 12m  Panjang Ran);Lurus;2/2 TB (2 Lajur/2 Arah Tanpa Batas Median);40;Jalan Kota / Kabupaten;Jalan Raya Ahmad Yani Kelurahan Ngipik Kecamatan Gresik;Gresik;Kecelakaan Ringan ;46-65;Perempuan;R2 (Sepeda Motor)
Tabrakan saat pindah lajur ke kiri;0;1;0;-7,034547037;112,577847;Utara (0°);Terang / Jelas;Cerah;Lokal / Lingkungan;II (Jalan Sedang utk beban s/d 10 ton & 12m  Panjang Ran);Lurus;2/2 TB (2 Lajur/2 Arah Tanpa Batas Median);50;Jalan Kota / Kabupaten;Jalan Raya Desa Kisik Kecamatan Bungah Kabupaten Gresik;Bungah;Kecelakaan Ringan ;17-25;Laki-laki;R2 (Sepeda Motor)
Tabrakan saat pindah lajur ke kiri;0;1;0;-6,978153225;112,5401557;Selatan (180°);Terang / Jelas;Cerah;Arteri;I (Jalan Besar utk beban 10 ton & max 18 m Panjang Ran);Lurus;2/2 TB (2 Lajur/2 Arah Tanpa Batas Median);40;Jalan Nasional;Jalan Raya Ds. Golokan Kec. Sidayu Kab. Gresik;Sidayu;Kecelakaan Ringan ;26-45;Perempuan;R2 (Sepeda Motor)
Tabrakan saat pindah lajur ke kiri;0;1;0;-7,222143551;112,5693252;Utara (0°);Terang / Jelas;Cerah;Kolektor;I (Jalan Besar utk beban 10 ton & max 18 m Panjang Ran);Lurus;2/2 TB (2 Lajur/2 Arah Tanpa Batas Median);50;Jalan Propinsi;Jalan Raya Desa Cerme Lor Kecamatan Cerme Kabupaten Gresik;Cerme;Kecelakaan Ringan;;Perempuan;R2 (Sepeda Motor)
Tabrakan saat pindah lajur ke kiri;1;2;0;-7,048500618;112,5615914;Timur (90°);Terang / Jelas;Cerah;Lokal / Lingkungan;II (Jalan Sedang utk beban s/d 10 ton & 12m  Panjang Ran);Lurus;2/2 TB (2 Lajur/2 Arah Tanpa Batas Median);50;Jalan Kota / Kabupaten;Jalan Raya Ds. Sukowati Kec. Bungah Kab. Gresik;Bungah;Kecelakaan Berat ;46-65;Laki-laki;R2 (Sepeda Motor)
Kendaraan Out of Control keluar ke kanan jalan;0;1;0;-7,19250979;112,6254512;Barat (270°);Terang / Jelas;Cerah;Tol;I (Jalan Besar utk beban 10 ton & max 18 m Panjang Ran);Lurus;4/2 B (4 Lajur/2 Arah dengan Batas Median);80;Jalan Nasional;Jalan Tol Surabaya-Gresik;Kebomas;Kecelakaan Ringan;;Laki-laki;Bus
Kendaraan Out of Control keluar ke kanan jalan;0;1;0;-7,191505517;112,6432678;Timur (90°);Gelap / Sulit Terlihat;Cerah;Lokal / Lingkungan;II (Jalan Sedang utk beban s/d 10 ton & 12m  Panjang Ran);Lurus;2/2 TB (2 Lajur/2 Arah Tanpa Batas Median);50;Jalan Kota / Kabupaten;Jalan Raya Mayjend Sungkono Kel. Segoromadu Kec. Kebomas Kab. Gresik;Kebomas;Kecelakaan Ringan ;26-45;Laki-laki;R2 (Sepeda Motor)
Kendaraan Out of Control keluar ke kanan jalan;1;1;0;-7,143753203;112,6288856;Timur (90°);Terang / Jelas;Cerah;Lokal / Lingkungan;II (Jalan Sedang utk beban s/d 10 ton & 12m  Panjang Ran);Lurus;2/2 TB (2 Lajur/2 Arah Tanpa Batas Median);40;Jalan Kota / Kabupaten;Jalan Raya Ds. Roomo Kec. Manyar Kab. Gresik;Manyar;Kecelakaan Berat ;46-65;Laki-laki;Pick up
Kendaraan Out of Control keluar ke kanan jalan;0;0;1;-7,168956319;112,5885689;Timur (90°);Terang / Jelas;Cerah;Arteri;I (Jalan Besar utk beban 10 ton & max 18 m Panjang Ran);Lurus;4/2 B (4 Lajur/2 Arah dengan Batas Median);50;Jalan Nasional;Jalan Raya Dr. Wahidin Sudirohusodo  Ds. Dahanrejo Kec. Kebomas Kab. Gresik;Kebomas;Kecelakaan Fatal ;17-25;Laki-laki;R2 (Sepeda Motor)
Kendaraan Out of Control keluar ke kanan jalan;1;0;0;-7,214823849;112,5712927;Utara (0°);Terang / Jelas;Cerah;Arteri;I (Jalan Besar utk beban 10 ton & max 18 m Panjang Ran);Lurus;4/2 B (4 Lajur/2 Arah dengan Batas Median);40;Jalan Nasional;Jalan Raya Ds. Cerme Lor Kec. Cerme Kab. Gresik;Cerme;Kecelakaan Berat ;46-65;Laki-laki;R2 (Sepeda Motor)
Tabrakan saat pindah lajur ke kiri;0;1;0;-6,968717698;112,4468246;Selatan (180°);Terang / Jelas;Cerah;Lokal / Lingkungan;II (Jalan Sedang utk beban s/d 10 ton & 12m  Panjang Ran);Lurus;2/2 TB (2 Lajur/2 Arah Tanpa Batas Median);40;Jalan Kota / Kabupaten;Jalan Raya Ds. Tebuwung Kec. Dukun Kab. Gresik;Dukun;Kecelakaan Ringan ;26-45;Perempuan;R2 (Sepeda Motor)
Tabrakan saat pindah lajur ke kiri;0;1;0;-7,039426044;112,5357077;Timur (90°);Terang / Jelas;Cerah;Lokal / Lingkungan;II (Jalan Sedang utk beban s/d 10 ton & 12m  Panjang Ran);Lurus;2/2 TB (2 Lajur/2 Arah Tanpa Batas Median);40;Jalan Kota / Kabupaten;Jalan Raya Ds. Melirang Kec. Bungah Kab. Gresik;Bungah;Kecelakaan Ringan ;<17;Perempuan;R2 (Sepeda Motor)
Tabrakan saat pindah lajur ke kiri;0;1;0;-7,165009404;112,5493586;Timur (90°);Terang / Jelas;Cerah;Arteri;I (Jalan Besar utk beban 10 ton & max 18 m Panjang Ran);Lurus;2/2 TB (2 Lajur/2 Arah Tanpa Batas Median);40;Jalan Nasional;Jalan Raya Ds. Tebaloan Kec. Duduksampeyan Kab. Gresik;Duduk Sampeyan;Kecelakaan Ringan ;26-45;Perempuan;R2 (Sepeda Motor)
Tabrakan saat pindah lajur ke kiri;0;1;0;-7,157574791;112,640662;Barat (270°);Terang / Jelas;Cerah;Lokal / Lingkungan;II (Jalan Sedang utk beban s/d 10 ton & 12m  Panjang Ran);Lurus;2/2 TB (2 Lajur/2 Arah Tanpa Batas Median);40;Jalan Kota / Kabupaten;Jalan Raya Ahmad Yani Kelurahan Ngipik Kecamatan Gresik;Gresik;Kecelakaan Ringan ;46-65;Perempuan;R2 (Sepeda Motor)
Tabrakan saat pindah lajur ke kiri;0;1;0;-6,978153225;112,5401557;Selatan (180°);Terang / Jelas;Cerah;Arteri;I (Jalan Besar utk beban 10 ton & max 18 m Panjang Ran);Lurus;2/2 TB (2 Lajur/2 Arah Tanpa Batas Median);40;Jalan Nasional;Jalan Raya Ds. Golokan Kec. Sidayu Kab. Gresik;Sidayu;Kecelakaan Ringan ;26-45;Perempuan;R2 (Sepeda Motor)
Tabrakan saat pindah lajur ke kiri;0;1;0;-7,034547037;112,577847;Utara (0°);Terang / Jelas;Cerah;Lokal / Lingkungan;II (Jalan Sedang utk beban s/d 10 ton & 12m  Panjang Ran);Lurus;2/2 TB (2 Lajur/2 Arah Tanpa Batas Median);50;Jalan Kota / Kabupaten;Jalan Raya Desa Kisik Kecamatan Bungah Kabupaten Gresik;Bungah;Kecelakaan Ringan ;17-25;Laki-laki;R2 (Sepeda Motor)
Tabrakan saat pindah lajur ke kiri;0;1;0;-7,222143551;112,5693252;Utara (0°);Terang / Jelas;Cerah;Kolektor;I (Jalan Besar utk beban 10 ton & max 18 m Panjang Ran);Lurus;2/2 TB (2 Lajur/2 Arah Tanpa Batas Median);50;Jalan Propinsi;Jalan Raya Desa Cerme Lor Kecamatan Cerme Kabupaten Gresik;Cerme;Kecelakaan Ringan;;Perempuan;R2 (Sepeda Motor)
Tabrakan saat pindah lajur ke kiri;1;2;0;-7,048500618;112,5615914;Timur (90°);Terang / Jelas;Cerah;Lokal / Lingkungan;II (Jalan Sedang utk beban s/d 10 ton & 12m  Panjang Ran);Lurus;2/2 TB (2 Lajur/2 Arah Tanpa Batas Median);50;Jalan Kota / Kabupaten;Jalan Raya Ds. Sukowati Kec. Bungah Kab. Gresik;Bungah;Kecelakaan Berat ;46-65;Laki-laki;R2 (Sepeda Motor)
Kendaraan Out of Control keluar ke kanan jalan;0;1;0;-7,19250979;112,6254512;Barat (270°);Terang / Jelas;Cerah;Tol;I (Jalan Besar utk beban 10 ton & max 18 m Panjang Ran);Lurus;4/2 B (4 Lajur/2 Arah dengan Batas Median);80;Jalan Nasional;Jalan Tol Surabaya-Gresik;Kebomas;Kecelakaan Ringan;;Laki-laki;Bus
Kendaraan Out of Control keluar ke kanan jalan;0;1;0;-7,191505517;112,6432678;Timur (90°);Gelap / Sulit Terlihat;Cerah;Lokal / Lingkungan;II (Jalan Sedang utk beban s/d 10 ton & 12m  Panjang Ran);Lurus;2/2 TB (2 Lajur/2 Arah Tanpa Batas Median);50;Jalan Kota / Kabupaten;Jalan Raya Mayjend Sungkono Kel. Segoromadu Kec. Kebomas Kab. Gresik;Kebomas;Kecelakaan Ringan ;26-45;Laki-laki;R2 (Sepeda Motor)
Kendaraan Out of Control keluar ke kanan jalan;1;1;0;-7,143753203;112,6288856;Timur (90°);Terang / Jelas;Cerah;Lokal / Lingkungan;II (Jalan Sedang utk beban s/d 10 ton & 12m  Panjang Ran);Lurus;2/2 TB (2 Lajur/2 Arah Tanpa Batas Median);40;Jalan Kota / Kabupaten;Jalan Raya Ds. Roomo Kec. Manyar Kab. Gresik;Manyar;Kecelakaan Berat ;46-65;Laki-laki;Pick up
Kendaraan Out of Control keluar ke kanan jalan;0;0;1;-7,168956319;112,5885689;Timur (90°);Terang / Jelas;Cerah;Arteri;I (Jalan Besar utk beban 10 ton & max 18 m Panjang Ran);Lurus;4/2 B (4 Lajur/2 Arah dengan Batas Median);50;Jalan Nasional;Jalan Raya Dr. Wahidin Sudirohusodo  Ds. Dahanrejo Kec. Kebomas Kab. Gresik;Kebomas;Kecelakaan Fatal ;17-25;Laki-laki;R2 (Sepeda Motor)
Kendaraan Out of Control keluar ke kanan jalan;1;0;0;-7,214823849;112,5712927;Utara (0°);Terang / Jelas;Cerah;Arteri;I (Jalan Besar utk beban 10 ton & max 18 m Panjang Ran);Lurus;4/2 B (4 Lajur/2 Arah dengan Batas Median);40;Jalan Nasional;Jalan Raya Ds. Cerme Lor Kec. Cerme Kab. Gresik;Cerme;Kecelakaan Berat ;46-65;Laki-laki;R2 (Sepeda Motor)
Di simpang, tabrakan dengan Kendaraan B yang datang dari arah kiri;0;1;0;-6,96742442;112,4319614;Utara (0°);Terang / Jelas;Cerah;Lokal / Lingkungan;II (Jalan Sedang utk beban s/d 10 ton & 12m  Panjang Ran);Lurus;2/2 TB (2 Lajur/2 Arah Tanpa Batas Median);40;Jalan Kota / Kabupaten;Jalan Raya Ds. Tebuwung Kec. Dukun Kab. Gresik;Dukun;Kecelakaan Ringan ;46-65;Laki-laki;R2 (Sepeda Motor)
Di simpang, tabrakan dengan Kendaraan B yang datang dari arah kiri;0;1;0;-7,384515264;112,5761297;Barat (270°);Terang / Jelas;Cerah;Arteri;I (Jalan Besar utk beban 10 ton & max 18 m Panjang Ran);X atau + (Simpang Empat);2/2 TB (2 Lajur/2 Arah Tanpa Batas Median);50;Jalan Nasional;Jalan Raya Ds krikilan (Simpang 4 legundi)kec Driyorejo Kab. Gresik;Driyorejo;Kecelakaan Ringan ;17-25;Laki-laki;R2 (Sepeda Motor)
Di simpang, tabrakan dengan Kendaraan B yang datang dari arah kiri;0;1;0;-7,155198088;112,6150898;Timur (90°);Terang / Jelas;Cerah;Lokal / Lingkungan;II (Jalan Sedang utk beban s/d 10 ton & 12m  Panjang Ran);Lurus;2/2 TB (2 Lajur/2 Arah Tanpa Batas Median);40;Jalan Kota / Kabupaten;Jalan Sumatra GKB Kel. Randuagung Kec. Kebomas Kab. Gresik;Kebomas;Kecelakaan Ringan ;17-25;Perempuan;R2 (Sepeda Motor)
Tabrakan kendaraan belok kiri dengan kendaraan dari arah kanan;0;2;0;-7,280878407;112,4397419;Barat (270°);Terang / Jelas;Cerah;Lokal / Lingkungan;II (Jalan Sedang utk beban s/d 10 ton & 12m  Panjang Ran);Lurus;2/2 TB (2 Lajur/2 Arah Tanpa Batas Median);40;Jalan Kota / Kabupaten;Jalan Raya Ds. Wahas Kec. Balongpanggang Kab. Gresik;Balongpanggang;Kecelakaan Ringan ;17-25;Laki-laki;R2 (Sepeda Motor)
Tabrakan kendaraan belok kiri dengan kendaraan dari arah kanan;0;1;0;-7,044585641;112,5523494;Utara (0°);Terang / Jelas;Cerah;Lokal / Lingkungan;II (Jalan Sedang utk beban s/d 10 ton & 12m  Panjang Ran);Lurus;2/2 TB (2 Lajur/2 Arah Tanpa Batas Median);40;Jalan Kota / Kabupaten;Jalan Raya Ds. Masangan Kec. Bungah Kab. Gresik;Bungah;Kecelakaan Fatal ;26-45;Perempuan;R2 (Sepeda Motor)
Tabrakan kendaraan belok kiri dengan kendaraan dari arah kanan;0;1;0;-7,169552138;112,6496078;Selatan (180°);Terang / Jelas;Cerah;Lokal / Lingkungan;II (Jalan Sedang utk beban s/d 10 ton & 12m  Panjang Ran);Lurus;2/2 TB (2 Lajur/2 Arah Tanpa Batas Median);50;Jalan Kota / Kabupaten;Jalan Raya RA Kartini Kelurahan Sidomoro Kecamatan Kebomas Kabupaten Gresik;Kebomas;Kecelakaan Ringan ;46-65;Perempuan;R2 (Sepeda Motor)
Tabrakan kendaraan belok kiri dengan kendaraan dari arah kanan;0;1;0;-7,160781744;112,6221622;Selatan (180°);Terang / Jelas;Cerah;Lokal / Lingkungan;II (Jalan Sedang utk beban s/d 10 ton & 12m  Panjang Ran);Lurus;4/2 B (4 Lajur/2 Arah dengan Batas Median);40;Jalan Kota / Kabupaten;Jalan Raya Dr. Wahidin Sudirohusodo  Kel. Randuagung Kec. Kebomas Kab. Gresik;Kebomas;Kecelakaan Ringan ;<17;Laki-laki;R2 (Sepeda Motor)
Tabrakan dengan kendaraan parkir di kanan;1;0;0;-7,141377012;112,4972786;Timur (90°);Terang / Jelas;Cerah;Arteri;I (Jalan Besar utk beban 10 ton & max 18 m Panjang Ran);Lurus;4/2 B (4 Lajur/2 Arah dengan Batas Median);40;Jalan Nasional;Jalan Raya Desa Palebon Kecamatan Duduksampeyan Kabupaten Gresik;Duduk Sampeyan;Kecelakaan Berat ;26-45;Laki-laki;Medium Truk
Tabrakan dengan kendaraan parkir di kanan;0;1;0;-7,140192991;112,4954089;Barat (270°);Terang / Jelas;Cerah;Arteri;I (Jalan Besar utk beban 10 ton & max 18 m Panjang Ran);Lurus;4/2 B (4 Lajur/2 Arah dengan Batas Median);50;Jalan Nasional;Jalan Raya Ds. Tumapel Kec. Duduksampeyan  Kab. Gresik;Duduk Sampeyan;Kecelakaan Ringan ;<17;Laki-laki;Mini Truk
Tabrakan dengan kendaraan parkir di kanan;0;1;0;-7,149581757;112,511619;Barat (270°);Terang / Jelas;Cerah;Arteri;I (Jalan Besar utk beban 10 ton & max 18 m Panjang Ran);Lurus;2/2 TB (2 Lajur/2 Arah Tanpa Batas Median);50;Jalan Nasional;Jalan Raya Ds. Setrohadi Kec. Duduksampeyan Kab. Gresik;Duduk Sampeyan;Kecelakaan Ringan ;17-25;Laki-laki;R2 (Sepeda Motor)
Tabrakan kendaraan belok kiri dengan kendaraan dari arah kiri;0;2;0;-7,318836253;112,565762;Timur (90°);Terang / Jelas;Cerah;Kolektor;I (Jalan Besar utk beban 10 ton & max 18 m Panjang Ran);Lurus;2/2 TB (2 Lajur/2 Arah Tanpa Batas Median);50;Jalan Propinsi;Jalan Raya Ds. kedamean Kec. Kedamean Kab. Gresik;Kedamean;Kecelakaan Ringan ;17-25;Laki-laki;R2 (Sepeda Motor)
Tabrakan kendaraan belok kiri dengan kendaraan dari arah kiri;0;1;0;-7,350399758;112,6467986;Utara (0°);Terang / Jelas;Cerah;Lokal / Lingkungan;III (Jalan Kecil utk max beban 8 ton & 9 m Panjang Ran);Lurus;2/2 TB (2 Lajur/2 Arah Tanpa Batas Median);50;Jalan Desa;Jalan Perum Bukit Bambe Ds. Bambe Kec. Driyorejo Kab. Gresik;Driyorejo;Kecelakaan Ringan ;26-45;Perempuan;R2 (Sepeda Motor)
Tabrakan kendaraan belok kiri dengan kendaraan dari arah kiri;1;0;0;-5,842688647;112,6352287;Utara (0°);Terang / Jelas;Cerah;Lokal / Lingkungan;III (Jalan Kecil utk max beban 8 ton & 9 m Panjang Ran);Lurus;2/2 TB (2 Lajur/2 Arah Tanpa Batas Median);40;Jalan Desa;Jalan Umum Ds. Sungai teluk Kec. Sangkapura Kab. Gresik;Sangkapura;Kecelakaan Fatal ;<17;Laki-laki;R2 (Sepeda Motor)
Di simpang, tabrakan dengan Kendaraan B yang datang dari arah kanan;0;1;0;-7,165929177;112,6394587;Barat (270°);Terang / Jelas;Cerah;Lokal / Lingkungan;II (Jalan Sedang utk beban s/d 10 ton & 12m  Panjang Ran);X atau + (Simpang Empat);2/2 TB (2 Lajur/2 Arah Tanpa Batas Median);50;Jalan Kota / Kabupaten;Jalan Raya Kartini ( Simpang empat kebomas ) Kel. Kebomas Kec. Kebomas Kab. Gresik;Kebomas;Kecelakaan Ringan ;26-45;Laki-laki;Mini Bus
Di simpang, tabrakan dengan Kendaraan B yang datang dari arah kanan;0;1;0;-7,335330381;112,6320734;Selatan (180°);Terang / Jelas;Cerah;Lokal / Lingkungan;II (Jalan Sedang utk beban s/d 10 ton & 12m  Panjang Ran);Lurus;2/2 TB (2 Lajur/2 Arah Tanpa Batas Median);50;Jalan Kota / Kabupaten;Jalan Perum KBD Ds. Petiken Kec. Driyorejo Kab. Gresik;Driyorejo;Kecelakaan Ringan ;<17;Perempuan;R2 (Sepeda Motor)
Tabrak belakang kendaraan depan yang belok kiri;1;0;0;-7,244791951;112,5861845;Selatan (180°);Terang / Jelas;Cerah;Lokal / Lingkungan;II (Jalan Sedang utk beban s/d 10 ton & 12m  Panjang Ran);Lurus;2/2 TB (2 Lajur/2 Arah Tanpa Batas Median);40;Jalan Kota / Kabupaten;Jalan Raya Ds. Kepatihan Kec. Menganti Kab. Gresik;Menganti;Kecelakaan Berat ;46-65;Laki-laki;R2 (Sepeda Motor)
Tabrak belakang kendaraan depan yang belok kiri;0;1;0;-7,221641496;112,5037016;Selatan (180°);Terang / Jelas;Cerah;Lokal / Lingkungan;II (Jalan Sedang utk beban s/d 10 ton & 12m  Panjang Ran);Lurus;2/2 TB (2 Lajur/2 Arah Tanpa Batas Median);40;Jalan Kota / Kabupaten;Jalan Raya Ds. Metatu Kec. Benjeng Kab. Gresik;Benjeng;Kecelakaan Ringan ;17-25;Laki-laki;Mini Truk
Tabrakan saat kendaraan A melakukan gerakan mundur / lawan arah;1;0;0;-7,326459841;112,5662741;Selatan (180°);Terang / Jelas;Cerah;Kolektor;I (Jalan Besar utk beban 10 ton & max 18 m Panjang Ran);Lurus;2/2 TB (2 Lajur/2 Arah Tanpa Batas Median);50;Jalan Propinsi;Jalan Raya Ds. Kedamean Kec. Kedamean Kab. Gresik;Kedamean;Kecelakaan Berat ;17-25;Laki-laki;Mini Truk
Tabrakan saat kendaraan A melakukan gerakan mundur / lawan arah;0;1;0;-7,052662993;112,5745204;Utara (0°);Terang / Jelas;Cerah;Lokal / Lingkungan;II (Jalan Sedang utk beban s/d 10 ton & 12m  Panjang Ran);Lurus;2/2 TB (2 Lajur/2 Arah Tanpa Batas Median);40;Jalan Kota / Kabupaten;Jalan Raya Ds. Bungah Kec. Bungah Kab. Gresik;Bungah;Kecelakaan Ringan ;26-45;Laki-laki;R2 (Sepeda Motor)
Di ruas jalan, pejalan kaki di bahu jalan atau di trotoar;0;4;0;-7,293912189;112,5895035;Timur (90°);Terang / Jelas;Cerah;Lokal / Lingkungan;II (Jalan Sedang utk beban s/d 10 ton & 12m  Panjang Ran);Lurus;2/2 TB (2 Lajur/2 Arah Tanpa Batas Median);60;Jalan Kota / Kabupaten;Jalan Raya Desa Menganti Kecamatan Menganti Kabupaten Gresik;Menganti;Kecelakaan Ringan ;17-25;Laki-laki;Mini Bus
Tabrak belakang kendaraan depan yang belok kanan;0;1;0;-7,031927505;112,5237718;Barat (270°);Terang / Jelas;Cerah;Lokal / Lingkungan;II (Jalan Sedang utk beban s/d 10 ton & 12m  Panjang Ran);Lurus;2/2 TB (2 Lajur/2 Arah Tanpa Batas Median);50;Jalan Kota / Kabupaten;Jalan Raya Ds. Mojopurowetan Kec. Bungah Kab. Gresik;Bungah;Kecelakaan Ringan ;;Perempuan;Sepeda Listrik
Tabrakan dengan kereta api;0;1;1;-7,190830137;112,6554486;Selatan (180°);Terang / Jelas;Cerah;Lokal / Lingkungan;II (Jalan Sedang utk beban s/d 10 ton & 12m  Panjang Ran);Lurus;2/2 TB (2 Lajur/2 Arah Tanpa Batas Median);40;Jalan Desa;Jalan Umum Perlintasa KA Kel. Tenggulunan Kec. Kebomas Kab. Gresik;Kebomas;Kecelakaan Fatal ;46-65;Laki-laki;Truk Berat / Tronton
Tabrakan kendaraan belok kiri dengan kendaraan yang datang dari arah yang berlawanan;0;2;0;-7,040659331;112,5332649;Barat (270°);Terang / Jelas;Cerah;Lokal / Lingkungan;II (Jalan Sedang utk beban s/d 10 ton & 12m  Panjang Ran);Lurus;2/2 TB (2 Lajur/2 Arah Tanpa Batas Median);40;Jalan Kota / Kabupaten;Jalan Raya Ds. Melirang Kec. Bungah Kab. Gresik;Bungah;Kecelakaan Ringan ;26-45;Laki-laki;R2 (Sepeda Motor)
Tabrakan kendaraan belok kiri dengan kendaraan yang jalan lurus;0;2;0;-7,13893472;112,6210848;Timur (90°);Terang / Jelas;Cerah;Lokal / Lingkungan;II (Jalan Sedang utk beban s/d 10 ton & 12m  Panjang Ran);Lurus;2/2 TB (2 Lajur/2 Arah Tanpa Batas Median);50;Jalan Kota / Kabupaten;Jalan Raya Ds. Roomo kec Manyar  Kab. Gresik;Manyar;Kecelakaan Ringan ;;Laki-laki;R2 (Sepeda Motor)
Tabrakan depan - belakang;0;2;0;-7,265777508;112,4693553;Timur (90°);Gelap / Sulit Terlihat;Cerah;Lokal / Lingkungan;II (Jalan Sedang utk beban s/d 10 ton & 12m  Panjang Ran);Lurus;2/2 TB (2 Lajur/2 Arah Tanpa Batas Median);40;Jalan Kota / Kabupaten;Jalan Raya Ds. Kalipadang Kec. Benjeng Kab. Gresik;Benjeng;Kecelakaan Ringan ;17-25;Perempuan;R2 (Sepeda Motor)
Tabrakan depan - belakang;0;1;0;-7,169628248;112,5802588;Barat (270°);Terang / Jelas;Hujan/ Grimis;Arteri;I (Jalan Besar utk beban 10 ton & max 18 m Panjang Ran);Lurus;2/2 TB (2 Lajur/2 Arah Tanpa Batas Median);40;Jalan Nasional;Jalan Raya  Ds. Banjarsari Kec. Cerme Kab. Gresik;Cerme;Kecelakaan Ringan ;<17;Laki-laki;Mini Truk
Tabrakan depan - belakang;0;1;0;-7,320771644;112,5658969;Utara (0°);Terang / Jelas;Cerah;Arteri;I (Jalan Besar utk beban 10 ton & max 18 m Panjang Ran);Lurus;2/2 TB (2 Lajur/2 Arah Tanpa Batas Median);40;Jalan Nasional;Jalan Raya Desa Kedamean Kecamatan Kedamean  Kabupaten Gresik;Kedamean;Kecelakaan Ringan ;46-65;Laki-laki;Mini Truk
Tabrakan depan - belakang;0;2;0;-7,353527421;112,6344995;Barat (270°);Terang / Jelas;Cerah;Tol;I (Jalan Besar utk beban 10 ton & max 18 m Panjang Ran);Lurus;2/2 TB (2 Lajur/2 Arah Tanpa Batas Median);50;Jalan Nasional;Jalan Tol SUMO KM 735.400 Jalur A Desa Tenaru Kecamatan Driyorejo Kabupaten Gresik;Driyorejo;Kecelakaan Ringan ;46-65;Laki-laki;Truk Berat / Tronton
Tabrakan depan - depan;0;1;0;-7,165014061;112,5493612;Timur (90°);Terang / Jelas;Cerah;Arteri;I (Jalan Besar utk beban 10 ton & max 18 m Panjang Ran);Lurus;2/2 TB (2 Lajur/2 Arah Tanpa Batas Median);40;Jalan Nasional;Jalan Raya Ds. Tebaloan Kec. Duduksampeyan Kab. Gresik;Duduk Sampeyan;Kecelakaan Ringan ;46-65;Laki-laki;Medium Truk
Tabrakan depan - depan;0;2;0;-7,396446409;112,5253039;Timur (90°);Gelap / Sulit Terlihat;Cerah;Lokal / Lingkungan;II (Jalan Sedang utk beban s/d 10 ton & 12m  Panjang Ran);Lurus;2/2 TB (2 Lajur/2 Arah Tanpa Batas Median);40;Jalan Kota / Kabupaten;Jalan Raya Ds. Grompol Kec. Wringinanom Kab. Gresik;Wringinanom;Kecelakaan Ringan ;17-25;Laki-laki;R2 (Sepeda Motor)
Tabrakan depan - depan;1;0;0;-6,970532125;112,5240004;Timur (90°);Gelap / Sulit Terlihat;Hujan/ Grimis;Arteri;I (Jalan Besar utk beban 10 ton & max 18 m Panjang Ran);Lurus;2/2 TB (2 Lajur/2 Arah Tanpa Batas Median);40;Jalan Nasional;Jalan Raya Ds. Sambipondok Kec. Sidayu Kab. Gresik;Sidayu;Kecelakaan Berat ;26-45;Laki-laki;Mini Truk
Tabrakan depan - depan;0;2;0;-7,152958877;112,517641;Barat (270°);Terang / Jelas;Cerah;Arteri;I (Jalan Besar utk beban 10 ton & max 18 m Panjang Ran);Lurus;4/2 B (4 Lajur/2 Arah dengan Batas Median);50;Jalan Nasional;Jalan Raya Desa Duduksampeyan Kecamatan Duduksampeyan Kabupaten Gresik;Duduk Sampeyan;Kecelakaan Ringan ;<17;Laki-laki;R2 (Sepeda Motor)
Tabrakan dengan kendaraan parkir di kiri;0;1;0;-7,221499133;112,5694968;Selatan (180°);Gelap / Sulit Terlihat;Cerah;Arteri;I (Jalan Besar utk beban 10 ton & max 18 m Panjang Ran);Lurus;2/2 TB (2 Lajur/2 Arah Tanpa Batas Median);50;Jalan Nasional;Jalan Raya Ds. Cerme Lor Kec. Cerme Kab. Gresik;Cerme;Kecelakaan Ringan ;26-45;Laki-laki;Truk Berat / Tronton
Tabrakan dengan kendaraan parkir di kiri;0;0;1;-7,378575407;112,5831806;Timur (90°);Gelap / Sulit Terlihat;Cerah;Kolektor;I (Jalan Besar utk beban 10 ton & max 18 m Panjang Ran);Lurus;2/2 TB (2 Lajur/2 Arah Tanpa Batas Median);40;Jalan Propinsi;Jalan Raya Ds. Krikilan Kec. Driyorejo Kab. Gresik;Driyorejo;Kecelakaan Fatal ;26-45;Laki-laki;Mini Truk
Tabrakan kendaraan belok kanan dengan kendaraan yang datang dari arah berlawanan;0;2;0;-7,160494194;112,5316733;Timur (90°);Terang / Jelas;Cerah;Arteri;I (Jalan Besar utk beban 10 ton & max 18 m Panjang Ran);Lurus;2/2 TB (2 Lajur/2 Arah Tanpa Batas Median);40;Jalan Nasional;Jalan Raya Ds. Samir Plapan Kec. Duduksampeyan Kab. Gresik;Duduk Sampeyan;Kecelakaan Ringan ;<17;Perempuan;R2 (Sepeda Motor)
Tabrakan kendaraan belok kanan dengan kendaraan yang datang dari arah berlawanan;0;2;0;-7,392732631;112,5469412;Barat (270°);Gelap / Sulit Terlihat;Cerah;Lokal / Lingkungan;II (Jalan Sedang utk beban s/d 10 ton & 12m  Panjang Ran);Lurus;2/2 TB (2 Lajur/2 Arah Tanpa Batas Median);40;Jalan Kota / Kabupaten;Jalan Raya Ds. Lebaniwaras Kec. Wringinanom Kab. Gresik;Wringinanom;Kecelakaan Ringan ;17-25;Laki-laki;R2 (Sepeda Motor)
Tabrakan kendaraan belok kanan dengan kendaraan yang datang dari arah berlawanan;0;1;0;-6,969153687;112,5205361;Barat (270°);Gelap / Sulit Terlihat;Cerah;Arteri;I (Jalan Besar utk beban 10 ton & max 18 m Panjang Ran);Lurus;2/2 TB (2 Lajur/2 Arah Tanpa Batas Median);40;Jalan Nasional;Jalan Raya Desa Sambipondok Kecamatan Sidayu Kabupaten Gresik;Sidayu;Kecelakaan Ringan ;26-45;Laki-laki;Truk Berat / Tronton
Tabrakan kendaraan belok kanan dengan kendaraan yang datang dari arah berlawanan;0;2;0;-7,341692017;112,5674828;Utara (0°);Terang / Jelas;Cerah;Kolektor;I (Jalan Besar utk beban 10 ton & max 18 m Panjang Ran);Lurus;2/2 TB (2 Lajur/2 Arah Tanpa Batas Median);50;Jalan Propinsi;Jalan Raya Desa Banyuurip Kecamatan Kedamean Kabupaten Gresik;Kedamean;Kecelakaan Ringan ;46-65;Laki-laki;R2 (Sepeda Motor)
Tabrakan saat menyalip dari kanan;1;0;0;-7,365439627;112,6227766;Timur (90°);Gelap / Sulit Terlihat;Cerah;Kolektor;I (Jalan Besar utk beban 10 ton & max 18 m Panjang Ran);Lurus;2/2 TB (2 Lajur/2 Arah Tanpa Batas Median);40;Jalan Propinsi;Jalan Raya Desa Driyorejo Kecamatan Driyorejo Kabupaten Gresik;Driyorejo;Kecelakaan Berat ;26-45;Laki-laki;R2 (Sepeda Motor)
Tabrakan saat menyalip dari kanan;0;1;0;-7,057881969;112,5541424;Barat (270°);Terang / Jelas;Cerah;Lokal / Lingkungan;III (Jalan Kecil utk max beban 8 ton & 9 m Panjang Ran);Lurus;2/2 TB (2 Lajur/2 Arah Tanpa Batas Median);40;Jalan Desa;Jalan Umum Ds. Morobakung Kec. Manyar Kab. Gresik;Manyar;Kecelakaan Ringan ;<17;Laki-laki;R2 (Sepeda Motor)
Tabrak kendaraan belok kanan dengan kendaraan yang jalan lurus;0;1;0;-7,396642038;112,5250827;Timur (90°);Terang / Jelas;Cerah;Lokal / Lingkungan;II (Jalan Sedang utk beban s/d 10 ton & 12m  Panjang Ran);Lurus;2/2 TB (2 Lajur/2 Arah Tanpa Batas Median);40;Jalan Kota / Kabupaten;Jalan Raya Desa Sumberrame Kecamatan Wringinanom Kabupaten Gresik;Wringinanom;Kecelakaan Ringan ;26-45;Laki-laki;R2 (Sepeda Motor)
Tabrakan saat menyalip;1;0;0;-7,159676013;112,5891369;Selatan (180°);Gelap / Sulit Terlihat;Cerah;Lokal / Lingkungan;II (Jalan Sedang utk beban s/d 10 ton & 12m  Panjang Ran);Lurus;2/2 TB (2 Lajur/2 Arah Tanpa Batas Median);40;Jalan Kota / Kabupaten;Jalan Raya Kh Syafi’i Desa Dahanrejo Kecamatan Kebomas Kabupaten Gresik;Kebomas;Kecelakaan Berat ;<17;Laki-laki;Pick up
Tabrakan saat menyalip;1;0;0;-7,287125301;112,5853837;Selatan (180°);Terang / Jelas;Cerah;Lokal / Lingkungan;II (Jalan Sedang utk beban s/d 10 ton & 12m  Panjang Ran);Lurus;2/2 TB (2 Lajur/2 Arah Tanpa Batas Median);50;Jalan Kota / Kabupaten;Jalan Raya Ds. Hulaan Kec. Menganti Kab. Gresik;Menganti;Kecelakaan Berat ;<17;Laki-laki;R2 (Sepeda Motor)
Di ruas jalan, pejalan kaki menyeberang dari kanan ke kiri;0;2;0;-7,393341015;112,5285855;Selatan (180°);Terang / Jelas;Cerah;Lokal / Lingkungan;III (Jalan Kecil utk max beban 8 ton & 9 m Panjang Ran);Lurus;2/2 TB (2 Lajur/2 Arah Tanpa Batas Median);40;Jalan Desa;Jalan Umum Ds. Lebaniwaras Kec. Wringinanom Kab. Gresik;Wringinanom;Kecelakaan Ringan ;46-65;Perempuan;R2 (Sepeda Motor)
Di ruas jalan, pejalan kaki menyeberang dari kanan ke kiri;0;1;0;-7,265020953;112,4786064;Barat (270°);Terang / Jelas;Cerah;Lokal / Lingkungan;II (Jalan Sedang utk beban s/d 10 ton & 12m  Panjang Ran);Lurus;2/2 TB (2 Lajur/2 Arah Tanpa Batas Median);50;Jalan Kota / Kabupaten;Jalan Raya Ds. Kedungrukem Kec. Benjeng Kab. Gresik;Benjeng;Kecelakaan Ringan ;26-45;Laki-laki;R2 (Sepeda Motor)
Di ruas jalan, pejalan kaki menyeberang dari kanan ke kiri;0;1;0;-7,350518898;112,5200539;Utara (0°);Terang / Jelas;Hujan/ Grimis;Lokal / Lingkungan;III (Jalan Kecil utk max beban 8 ton & 9 m Panjang Ran);Lurus;2/2 TB (2 Lajur/2 Arah Tanpa Batas Median);40;Jalan Desa;Jalan Umum Ds. Sooko Kec. Wringinanom Kab. Gresik;Wringinanom;Kecelakaan Ringan ;<17;Perempuan;R2 (Sepeda Motor)
Tabrakan saat menyalip dari kiri;0;2;0;-7,090122038;112,5819393;Utara (0°);Gelap / Sulit Terlihat;Hujan/ Grimis;Kolektor;I (Jalan Besar utk beban 10 ton & max 18 m Panjang Ran);Lurus;2/2 TB (2 Lajur/2 Arah Tanpa Batas Median);50;Jalan Propinsi;Jalan Raya Ds. Banyuwangi Kec. Manyar Kab. Gresik;Manyar;Kecelakaan Ringan ;17-25;Laki-laki;R2 (Sepeda Motor)
Tabrakan saat menyalip dari kiri;0;1;0;-7,269481155;112,4333951;Barat (270°);Terang / Jelas;Cerah;Lokal / Lingkungan;II (Jalan Sedang utk beban s/d 10 ton & 12m  Panjang Ran);Lurus;2/2 TB (2 Lajur/2 Arah Tanpa Batas Median);50;Jalan Kota / Kabupaten;Jalan Raya Ds. Kedungsumber Kec. Balongpanggang Kab. Gresik;Balongpanggang;Kecelakaan Ringan ;46-65;Laki-laki;Pick up
Di ruas jalan, pejalan kaki menyeberang dari kiri ke kanan;0;1;0;-7,249868455;112,5612503;Barat (270°);Terang / Jelas;Cerah;Lokal / Lingkungan;II (Jalan Sedang utk beban s/d 10 ton & 12m  Panjang Ran);Lurus;2/2 TB (2 Lajur/2 Arah Tanpa Batas Median);50;Jalan Kota / Kabupaten;Jalan Raya Desa Morowudi Kecamatan Cerme Kabupaten Gresik;Cerme;Kecelakaan Ringan ;26-45;Laki-laki;R2 (Sepeda Motor)
Di ruas jalan, pejalan kaki menyeberang dari kiri ke kanan;0;2;0;-7,227017209;112,5637135;Utara (0°);Terang / Jelas;Cerah;Lokal / Lingkungan;II (Jalan Sedang utk beban s/d 10 ton & 12m  Panjang Ran);Lurus;2/2 TB (2 Lajur/2 Arah Tanpa Batas Median);40;Jalan Kota / Kabupaten;Jalan Raya Ds. Cerme Lor Kec. Cerme Kab. Gresik;Cerme;Kecelakaan Ringan ;26-45;Laki-laki;R2 (Sepeda Motor)
Kendaraan Out of Control keluar ke kanan jalan;1;0;0;-7,141239746;112,6164064;Selatan (180°);Terang / Jelas;Cerah;Lokal / Lingkungan;II (Jalan Sedang utk beban s/d 10 ton & 12m  Panjang Ran);Lurus;2/2 TB (2 Lajur/2 Arah Tanpa Batas Median);40;Jalan Kota / Kabupaten;Jalan Kalimantan GKB  Ds. Yosowilangun Kec. Manyar Kab. Gresik;Manyar;Kecelakaan Berat ;<17;Perempuan;R2 (Sepeda Motor)
Tabrakan dengan Kendaraan menyebrang dari sisi kiri jalan;0;1;0;-7,384387678;112,5760871;Barat (270°);Terang / Jelas;Cerah;Kolektor;I (Jalan Besar utk beban 10 ton & max 18 m Panjang Ran);X atau + (Simpang Empat);2/2 TB (2 Lajur/2 Arah Tanpa Batas Median);50;Jalan Propinsi;Jalan Raya Desa Krikilan (Simpang 4 Legundi) Kecamatan Driyorejo Kabupaten Gresik;Driyorejo;Kecelakaan Ringan ;<17;Laki-laki;R2 (Sepeda Motor)
Tabrakan samping;0;1;0;-7,105856227;112,5911086;Selatan (180°);Terang / Jelas;Cerah;Arteri;I (Jalan Besar utk beban 10 ton & max 18 m Panjang Ran);Lurus;2/2 TB (2 Lajur/2 Arah Tanpa Batas Median);40;Jalan Nasional;Jalan Raya Ds. Banyuwangi Kec. Manyar Kab. Gresik;Manyar;Kecelakaan Ringan ;17-25;Perempuan;R2 (Sepeda Motor)
Tabrakan depan - depan;2;1;0;-7,229391656;112,5002716;Utara (0°);Terang / Jelas;Cerah;Lokal / Lingkungan;II (Jalan Sedang utk beban s/d 10 ton & 12m  Panjang Ran);Lurus;2/2 TB (2 Lajur/2 Arah Tanpa Batas Median);40;Jalan Kota / Kabupaten;Jalan Raya Ds. Medangan Kec. Benjeng Kab. Gresik;Benjeng;Kecelakaan Berat ;;Perempuan ;R2 (Sepeda Motor)
Tabrakan depan - depan;2;1;0;-7,229391656;112,5002716;Utara (0°);Terang / Jelas;Cerah;Lokal / Lingkungan;II (Jalan Sedang utk beban s/d 10 ton & 12m  Panjang Ran);Lurus;2/2 TB (2 Lajur/2 Arah Tanpa Batas Median);40;Jalan Kota / Kabupaten;Jalan Raya Ds. Medangan Kec. Benjeng Kab. Gresik;Benjeng;Kecelakaan Berat ;;Laki-laki;R2 (Sepeda Motor)
