tipe laka lantas;jumlah korban luka berat;jumlah korban luka ringan;jumlah korban meninggal dunia;latitude;longititude;direction;tipe cahaya;cuaca;fungsi jalan;kelas jalan;geometri jalan;tipe jalan;kecepatan;jenis jalan;lokasi jalan;kecamatan;jenis luka ;age;jenis kelamin;jenis kendaraan;cluster;kategori
tabrakan depan - belakang;0;2;0;-7,246220259;112,4488262;utara (0°);terang / jelas;cerah;lokal / lingkungan;ii (jalan sedang utk beban s/d 10 ton & 12m  panjang ran);lurus;2/2 tb (2 lajur/2 arah tanpa batas median);50;jalan kota / kabupaten;jalan raya desa klotok kecamatan balongpanggang kabupaten  gresik;balongpanggang;kecelakaan ringan;46-65;perempuan;sepeda angin;1;sedang
tabrakan depan - belakang;0;2;0;-7,246220259;112,4488262;utara (0°);terang / jelas;cerah;lokal / lingkungan;ii (jalan sedang utk beban s/d 10 ton & 12m  panjang ran);lurus;2/2 tb (2 lajur/2 arah tanpa batas median);50;jalan kota / kabupaten;jalan raya desa klotok kecamatan balongpanggang kabupaten  gresik;balongpanggang;kecelakaan ringan;46-65;perempuan;sepeda angin;1;sedang
tabrakan depan - belakang;0;2;0;-7,246220259;112,4488262;utara (0°);terang / jelas;cerah;lokal / lingkungan;ii (jalan sedang utk beban s/d 10 ton & 12m  panjang ran);lurus;2/2 tb (2 lajur/2 arah tanpa batas median);50;jalan kota / kabupaten;jalan raya desa klotok kecamatan balongpanggang kabupaten  gresik;balongpanggang;kecelakaan ringan;46-65;perempuan;sepeda angin;1;sedang
tabrakan depan - belakang;0;1;0;-6,989247733;112,5600946;timur (90°);terang / jelas;cerah;lokal / lingkungan;ii (jalan sedang utk beban s/d 10 ton & 12m  panjang ran);lurus;2/2 tb (2 lajur/2 arah tanpa batas median);40;jalan kota / kabupaten;jalan raya desa mriyunan kecamatan sidayu kabupaten gresik;sidayu;kecelakaan ringan;46-65;laki-laki;r2 (sepeda motor);0;tinggi
tabrakan depan - belakang;0;1;0;-7,188124275;112,6135045;timur (90°);terang / jelas;cerah;lokal / lingkungan;ii (jalan sedang utk beban s/d 10 ton & 12m  panjang ran);lurus;2/2 tb (2 lajur/2 arah tanpa batas median);40;jalan kota / kabupaten;jalan raya ds. kedanyang kec. kebomas kab. gresik;kebomas;kecelakaan ringan;<17;perempuan;r2 (sepeda motor);0;tinggi
tabrakan depan - belakang;0;1;0;-7,055594571;112,5812571;timur (90°);terang / jelas;cerah;lokal / lingkungan;ii (jalan sedang utk beban s/d 10 ton & 12m  panjang ran);lurus;2/2 tb (2 lajur/2 arah tanpa batas median);40;jalan kota / kabupaten;jalan raya ds. sukorejo kec. bungah kab. gresik;bungah;kecelakaan ringan;<17;laki-laki;r2 (sepeda motor);0;tinggi
tabrakan depan - belakang;1;0;0;-7,02103383;112,5684559;selatan (180°);terang / jelas;cerah;arteri;i (jalan besar utk beban 10 ton & max 18 m panjang ran);lurus;2/2 tb (2 lajur/2 arah tanpa batas median);40;jalan nasional;jalan raya ds. kemangi kec. bungah kab. gresik;bungah;kecelakaan berat;<17;laki-laki;mini truk;2;rendah
tabrakan depan - belakang;0;2;0;-7,163272491;112,6290293;barat (270°);terang / jelas;cerah;lokal / lingkungan;ii (jalan sedang utk beban s/d 10 ton & 12m  panjang ran);lurus;2/2 tb (2 lajur/2 arah tanpa batas median);40;jalan kota / kabupaten;jalan raya dr. wahidin sudirohusodo  kel. randuagung kec. kebomas kab. gresik;kebomas;kecelakaan ringan;46-65;laki-laki;r2 (sepeda motor);0;tinggi
tabrakan depan - belakang;0;1;0;-7,353808686;112,6029946;timur (90°);terang / jelas;cerah;lokal / lingkungan;ii (jalan sedang utk beban s/d 10 ton & 12m  panjang ran);lurus;2/2 tb (2 lajur/2 arah tanpa batas median);40;jalan kota / kabupaten;jalan raya ds. sumput kec. driyorejo kab. gresik;driyorejo;kecelakaan ringan;<17;perempuan;r2 (sepeda motor);0;tinggi
tabrakan depan - belakang;0;2;0;-7,114608058;112,5949296;barat (270°);terang / jelas;cerah;arteri;i (jalan besar utk beban 10 ton & max 18 m panjang ran);lurus;2/2 tb (2 lajur/2 arah tanpa batas median);40;jalan nasional;jalan raya ds. manyarrejo kec. manyar kab. gresik;manyar;kecelakaan ringan;46-65;laki-laki;r2 (sepeda motor);0;tinggi
tabrakan depan - belakang;0;1;0;-6,987902576;112,5021599;barat (270°);terang / jelas;cerah;lokal / lingkungan;ii (jalan sedang utk beban s/d 10 ton & 12m  panjang ran);lurus;2/2 tb (2 lajur/2 arah tanpa batas median);40;jalan kota / kabupaten;jalan raya ds. lasem kec. sidayu kab. gresik;sidayu;kecelakaan ringan;<17;laki-laki;r2 (sepeda motor);1;sedang
tabrakan depan - belakang;0;2;0;-6,90730752;112,4564192;timur (90°);terang / jelas;cerah;arteri;i (jalan besar utk beban 10 ton & max 18 m panjang ran);lurus;2/2 tb (2 lajur/2 arah tanpa batas median);40;jalan nasional;jalan raya ds. prupuh kec. panceng kab. gresik;panceng;kecelakaan ringan;<17;laki-laki;mini truk;1;sedang
tabrakan depan - belakang;0;1;0;-7,327704;112,5663035;selatan (180°);terang / jelas;cerah;kolektor;i (jalan besar utk beban 10 ton & max 18 m panjang ran);lurus;2/2 tb (2 lajur/2 arah tanpa batas median);40;jalan propinsi;jalan raya desa kedamean kecamatan kedamean kabupaten gresik;kedamean;kecelakaan ringan;26-45;perempuan;r2 (sepeda motor);0;tinggi
tabrakan depan - belakang;0;1;0;-7,02815713;112,5160376;timur (90°);terang / jelas;cerah;lokal / lingkungan;ii (jalan sedang utk beban s/d 10 ton & 12m  panjang ran);lurus;2/2 tb (2 lajur/2 arah tanpa batas median);50;jalan kota / kabupaten;jalan raya ds. mojopuro gede kec. bungah kab. gresik;bungah;kecelakaan ringan;<17;laki-laki;r2 (sepeda motor);1;sedang
tabrakan depan - belakang;0;1;0;-7,137962155;112,4915984;barat (270°);terang / jelas;cerah;arteri;i (jalan besar utk beban 10 ton & max 18 m panjang ran);lurus;4/2 b (4 lajur/2 arah dengan batas median);40;jalan nasional;jalan raya ds. glanggang kec. duduksampeyan kab. gresik;duduk sampeyan;kecelakaan ringan;26-45;laki-laki;truk berat / tronton;1;sedang
tabrakan depan - belakang;0;1;0;-7,323298533;112,5393822;barat (270°);terang / jelas;cerah;lokal / lingkungan;ii (jalan sedang utk beban s/d 10 ton & 12m  panjang ran);lurus;2/2 tb (2 lajur/2 arah tanpa batas median);40;jalan kota / kabupaten;jalan raya ds. tanjung kec. kedamean kab. gresik;kedamean;kecelakaan ringan;26-45;laki-laki;mini bus;1;sedang
tabrakan depan - belakang;0;2;0;-7,365672768;112,6156135;timur (90°);terang / jelas;cerah;lokal / lingkungan;ii (jalan sedang utk beban s/d 10 ton & 12m  panjang ran);lurus;2/2 tb (2 lajur/2 arah tanpa batas median);60;jalan kota / kabupaten;jalan raya ds. driyorejo kec. driyorejo kab. gresik;driyorejo;kecelakaan ringan;46-65;laki-laki;r2 (sepeda motor);0;tinggi
tabrakan depan - belakang;0;0;1;-7,159771785;112,5303322;barat (270°);terang / jelas;cerah;arteri;i (jalan besar utk beban 10 ton & max 18 m panjang ran);lurus;2/2 tb (2 lajur/2 arah tanpa batas median);40;jalan nasional;jalan raya ds. samirplapan kec. duduksampeyan kab. gresik;duduk sampeyan;kecelakaan fatal;46-65;laki-laki;mini bus;1;sedang
tabrakan depan - belakang;0;2;0;-7,101425842;112,5904852;selatan (180°);terang / jelas;cerah;arteri;i (jalan besar utk beban 10 ton & max 18 m panjang ran);lurus;2/2 tb (2 lajur/2 arah tanpa batas median);50;jalan nasional;jalan raya ds. manyarrejo kec. manyar kab. gresik;manyar;kecelakaan ringan;<17;laki-laki;r2 (sepeda motor);0;tinggi
tabrakan depan - belakang;0;1;0;-7,188438888;112,5773217;selatan (180°);terang / jelas;cerah;kolektor;i (jalan besar utk beban 10 ton & max 18 m panjang ran);lurus;2/2 tb (2 lajur/2 arah tanpa batas median);40;jalan propinsi;jalan raya ds. banjarsari kec. cerme kab. gresik;cerme;kecelakaan ringan;<17;laki-laki;r2 (sepeda motor);0;tinggi
tabrakan depan - belakang;1;1;0;-7,359657217;112,6498756;barat (270°);terang / jelas;cerah;kolektor;i (jalan besar utk beban 10 ton & max 18 m panjang ran);lurus;2/2 tb (2 lajur/2 arah tanpa batas median);50;jalan propinsi;jalan raya ds. bambe kec. driyorejo kab. gresik;driyorejo;kecelakaan berat;26-45;laki-laki;r2 (sepeda motor);2;rendah
tabrakan depan - belakang;0;2;0;-7,169905966;112,6502419;timur (90°);terang / jelas;cerah;lokal / lingkungan;ii (jalan sedang utk beban s/d 10 ton & 12m  panjang ran);lurus;4/2 b (4 lajur/2 arah dengan batas median);50;jalan kota / kabupaten;jalan raya r.a. kartini kel. sidomoro kec. kebomas kab. gresik;kebomas;kecelakaan ringan;46-65;laki-laki;r2 (sepeda motor);0;tinggi
tabrakan depan - belakang;1;0;0;-7,375196164;112,5868083;barat (270°);terang / jelas;cerah;kolektor;i (jalan besar utk beban 10 ton & max 18 m panjang ran);lurus;2/2 tb (2 lajur/2 arah tanpa batas median);50;jalan propinsi;jalan raya ds. krikilan kec. driyorejo kab. gresik;driyorejo;kecelakaan berat;<17;laki-laki;r2 (sepeda motor);2;rendah
tabrakan depan - belakang;0;4;0;-7,185851001;112,6106838;timur (90°);terang / jelas;cerah;lokal / lingkungan;ii (jalan sedang utk beban s/d 10 ton & 12m  panjang ran);lurus;2/2 tb (2 lajur/2 arah tanpa batas median);40;jalan desa;jalan umum ds. kedanyang kec. kebomas kab. gresik;kebomas;kecelakaan ringan;26-45;laki-laki;r2 (sepeda motor);0;tinggi
tabrakan depan - belakang;0;1;0;-7,263537103;112,4945306;barat (270°);gelap / sulit terlihat;cerah;lokal / lingkungan;ii (jalan sedang utk beban s/d 10 ton & 12m  panjang ran);lurus;2/2 tb (2 lajur/2 arah tanpa batas median);50;jalan kota / kabupaten;jalan raya ds. bulurejo kec. benjeng kab. gresik;benjeng;kecelakaan ringan;46-65;laki-laki;r2 (sepeda motor);1;sedang
tabrakan depan - belakang;1;0;0;-7,27116318;112,4428627;utara (0°);terang / jelas;cerah;lokal / lingkungan;ii (jalan sedang utk beban s/d 10 ton & 12m  panjang ran);lurus;2/2 tb (2 lajur/2 arah tanpa batas median);40;jalan kota / kabupaten;jalan raya ds. balongpanggang kec. balongpanggang kab. gresik;balongpanggang;kecelakaan berat;26-45;laki-laki;r2 (sepeda motor);2;rendah
tabrakan depan - belakang;0;1;0;-7,268610521;112,4422309;barat (270°);terang / jelas;cerah;lokal / lingkungan;ii (jalan sedang utk beban s/d 10 ton & 12m  panjang ran);lurus;2/2 tb (2 lajur/2 arah tanpa batas median);40;jalan kota / kabupaten;jalan raya ds. balongpanggang kec. balongpanggang kab. gresik;balongpanggang;kecelakaan ringan;17-25;laki-laki;r2 (sepeda motor);1;sedang
tabrakan depan - belakang;0;2;0;-7,227158601;112,5642402;timur (90°);terang / jelas;cerah;lokal / lingkungan;ii (jalan sedang utk beban s/d 10 ton & 12m  panjang ran);lurus;2/2 tb (2 lajur/2 arah tanpa batas median);40;jalan kota / kabupaten;jalan raya ds. cerme lor kec. cerme kab. gresik;cerme;kecelakaan ringan;nan;laki-laki;r2 (sepeda motor);0;tinggi
tabrakan depan - belakang;0;2;0;-7,227158601;112,5642402;timur (90°);terang / jelas;cerah;lokal / lingkungan;ii (jalan sedang utk beban s/d 10 ton & 12m  panjang ran);lurus;2/2 tb (2 lajur/2 arah tanpa batas median);40;jalan kota / kabupaten;jalan raya ds. cerme lor kec. cerme kab. gresik;cerme;kecelakaan ringan;nan;laki-laki;r2 (sepeda motor);0;tinggi
tabrakan depan - belakang;0;1;0;-7,379078165;112,5751016;utara (0°);terang / jelas;cerah;arteri;i (jalan besar utk beban 10 ton & max 18 m panjang ran);lurus;2/2 tb (2 lajur/2 arah tanpa batas median);40;jalan nasional;jalan raya ds. krikilan kec. driyorejo kab. gresik;driyorejo;kecelakaan ringan;26-45;laki-laki;r2 (sepeda motor);0;tinggi
tabrakan depan - belakang;0;1;0;-7,165739704;112,5549548;barat (270°);gelap / sulit terlihat;cerah;arteri;i (jalan besar utk beban 10 ton & max 18 m panjang ran);lurus;2/2 tb (2 lajur/2 arah tanpa batas median);50;jalan nasional;jalan raya ds. ambeng-ambeng kec. duduksampeyan kab. gresik;duduk sampeyan;kecelakaan ringan;46-65;laki-laki;r2 (sepeda motor);0;tinggi
tabrakan depan - belakang;0;1;0;-7,360363997;112,6529794;utara (0°);terang / jelas;cerah;lokal / lingkungan;ii (jalan sedang utk beban s/d 10 ton & 12m  panjang ran);lurus;2/2 tb (2 lajur/2 arah tanpa batas median);40;jalan desa;jalan umum ds. bambe kec. driyorejo kab. gresik;driyorejo;kecelakaan ringan;17-25;laki-laki;r2 (sepeda motor);0;tinggi
tabrakan depan - belakang;0;1;0;-7,009471525;112,5091052;utara (0°);terang / jelas;cerah;lokal / lingkungan;ii (jalan sedang utk beban s/d 10 ton & 12m  panjang ran);lurus;2/2 tb (2 lajur/2 arah tanpa batas median);40;jalan kota / kabupaten;jalan raya ds. dukun anyar kec. dukun kab. gresik;dukun;kecelakaan ringan;nan;laki-laki;r2 (sepeda motor);1;sedang
tabrakan depan - belakang;0;1;0;-7,324576267;112,5661981;utara (0°);terang / jelas;cerah;kolektor;i (jalan besar utk beban 10 ton & max 18 m panjang ran);lurus;2/2 tb (2 lajur/2 arah tanpa batas median);50;jalan propinsi;jalan raya ds. kedamean kec. kedamean kab. gresik;kedamean;kecelakaan ringan;46-65;laki-laki;r2 (sepeda motor);0;tinggi
tabrakan depan - belakang;0;1;0;-7,236827418;112,5641983;utara (0°);terang / jelas;cerah;arteri;i (jalan besar utk beban 10 ton & max 18 m panjang ran);lurus;2/2 tb (2 lajur/2 arah tanpa batas median);50;jalan nasional;jalan raya ds. cerme kidul kec. cerme kab. gresik;cerme;kecelakaan ringan;46-65;laki-laki;r2 (sepeda motor);0;tinggi
tabrakan depan - belakang;0;2;0;-6,977068986;112,5381451;barat (270°);terang / jelas;cerah;arteri;i (jalan besar utk beban 10 ton & max 18 m panjang ran);lurus;2/2 tb (2 lajur/2 arah tanpa batas median);50;jalan nasional;jalan raya desa golokan kecamatan sidayu kabupaten gresik;sidayu;kecelakaan ringan;26-45;laki-laki;r2 (sepeda motor);1;sedang
tabrakan depan - belakang;0;1;0;-7,144211096;112,6155636;utara (0°);terang / jelas;cerah;lokal / lingkungan;ii (jalan sedang utk beban s/d 10 ton & 12m  panjang ran);o (bundaran);2/2 tb (2 lajur/2 arah tanpa batas median);40;jalan kota / kabupaten;jalan kalimantan gkb kel. yosowilangun kec. manyar kab. gresik;manyar;kecelakaan ringan;17-25;laki-laki;mini bus;0;tinggi
tabrakan depan - belakang;0;1;0;-6,98742348;112,5165273;timur (90°);terang / jelas;cerah;lokal / lingkungan;ii (jalan sedang utk beban s/d 10 ton & 12m  panjang ran);lurus;2/2 tb (2 lajur/2 arah tanpa batas median);40;jalan kota / kabupaten;jalan raya desa lasem kecamatan sidayu kabupaten gresik;sidayu;kecelakaan ringan;<17;laki-laki;mini truk;1;sedang
tabrakan depan - belakang;0;1;0;-7,162888704;112,6317424;selatan (180°);terang / jelas;cerah;lokal / lingkungan;ii (jalan sedang utk beban s/d 10 ton & 12m  panjang ran);lurus;2/2 tb (2 lajur/2 arah tanpa batas median);50;jalan kota / kabupaten;jalan raya tri dharma kel. ngipik kec. gresik;gresik;kecelakaan ringan;26-45;laki-laki;mini bus;0;tinggi
tabrakan depan - belakang;0;1;0;-7,014834815;112,5675827;selatan (180°);terang / jelas;cerah;arteri;i (jalan besar utk beban 10 ton & max 18 m panjang ran);lurus;2/2 tb (2 lajur/2 arah tanpa batas median);40;jalan nasional;jalan raya ds. gumeng kec. bungah kab. gresik;bungah;kecelakaan ringan;<17;laki-laki;mini truk;0;tinggi
tabrakan depan - belakang;0;1;0;-6,978972862;112,5257747;timur (90°);terang / jelas;cerah;lokal / lingkungan;ii (jalan sedang utk beban s/d 10 ton & 12m  panjang ran);lurus;2/2 tb (2 lajur/2 arah tanpa batas median);50;jalan kota / kabupaten;jalan raya ds. sambipondok kec. sidayu kab. gresik;sidayu;kecelakaan ringan;<17;perempuan;mini truk;1;sedang
tabrakan depan - belakang;0;1;0;-7,167421805;112,6023681;timur (90°);terang / jelas;cerah;lokal / lingkungan;ii (jalan sedang utk beban s/d 10 ton & 12m  panjang ran);lurus;4/2 b (4 lajur/2 arah dengan batas median);50;jalan kota / kabupaten;jalan raya dr. wahidin sudirohusodo  ds. kembangan kec kebomas kab. gresik;kebomas;kecelakaan ringan;<17;laki-laki;r2 (sepeda motor);0;tinggi
tabrakan depan - belakang;0;1;0;-7,354864431;112,603059;utara (0°);terang / jelas;cerah;lokal / lingkungan;ii (jalan sedang utk beban s/d 10 ton & 12m  panjang ran);lurus;2/2 tb (2 lajur/2 arah tanpa batas median);50;jalan kota / kabupaten;jalan raya ds. sumput kec. driyorejo kab. gresik;driyorejo;kecelakaan ringan;46-65;laki-laki;r2 (sepeda motor);0;tinggi
tabrakan depan - belakang;0;1;0;-7,11803594;112,597491;timur (90°);gelap / sulit terlihat;cerah;arteri;i (jalan besar utk beban 10 ton & max 18 m panjang ran);lurus;2/2 tb (2 lajur/2 arah tanpa batas median);40;jalan nasional;jalan raya ds leran kec manyar  kab. gresik;manyar;kecelakaan ringan;46-65;laki-laki;mini bus;0;tinggi
tabrakan depan - belakang;0;1;0;-7,165043335;112,549609;timur (90°);terang / jelas;cerah;arteri;i (jalan besar utk beban 10 ton & max 18 m panjang ran);lurus;2/2 tb (2 lajur/2 arah tanpa batas median);40;jalan nasional;jalan raya ds. tebaloan kec. duduksampeyan kab. gresik;duduk sampeyan;kecelakaan ringan;26-45;laki-laki;mini truk;0;tinggi
tabrakan depan - belakang;0;1;0;-7,365504023;112,6237411;barat (270°);terang / jelas;cerah;lokal / lingkungan;ii (jalan sedang utk beban s/d 10 ton & 12m  panjang ran);lurus;2/2 tb (2 lajur/2 arah tanpa batas median);40;jalan kota / kabupaten;jalan raya ds. driyorejo kec. driyorejo kab. gresik;driyorejo;kecelakaan ringan;26-45;laki-laki;r2 (sepeda motor);0;tinggi
tabrakan depan - belakang;0;1;0;-7,355810519;112,5499596;utara (0°);terang / jelas;cerah;lokal / lingkungan;ii (jalan sedang utk beban s/d 10 ton & 12m  panjang ran);lurus;2/2 tb (2 lajur/2 arah tanpa batas median);40;jalan kota / kabupaten;jalan raya desa banyuurip kecamatan kedamean kabupaten gresik;kedamean;kecelakaan ringan;46-65;laki-laki;r2 (sepeda motor);0;tinggi
tabrakan depan - belakang;0;1;0;-7,132109671;112,4818342;timur (90°);terang / jelas;cerah;arteri;i (jalan besar utk beban 10 ton & max 18 m panjang ran);lurus;4/2 b (4 lajur/2 arah dengan batas median);40;jalan nasional;jalan raya ds. pandanan kec. duduksampeyan kab. gresik;duduk sampeyan;kecelakaan ringan;46-65;laki-laki;r2 (sepeda motor);1;sedang
tabrakan depan - belakang;0;1;0;-7,278124562;112,5838596;utara (0°);terang / jelas;cerah;lokal / lingkungan;ii (jalan sedang utk beban s/d 10 ton & 12m  panjang ran);lurus;2/2 tb (2 lajur/2 arah tanpa batas median);40;jalan kota / kabupaten;jalan raya ds. hulaan kec. menganti kab. gresik;menganti;kecelakaan ringan;46-65;laki-laki;mini bus;0;tinggi
tabrakan depan - belakang;0;3;0;-7,190049855;112,5096586;utara (0°);terang / jelas;cerah;lokal / lingkungan;ii (jalan sedang utk beban s/d 10 ton & 12m  panjang ran);lurus;2/2 tb (2 lajur/2 arah tanpa batas median);40;jalan kota / kabupaten;jalan raya ds. jatirembe kec. benjeng kab. gresik;benjeng;kecelakaan ringan;17-25;laki-laki;r2 (sepeda motor);1;sedang
tabrakan depan - belakang;0;3;0;-7,267735434;112,4487768;utara (0°);terang / jelas;cerah;lokal / lingkungan;ii (jalan sedang utk beban s/d 10 ton & 12m  panjang ran);lurus;2/2 tb (2 lajur/2 arah tanpa batas median);50;jalan kota / kabupaten;jalan raya ds. kedungpring kec. balongpanggang kab. gresik;balongpanggang;kecelakaan ringan;46-65;laki-laki;r2 (sepeda motor);1;sedang
tabrakan depan - belakang;1;1;0;-7,232863474;112,565267;selatan (180°);terang / jelas;cerah;kolektor;i (jalan besar utk beban 10 ton & max 18 m panjang ran);lurus;2/2 tb (2 lajur/2 arah tanpa batas median);50;jalan propinsi;jalan raya ds. cerme kidul kec. cerme kab. gresik;cerme;kecelakaan ringan;26-45;laki-laki;r2 (sepeda motor);2;rendah
tabrakan depan - belakang;1;1;0;-7,232863474;112,565267;selatan (180°);terang / jelas;cerah;kolektor;i (jalan besar utk beban 10 ton & max 18 m panjang ran);lurus;2/2 tb (2 lajur/2 arah tanpa batas median);50;jalan propinsi;jalan raya ds. cerme kidul kec. cerme kab. gresik;cerme;kecelakaan berat;26-45;laki-laki;r2 (sepeda motor);2;rendah
tabrakan depan - belakang;0;1;0;-7,226997284;112,5635334;timur (90°);terang / jelas;cerah;lokal / lingkungan;ii (jalan sedang utk beban s/d 10 ton & 12m  panjang ran);lurus;2/2 tb (2 lajur/2 arah tanpa batas median);40;jalan kota / kabupaten;jalan raya ds. cerme lor kec. cerme kab. gresik;cerme;kecelakaan ringan;<17;laki-laki;r2 (sepeda motor);0;tinggi
tabrakan depan - belakang;0;1;0;-7,369664641;112,5978034;barat (270°);terang / jelas;cerah;lokal / lingkungan;ii (jalan sedang utk beban s/d 10 ton & 12m  panjang ran);lurus;2/2 tb (2 lajur/2 arah tanpa batas median);40;jalan kota / kabupaten;jalan raya ds. driyorejo kec. driyorejo kab. gresik;driyorejo;kecelakaan ringan;nan;perempuan;r2 (sepeda motor);0;tinggi
tabrakan depan - belakang;0;1;0;-7,402431286;112,5127804;timur (90°);terang / jelas;cerah;kolektor;i (jalan besar utk beban 10 ton & max 18 m panjang ran);lurus;2/2 tb (2 lajur/2 arah tanpa batas median);50;jalan propinsi;jalan raya ds. sumberrame kec. wringinanom kab. gresik;wringinanom;kecelakaan ringan;<17;perempuan;r2 (sepeda motor);1;sedang
tabrakan depan - belakang;0;1;0;-7,390257009;112,5573135;timur (90°);terang / jelas;cerah;lokal / lingkungan;ii (jalan sedang utk beban s/d 10 ton & 12m  panjang ran);lurus;2/2 tb (2 lajur/2 arah tanpa batas median);40;jalan kota / kabupaten;jalan raya ds. sumengko kec. wringianom kab. gresik;wringinanom;kecelakaan ringan;46-65;laki-laki;mini truk;0;tinggi
tabrakan depan - belakang;0;1;0;-6,904452963;112,5004949;barat (270°);terang / jelas;cerah;lokal / lingkungan;ii (jalan sedang utk beban s/d 10 ton & 12m  panjang ran);lurus;2/2 tb (2 lajur/2 arah tanpa batas median);40;jalan kota / kabupaten;jalan raya ds. ngembo kec. ujungpangkah kab. gresik;ujungpangkah;kecelakaan ringan;<17;laki-laki;r2 (sepeda motor);1;sedang
tabrakan depan - belakang;0;1;0;-7,201719682;112,5745386;selatan (180°);terang / jelas;cerah;kolektor;i (jalan besar utk beban 10 ton & max 18 m panjang ran);lurus;2/2 tb (2 lajur/2 arah tanpa batas median);50;jalan propinsi;jalan raya ds. tambakberas kec. cerme kab. gresik;cerme;kecelakaan ringan;<17;laki-laki;r2 (sepeda motor);0;tinggi
tabrakan depan - belakang;0;2;0;-7,294047532;112,5913445;timur (90°);terang / jelas;cerah;lokal / lingkungan;ii (jalan sedang utk beban s/d 10 ton & 12m  panjang ran);lurus;2/2 tb (2 lajur/2 arah tanpa batas median);40;jalan kota / kabupaten;jalan raya desa menganti kecamatan menganti kabupaten gresik;menganti;kecelakaan ringan;26-45;perempuan;r2 (sepeda motor);0;tinggi
tabrakan depan - belakang;0;3;0;-7,343013505;112,6374884;selatan (180°);terang / jelas;cerah;lokal / lingkungan;ii (jalan sedang utk beban s/d 10 ton & 12m  panjang ran);lurus;2/2 tb (2 lajur/2 arah tanpa batas median);50;jalan kota / kabupaten;jalan raya ds. petiken kec. driyorejo kab. gresik;driyorejo;kecelakaan ringan;26-45;laki-laki;r2 (sepeda motor);0;tinggi
tabrakan depan - belakang;0;2;0;-7,162919961;112,6272015;barat (270°);terang / jelas;cerah;lokal / lingkungan;ii (jalan sedang utk beban s/d 10 ton & 12m  panjang ran);lurus;2/2 tb (2 lajur/2 arah tanpa batas median);50;jalan kota / kabupaten;jalan raya dr. wahidin sudirohusodo  kec. kebomas kab. gresik;kebomas;kecelakaan ringan;17-25;laki-laki;r2 (sepeda motor);0;tinggi
tabrakan depan - belakang;0;1;0;-7,144356007;112,6298619;timur (90°);terang / jelas;cerah;lokal / lingkungan;ii (jalan sedang utk beban s/d 10 ton & 12m  panjang ran);lurus;2/2 tb (2 lajur/2 arah tanpa batas median);50;jalan kota / kabupaten;jalan raya ds. roomo kec. manyar kab. gresik;manyar;kecelakaan ringan;nan;laki-laki;r2 (sepeda motor);0;tinggi
tabrakan depan - belakang;0;1;0;-7,357057229;112,5581209;barat (270°);terang / jelas;cerah;lokal / lingkungan;ii (jalan sedang utk beban s/d 10 ton & 12m  panjang ran);lurus;2/2 tb (2 lajur/2 arah tanpa batas median);40;jalan kota / kabupaten;jalan raya ds. miru  kec. kedamean kab. gresik;kedamean;kecelakaan ringan;<17;laki-laki;r2 (sepeda motor);0;tinggi
tabrakan depan - belakang;0;1;0;-7,160670635;112,6218454;timur (90°);terang / jelas;cerah;lokal / lingkungan;ii (jalan sedang utk beban s/d 10 ton & 12m  panjang ran);lurus;4/2 b (4 lajur/2 arah dengan batas median);50;jalan kota / kabupaten;jalan raya dr. wahidin sudirohusodo  kel. randuagung kec. kebomas kab. gresik;kebomas;kecelakaan ringan;<17;laki-laki;r2 (sepeda motor);0;tinggi
tabrakan depan - belakang;0;1;0;-7,261163592;112,5040055;barat (270°);terang / jelas;cerah;lokal / lingkungan;ii (jalan sedang utk beban s/d 10 ton & 12m  panjang ran);lurus;2/2 tb (2 lajur/2 arah tanpa batas median);50;jalan kota / kabupaten;jalan raya ds. dermo kec. benjeng kab. gresik;benjeng;kecelakaan ringan;<17;laki-laki;r2 (sepeda motor);1;sedang
tabrakan depan - belakang;0;1;0;-7,372879322;112,5564364;barat (270°);terang / jelas;cerah;tol;i (jalan besar utk beban 10 ton & max 18 m panjang ran);lurus;4/2 b (4 lajur/2 arah dengan batas median);60;jalan nasional;jalan toll sumo km. 727 ds. pasinan lemahputih kec. wringinanom kab. gresik;wringinanom;kecelakaan ringan;46-65;laki-laki;standar bus;0;tinggi
tabrakan depan - belakang;0;1;0;-7,31104271;112,5424294;selatan (180°);terang / jelas;cerah;tol;i (jalan besar utk beban 10 ton & max 18 m panjang ran);lurus;2/1 (2 lajur/1 arah);50;jalan nasional;jalan tol klbm km 11.600 jalur a desa belahanrejo kecamatan kedamean kabupaten gresik;kedamean;kecelakaan ringan;46-65;laki-laki;truk berat / tronton;0;tinggi
tabrakan depan - belakang;0;1;0;-7,360987134;112,640926;timur (90°);terang / jelas;cerah;kolektor;i (jalan besar utk beban 10 ton & max 18 m panjang ran);lurus;2/2 tb (2 lajur/2 arah tanpa batas median);50;jalan kota / kabupaten;jalan raya ds. cangkir kec. driyorejo kab. gresik;driyorejo;kecelakaan ringan;26-45;laki-laki;r2 (sepeda motor);0;tinggi
tabrakan depan - belakang;0;1;0;-7,27131077;112,4428581;utara (0°);terang / jelas;cerah;lokal / lingkungan;ii (jalan sedang utk beban s/d 10 ton & 12m  panjang ran);lurus;2/2 tb (2 lajur/2 arah tanpa batas median);50;jalan kota / kabupaten;jalan raya ds. wates kec. balongpanggang kab. gresik;balongpanggang;kecelakaan ringan;26-45;perempuan;r2 (sepeda motor);1;sedang
tabrakan depan - belakang;0;1;0;-7,258830238;112,4473627;utara (0°);terang / jelas;cerah;lokal / lingkungan;ii (jalan sedang utk beban s/d 10 ton & 12m  panjang ran);lurus;2/2 tb (2 lajur/2 arah tanpa batas median);50;jalan kota / kabupaten;jalan raya ds. pacuh kec. balongpanggang kab. gresik;balongpanggang;kecelakaan ringan;<17;laki-laki;mini bus;1;sedang
tabrakan depan - belakang;0;4;0;-7,291525472;112,5705293;timur (90°);terang / jelas;cerah;lokal / lingkungan;ii (jalan sedang utk beban s/d 10 ton & 12m  panjang ran);lurus;2/2 tb (2 lajur/2 arah tanpa batas median);50;jalan kota / kabupaten;jalan raya ds. bringkang kec. menganti kab. gresik;menganti;kecelakaan ringan;17-25;laki-laki;r2 (sepeda motor);0;tinggi
tabrakan depan - belakang;0;1;0;-7,298606461;112,5441545;utara (0°);terang / jelas;cerah;tol;i (jalan besar utk beban 10 ton & max 18 m panjang ran);lurus;2/1 (2 lajur/1 arah);80;jalan nasional;jalan tol klbm km 14.400 ds. turirejo kec. kedamean kab. gresik;kedamean;kecelakaan ringan;<17;laki-laki;mini truk;0;tinggi
tabrakan depan - belakang;0;1;0;-7,166214119;112,5589067;timur (90°);terang / jelas;cerah;arteri;i (jalan besar utk beban 10 ton & max 18 m panjang ran);lurus;2/2 tb (2 lajur/2 arah tanpa batas median);40;jalan nasional;jalan raya ds. ambeng-ambeng kec. duduksampeyan kab. gresik;duduk sampeyan;kecelakaan ringan;17-25;laki-laki;r2 (sepeda motor);0;tinggi
tabrakan depan - belakang;0;3;0;-7,364365347;112,5863592;selatan (180°);gelap / sulit terlihat;cerah;lokal / lingkungan;ii (jalan sedang utk beban s/d 10 ton & 12m  panjang ran);lurus;2/2 tb (2 lajur/2 arah tanpa batas median);40;jalan kota / kabupaten;jalan raya desa banjaran kecamatan driyorejo kabupaten gresik;driyorejo;kecelakaan ringan;46-65;laki-laki;r2 (sepeda motor);0;tinggi
tabrakan depan - belakang;0;2;0;-6,999306512;112,5640321;selatan (180°);terang / jelas;cerah;arteri;i (jalan besar utk beban 10 ton & max 18 m panjang ran);lurus;2/2 tb (2 lajur/2 arah tanpa batas median);50;jalan nasional;jalan raya ds. racitengah kec. sidayu kab. gresik;sidayu;kecelakaan ringan;46-65;laki-laki;r2 (sepeda motor);0;tinggi
tabrakan depan - belakang;0;2;0;-7,396593322;112,5246488;timur (90°);terang / jelas;cerah;lokal / lingkungan;ii (jalan sedang utk beban s/d 10 ton & 12m  panjang ran);lurus;2/2 tb (2 lajur/2 arah tanpa batas median);40;jalan kota / kabupaten;jalan raya ds. sumberame kec. wringinanom kab. gresik;wringinanom;kecelakaan ringan;26-45;laki-laki;r2 (sepeda motor);1;sedang
tabrakan depan - belakang;0;1;0;-7,161424391;112,6143451;timur (90°);terang / jelas;cerah;lokal / lingkungan;iii (jalan kecil utk max beban 8 ton & 9 m panjang ran);lurus;2/2 tb (2 lajur/2 arah tanpa batas median);40;jalan desa;jalan umum gkb ds. randuagung kec. kebomas kab. gresik;kebomas;kecelakaan ringan;46-65;laki-laki;jeep ( suv );0;tinggi
tabrakan depan - belakang;0;2;0;-7,160267372;112,5312466;timur (90°);terang / jelas;cerah;arteri;i (jalan besar utk beban 10 ton & max 18 m panjang ran);lurus;4/2 b (4 lajur/2 arah dengan batas median);40;jalan nasional;jalan raya ds. samirplapan kec. duduksampeyan kab. gresik;duduk sampeyan;kecelakaan ringan;17-25;laki-laki;r2 (sepeda motor);1;sedang
tabrakan depan - belakang;0;2;0;-7,14461297;112,5028689;timur (90°);terang / jelas;cerah;arteri;i (jalan besar utk beban 10 ton & max 18 m panjang ran);lurus;4/2 b (4 lajur/2 arah dengan batas median);40;jalan nasional;jalan raya ds. tambakrejo kec. duduksampeyan kab. gresik;duduk sampeyan;kecelakaan ringan;<17;perempuan;pick up;1;sedang
tabrakan depan - belakang;0;1;0;-7,355565121;112,5486393;timur (90°);terang / jelas;cerah;lokal / lingkungan;ii (jalan sedang utk beban s/d 10 ton & 12m  panjang ran);lurus;2/2 tb (2 lajur/2 arah tanpa batas median);40;jalan kota / kabupaten;jalan raya ds. banyuurip kec. kedamean kab. gresik;kedamean;kecelakaan ringan;17-25;laki-laki;r2 (sepeda motor);0;tinggi
tabrakan depan - belakang;0;2;0;-7,290924396;112,5636706;selatan (180°);terang / jelas;cerah;kolektor;i (jalan besar utk beban 10 ton & max 18 m panjang ran);lurus;2/2 tb (2 lajur/2 arah tanpa batas median);40;jalan propinsi;jalan raya ds. bringkang kec. menganti kab. gresik;menganti;kecelakaan ringan;nan;laki-laki;mobil;0;tinggi
tabrakan depan - belakang;0;1;0;-7,267323629;112,4524808;barat (270°);terang / jelas;cerah;lokal / lingkungan;ii (jalan sedang utk beban s/d 10 ton & 12m  panjang ran);lurus;2/2 tb (2 lajur/2 arah tanpa batas median);40;jalan kota / kabupaten;jalan raya ds. balongpanggang kec. balongpanggang kab. gresik;balongpanggang;kecelakaan ringan;26-45;laki-laki;jeep ( suv );1;sedang
tabrakan depan - belakang;0;1;0;-6,990670806;112,5099318;barat (270°);terang / jelas;cerah;lokal / lingkungan;ii (jalan sedang utk beban s/d 10 ton & 12m  panjang ran);lurus;2/2 tb (2 lajur/2 arah tanpa batas median);50;jalan kota / kabupaten;jalan raya ds. lasem kec. sidayu kab. gresik;sidayu;kecelakaan ringan;26-45;laki-laki;r2 (sepeda motor);1;sedang
tabrakan depan - belakang;0;2;0;-6,978053127;112,5399588;barat (270°);terang / jelas;cerah;arteri;i (jalan besar utk beban 10 ton & max 18 m panjang ran);lurus;2/2 tb (2 lajur/2 arah tanpa batas median);50;jalan nasional;jalan raya ds. golokan kec. sidayu kab. gresik;sidayu;kecelakaan ringan;26-45;laki-laki;r2 (sepeda motor);1;sedang
tabrakan depan - belakang;0;2;0;-7,388785075;112,5639692;timur (90°);terang / jelas;cerah;lokal / lingkungan;ii (jalan sedang utk beban s/d 10 ton & 12m  panjang ran);lurus;2/2 tb (2 lajur/2 arah tanpa batas median);40;jalan kota / kabupaten;jalan raya ds. wringinanom kec. wringinanom kab. gresik;wringinanom;kecelakaan ringan;46-65;perempuan;r2 (sepeda motor);0;tinggi
tabrakan depan - belakang;0;1;0;-7,09451806;112,5896065;timur (90°);terang / jelas;cerah;arteri;i (jalan besar utk beban 10 ton & max 18 m panjang ran);lurus;2/2 tb (2 lajur/2 arah tanpa batas median);50;jalan nasional;jalan raya ds. banyuwangi kec. manyar kab. gresik;manyar;kecelakaan ringan;<17;perempuan;r2 (sepeda motor);0;tinggi
tabrakan depan - belakang;0;1;0;-7,384131385;112,5760228;utara (0°);gelap / sulit terlihat;cerah;kolektor;i (jalan besar utk beban 10 ton & max 18 m panjang ran);lurus;2/2 tb (2 lajur/2 arah tanpa batas median);50;jalan propinsi;jalan raya ds. krikilan legundi kec. driyorejo kab. gresik;driyorejo;kecelakaan ringan;26-45;laki-laki;truk gandeng;0;tinggi
tabrakan depan - belakang;0;2;0;-7,226523129;112,4576105;timur (90°);terang / jelas;cerah;lokal / lingkungan;ii (jalan sedang utk beban s/d 10 ton & 12m  panjang ran);lurus;2/2 tb (2 lajur/2 arah tanpa batas median);40;jalan kota / kabupaten;jalan raya desa ngasin kecamatan balongpanggang kabupaten gresik;balongpanggang;kecelakaan ringan;26-45;laki-laki;r2 (sepeda motor);1;sedang
tabrakan depan - belakang;0;1;0;-7,376274357;112,5510208;timur (90°);terang / jelas;cerah;tol;i (jalan besar utk beban 10 ton & max 18 m panjang ran);lurus;4/2 b (4 lajur/2 arah dengan batas median);40;jalan nasional;jalan tol surabaya mojokerto km 725 b ds. pasinan lemahputih kec. wringinanom kab. gresik;wringinanom;kecelakaan ringan;26-45;laki-laki;mini bus;0;tinggi
tabrakan depan - belakang;0;1;0;-7,346917087;112,56847;selatan (180°);terang / jelas;cerah;kolektor;i (jalan besar utk beban 10 ton & max 18 m panjang ran);lurus;2/2 tb (2 lajur/2 arah tanpa batas median);40;jalan propinsi;jalan raya ds. karangandong kec. driyorejo kab. gresik;driyorejo;kecelakaan ringan;26-45;laki-laki;mini bus;0;tinggi
tabrakan depan - belakang;0;2;0;-6,989886183;112,5070525;timur (90°);terang / jelas;cerah;lokal / lingkungan;ii (jalan sedang utk beban s/d 10 ton & 12m  panjang ran);lurus;2/2 tb (2 lajur/2 arah tanpa batas median);40;jalan kota / kabupaten;jalan raya ds. lasem kec. sidayu kab. gresik;sidayu;kecelakaan ringan;17-25;perempuan;r2 (sepeda motor);1;sedang
tabrakan depan - belakang;0;1;0;-7,395121874;112,5340165;barat (270°);terang / jelas;cerah;lokal / lingkungan;ii (jalan sedang utk beban s/d 10 ton & 12m  panjang ran);lurus;2/2 tb (2 lajur/2 arah tanpa batas median);40;jalan kota / kabupaten;jalan raya ds. lebaniwaras kec. wringinanom kab. gresik;wringinanom;kecelakaan ringan;26-45;laki-laki;mini truk;1;sedang
tabrakan depan - belakang;0;1;0;-7,328335619;112,5663678;selatan (180°);terang / jelas;cerah;lokal / lingkungan;ii (jalan sedang utk beban s/d 10 ton & 12m  panjang ran);lurus;2/2 tb (2 lajur/2 arah tanpa batas median);40;jalan kota / kabupaten;jalan raya ds. kedamean kec. kedamean kab. gresik;kedamean;kecelakaan ringan;26-45;laki-laki;r2 (sepeda motor);0;tinggi
tabrakan depan - belakang;0;1;0;-6,883893641;112,4489833;selatan (180°);gelap / sulit terlihat;cerah;lokal / lingkungan;ii (jalan sedang utk beban s/d 10 ton & 12m  panjang ran);lurus;2/2 tb (2 lajur/2 arah tanpa batas median);40;jalan kota / kabupaten;jalan raya ds. campurejo kec. panceng kab. gresik;panceng;kecelakaan ringan;nan;laki-laki;r2 (sepeda motor);1;sedang
tabrakan depan - belakang;1;0;0;-7,215470804;112,5710349;selatan (180°);terang / jelas;cerah;kolektor;i (jalan besar utk beban 10 ton & max 18 m panjang ran);lurus;4/2 b (4 lajur/2 arah dengan batas median);50;jalan propinsi;jalan raya ds cerme lor kec cerme kab. gresik;cerme;kecelakaan berat;17-25;laki-laki;r2 (sepeda motor);2;rendah
tabrakan depan - belakang;0;3;0;-7,165002821;112,5872818;utara (0°);terang / jelas;cerah;lokal / lingkungan;ii (jalan sedang utk beban s/d 10 ton & 12m  panjang ran);lurus;2/2 tb (2 lajur/2 arah tanpa batas median);40;jalan kota / kabupaten;jalan kh. syafii ds. dahanrejo kec. kebomas kab. gresik;kebomas;kecelakaan ringan;<17;perempuan;r2 (sepeda motor);0;tinggi
tabrakan depan - belakang;0;2;0;-7,36157427;112,6402164;timur (90°);gelap / sulit terlihat;cerah;kolektor;i (jalan besar utk beban 10 ton & max 18 m panjang ran);lurus;2/2 tb (2 lajur/2 arah tanpa batas median);40;jalan propinsi;jalan raya ds. cangkir kec. driyorejo kab. gresik;driyorejo;kecelakaan ringan;nan;laki-laki;r2 (sepeda motor);0;tinggi
tabrakan depan - belakang;0;1;0;-7,384411536;112,5762244;utara (0°);terang / jelas;cerah;kolektor;i (jalan besar utk beban 10 ton & max 18 m panjang ran);x atau + (simpang empat);2/2 tb (2 lajur/2 arah tanpa batas median);40;jalan propinsi;jalan raya sp4 legundi ds. legundi kec. driyorejo kab. gresik;driyorejo;kecelakaan ringan;46-65;perempuan;r2 (sepeda motor);0;tinggi
tabrakan depan - belakang;0;1;0;-7,366142127;112,6141247;timur (90°);terang / jelas;cerah;lokal / lingkungan;ii (jalan sedang utk beban s/d 10 ton & 12m  panjang ran);lurus;2/2 tb (2 lajur/2 arah tanpa batas median);40;jalan kota / kabupaten;jalan raya ds. driyorejo kec. driyorejo kab. gresik;driyorejo;kecelakaan ringan;46-65;laki-laki;r2 (sepeda motor);0;tinggi
tabrakan depan - belakang;0;2;0;-7,165993105;112,6144053;utara (0°);terang / jelas;cerah;lokal / lingkungan;ii (jalan sedang utk beban s/d 10 ton & 12m  panjang ran);lurus;2/2 tb (2 lajur/2 arah tanpa batas median);40;jalan kota / kabupaten;jalan raya dr. wahidin sudirohusodo d kel. kembangan kec. kebomas kab. gresik;kebomas;kecelakaan ringan;nan;perempuan;r2 (sepeda motor);0;tinggi
tabrakan depan - belakang;0;1;0;-7,192106791;112,6192879;timur (90°);terang / jelas;cerah;lokal / lingkungan;ii (jalan sedang utk beban s/d 10 ton & 12m  panjang ran);lurus;2/2 tb (2 lajur/2 arah tanpa batas median);40;jalan desa;jalan umum ds kedanyang kec. kebomas kab. gresik;kebomas;kecelakaan ringan;<17;laki-laki;mini truk;0;tinggi
tabrakan depan - belakang;0;2;0;-7,38201194;112,5375003;utara (0°);gelap / sulit terlihat;cerah;tol;i (jalan besar utk beban 10 ton & max 18 m panjang ran);lurus;4/2 b (4 lajur/2 arah dengan batas median);50;jalan nasional;jalan tol klbm km 3,500 ds. lebaniwaras kec. wringinanom kab. gresik;wringinanom;kecelakaan ringan;46-65;laki-laki;truk berat / tronton;1;sedang
tabrakan depan - belakang;0;10;0;-7,389094747;112,5072113;barat (270°);terang / jelas;cerah;tol;i (jalan besar utk beban 10 ton & max 18 m panjang ran);lurus;2/2 tb (2 lajur/2 arah tanpa batas median);50;jalan nasional;jalan tol surabaya mojokerto km 720+400 jalur a ds. sumberame kec. wringinanom kab. gresik;wringinanom;kecelakaan ringan;26-45;laki-laki;standar bus;1;sedang
tabrakan depan - belakang;1;0;1;-7,173321667;112,6068697;timur (90°);terang / jelas;cerah;tol;i (jalan besar utk beban 10 ton & max 18 m panjang ran);lurus;4/2 b (4 lajur/2 arah dengan batas median);50;jalan nasional;jalan tol km 15 (600) b ds. kembangan kec. kebomas kab. gresik;kebomas;kecelakaan berat;46-65;laki-laki;truk berat / tronton;2;rendah
tabrakan depan - belakang;0;1;0;-7,263791997;112,5859846;utara (0°);terang / jelas;cerah;lokal / lingkungan;ii (jalan sedang utk beban s/d 10 ton & 12m  panjang ran);lurus;2/2 tb (2 lajur/2 arah tanpa batas median);40;jalan kota / kabupaten;jalan raya ds. pelemwatu kec. menganti kab. gresik;menganti;kecelakaan ringan;<17;laki-laki;pick up;0;tinggi
tabrakan depan - belakang;0;2;0;-7,359747858;112,6488884;timur (90°);terang / jelas;cerah;kolektor;i (jalan besar utk beban 10 ton & max 18 m panjang ran);lurus;2/2 tb (2 lajur/2 arah tanpa batas median);50;jalan propinsi;jalan raya desa bambe kecamatan driyorejo  kabupaten gresik;driyorejo;kecelakaan ringan;26-45;laki-laki;mini truk;0;tinggi
tabrakan depan - belakang;0;1;0;-7,406369068;112,5048698;timur (90°);terang / jelas;cerah;lokal / lingkungan;ii (jalan sedang utk beban s/d 10 ton & 12m  panjang ran);lurus;2/2 tb (2 lajur/2 arah tanpa batas median);40;jalan kota / kabupaten;jalan raya desa kedunganyar kecamatan wringinanom kabupaten gresik;wringinanom;kecelakaan ringan;46-65;laki-laki;r2 (sepeda motor);1;sedang
tabrakan depan - belakang;0;1;0;-7,175668968;112,6246242;selatan (180°);terang / jelas;cerah;lokal / lingkungan;ii (jalan sedang utk beban s/d 10 ton & 12m  panjang ran);lurus;2/2 tb (2 lajur/2 arah tanpa batas median);40;jalan kota / kabupaten;jalan raya mayjend sungkono kel. sekarkurung kec. kebomas kab. gresik;kebomas;kecelakaan ringan;nan;perempuan;r2 (sepeda motor);0;tinggi
tabrakan depan - belakang;0;1;0;-7,118394577;112,5980957;selatan (180°);terang / jelas;cerah;arteri;i (jalan besar utk beban 10 ton & max 18 m panjang ran);lurus;2/2 tb (2 lajur/2 arah tanpa batas median);50;jalan nasional;jalan raya ds. manyarejo kec. manyar kab. gresik;manyar;kecelakaan ringan;26-45;laki-laki;r2 (sepeda motor);0;tinggi
tabrakan depan - belakang;0;2;0;-7,390716179;112,5556697;barat (270°);terang / jelas;cerah;lokal / lingkungan;ii (jalan sedang utk beban s/d 10 ton & 12m  panjang ran);lurus;2/2 tb (2 lajur/2 arah tanpa batas median);40;jalan kota / kabupaten;jalan raya ds. sumengko kec. wringinanom kab. gresik;wringinanom;kecelakaan ringan;46-65;perempuan;r2 (sepeda motor);0;tinggi
tabrakan depan - belakang;0;1;0;-7,166569046;112,5616713;timur (90°);terang / jelas;cerah;arteri;i (jalan besar utk beban 10 ton & max 18 m panjang ran);lurus;2/2 tb (2 lajur/2 arah tanpa batas median);40;jalan nasional;jalan raya ds. ambeng-ambeng watangrejo kec. duduksampeyan kab. gresik;duduk sampeyan;kecelakaan ringan;26-45;perempuan;r2 (sepeda motor);0;tinggi
tabrakan depan - belakang;0;1;0;-7,265877349;112,4681771;timur (90°);terang / jelas;cerah;lokal / lingkungan;ii (jalan sedang utk beban s/d 10 ton & 12m  panjang ran);lurus;2/2 tb (2 lajur/2 arah tanpa batas median);40;jalan kota / kabupaten;jalan raya ds. kalipadang kec. benjeng kab. gresik;benjeng;kecelakaan ringan;<17;perempuan;r2 (sepeda motor);1;sedang
tabrakan depan - belakang;0;1;0;-7,365303346;112,6203714;timur (90°);terang / jelas;cerah;lokal / lingkungan;ii (jalan sedang utk beban s/d 10 ton & 12m  panjang ran);lurus;2/2 tb (2 lajur/2 arah tanpa batas median);40;jalan kota / kabupaten;jalan raya ds. cangkir kec. driyorejo kab. gresik;driyorejo;kecelakaan ringan;<17;perempuan;mini bus;0;tinggi
tabrakan depan - belakang;0;1;0;-7,368869056;112,6021359;barat (270°);terang / jelas;cerah;lokal / lingkungan;ii (jalan sedang utk beban s/d 10 ton & 12m  panjang ran);lurus;2/2 tb (2 lajur/2 arah tanpa batas median);40;jalan kota / kabupaten;jalan raya ds. semambung kec. driyorejo kab. gresik;driyorejo;kecelakaan ringan;nan;laki-laki;r2 (sepeda motor);0;tinggi
tabrakan depan - belakang;0;1;0;-7,118951033;112,5989858;timur (90°);terang / jelas;cerah;lokal / lingkungan;ii (jalan sedang utk beban s/d 10 ton & 12m  panjang ran);lurus;2/2 tb (2 lajur/2 arah tanpa batas median);50;jalan kota / kabupaten;jalan raya desa manyarejo kecamatan manyar kabupaten gresik;manyar;kecelakaan ringan;46-65;laki-laki;truk berat / tronton;0;tinggi
tabrakan depan - belakang;0;1;0;-6,987396299;112,5182162;timur (90°);terang / jelas;cerah;lokal / lingkungan;ii (jalan sedang utk beban s/d 10 ton & 12m  panjang ran);lurus;2/2 tb (2 lajur/2 arah tanpa batas median);50;jalan kota / kabupaten;jalan raya ds.lasem kec sidayu kab. gresik;sidayu;kecelakaan ringan;<17;laki-laki;pick up;1;sedang
tabrakan depan - belakang;0;1;0;-7,263807724;112,4921728;barat (270°);terang / jelas;cerah;lokal / lingkungan;ii (jalan sedang utk beban s/d 10 ton & 12m  panjang ran);lurus;2/2 tb (2 lajur/2 arah tanpa batas median);50;jalan kota / kabupaten;jalan raya ds. munggugianti kec. benjeng kab. gresik;benjeng;kecelakaan ringan;<17;laki-laki;r2 (sepeda motor);1;sedang
tabrakan depan - belakang;0;2;0;-7,152765574;112,6150914;utara (0°);terang / jelas;cerah;lokal / lingkungan;ii (jalan sedang utk beban s/d 10 ton & 12m  panjang ran);lurus;1/1 (1 lajur/1 arah);40;jalan kota / kabupaten;jalan jawa gkb ds. yosowilangun kec. manyar kab. gresik;manyar;kecelakaan ringan;26-45;perempuan;r2 (sepeda motor);0;tinggi
tabrakan depan - belakang;0;2;0;-7,152765574;112,6150914;utara (0°);terang / jelas;cerah;lokal / lingkungan;ii (jalan sedang utk beban s/d 10 ton & 12m  panjang ran);lurus;1/1 (1 lajur/1 arah);40;jalan kota / kabupaten;jalan jawa gkb ds. yosowilangun kec. manyar kab. gresik;manyar;kecelakaan ringan;nan;laki-laki;r2 (sepeda motor);0;tinggi
tabrakan depan - belakang;0;1;0;-7,390663978;112,5559322;selatan (180°);terang / jelas;cerah;kolektor;i (jalan besar utk beban 10 ton & max 18 m panjang ran);lurus;2/2 tb (2 lajur/2 arah tanpa batas median);40;jalan propinsi;jalan raya ds. sumengko kec. wringinanom kab. gresik;wringinanom;kecelakaan ringan;46-65;laki-laki;r2 (sepeda motor);0;tinggi
tabrakan depan - belakang;0;2;0;-7,314653071;112,5654526;selatan (180°);terang / jelas;cerah;kolektor;i (jalan besar utk beban 10 ton & max 18 m panjang ran);lurus;2/2 tb (2 lajur/2 arah tanpa batas median);40;jalan propinsi;jalan raya ds. katimoho kec. kedamean kab. gresik;kedamean;kecelakaan ringan;26-45;laki-laki;r2 (sepeda motor);0;tinggi
tabrakan depan - belakang;0;8;0;-7,394459565;112,4912425;barat (270°);gelap / sulit terlihat;cerah;tol;i (jalan besar utk beban 10 ton & max 18 m panjang ran);lurus;4/2 b (4 lajur/2 arah dengan batas median);60;jalan nasional;jalan toll surabaya mojokerto km 718+600 jalur a ds. sumberame kec. wringinanom kab. gresik;wringinanom;kecelakaan ringan;26-45;perempuan;mini bus;1;sedang
tabrakan depan - belakang;0;1;0;-7,170221868;112,5118584;utara (0°);terang / jelas;cerah;lokal / lingkungan;ii (jalan sedang utk beban s/d 10 ton & 12m  panjang ran);lurus;2/2 tb (2 lajur/2 arah tanpa batas median);50;jalan kota / kabupaten;jalan raya desa sumengko kecamatan duduksampeyan kabupaten gresik;duduk sampeyan;kecelakaan ringan;46-65;perempuan;r2 (sepeda motor);1;sedang
tabrakan depan - belakang;0;1;0;-7,334208556;112,5669466;utara (0°);terang / jelas;cerah;kolektor;i (jalan besar utk beban 10 ton & max 18 m panjang ran);lurus;2/2 tb (2 lajur/2 arah tanpa batas median);40;jalan propinsi;jalan raya ds. kedamean kec. kedamean kab. gresik;kedamean;kecelakaan ringan;<17;perempuan;pick up;0;tinggi
tabrakan depan - belakang;0;1;0;-7,184147797;112,6123551;timur (90°);terang / jelas;cerah;lokal / lingkungan;ii (jalan sedang utk beban s/d 10 ton & 12m  panjang ran);lurus;2/2 tb (2 lajur/2 arah tanpa batas median);50;jalan kota / kabupaten;jalan raya ds. kedanyang kec. kebomas kab. gresik;kebomas;kecelakaan ringan;17-25;laki-laki;r2 (sepeda motor);0;tinggi
tabrakan depan - belakang;0;1;0;-7,306943439;112,5649499;selatan (180°);terang / jelas;cerah;arteri;i (jalan besar utk beban 10 ton & max 18 m panjang ran);lurus;2/2 tb (2 lajur/2 arah tanpa batas median);50;jalan propinsi;jalan raya ds. mojotengah kec. menganti kab. gresik;menganti;kecelakaan ringan;17-25;perempuan;r2 (sepeda motor);0;tinggi
tabrakan depan - belakang;0;2;0;-7,225213825;112,5487535;timur (90°);terang / jelas;cerah;lokal / lingkungan;ii (jalan sedang utk beban s/d 10 ton & 12m  panjang ran);lurus;2/2 tb (2 lajur/2 arah tanpa batas median);50;jalan kota / kabupaten;jalan raya ds. kambingan kec. cerme kab. gresik;cerme;kecelakaan ringan;26-45;perempuan;r2 (sepeda motor);0;tinggi
tabrakan depan - belakang;0;1;0;-7,166914829;112,6421125;barat (270°);terang / jelas;cerah;lokal / lingkungan;ii (jalan sedang utk beban s/d 10 ton & 12m  panjang ran);lurus;4/2 b (4 lajur/2 arah dengan batas median);50;jalan kota / kabupaten;jalan raya ra kartini ds. sukorame kec. gresik;gresik;kecelakaan ringan;26-45;laki-laki;r2 (sepeda motor);0;tinggi
tabrakan depan - belakang;0;3;0;-7,170557942;112,6305816;utara (0°);terang / jelas;cerah;lokal / lingkungan;ii (jalan sedang utk beban s/d 10 ton & 12m  panjang ran);lurus;2/2 tb (2 lajur/2 arah tanpa batas median);50;jalan kota / kabupaten;jalan umum sunan giri ds. dalemwetan kec. kebomas kab. gresik;kebomas;kecelakaan ringan;<17;laki-laki;r2 (sepeda motor);0;tinggi
tabrakan depan - belakang;0;1;0;-7,062867227;112,5763975;utara (0°);terang / jelas;cerah;arteri;i (jalan besar utk beban 10 ton & max 18 m panjang ran);lurus;2/2 tb (2 lajur/2 arah tanpa batas median);40;jalan nasional;jalan raya ds. sembayat kec. manyar kab. gresik;manyar;kecelakaan ringan;nan;perempuan;r2 (sepeda motor);0;tinggi
tabrakan depan - belakang;0;1;0;-7,167390298;112,6434143;barat (270°);terang / jelas;cerah;lokal / lingkungan;ii (jalan sedang utk beban s/d 10 ton & 12m  panjang ran);lurus;4/2 b (4 lajur/2 arah dengan batas median);40;jalan kota / kabupaten;jalan raya kartini ds. tlogobendung kec. gresik;gresik;kecelakaan ringan;26-45;laki-laki;mini bus;0;tinggi
tabrakan depan - belakang;0;1;0;-7,156708137;112,657512;selatan (180°);terang / jelas;cerah;lokal / lingkungan;ii (jalan sedang utk beban s/d 10 ton & 12m  panjang ran);lurus;2/2 tb (2 lajur/2 arah tanpa batas median);40;jalan kota / kabupaten;jalan raya ds. kebungson kec. gresik;gresik;kecelakaan ringan;17-25;perempuan;r2 (sepeda motor);0;tinggi
tabrakan depan - belakang;0;1;0;-6,967514237;112,4822828;barat (270°);terang / jelas;cerah;lokal / lingkungan;ii (jalan sedang utk beban s/d 10 ton & 12m  panjang ran);lurus;2/2 tb (2 lajur/2 arah tanpa batas median);40;jalan kota / kabupaten;jalan raya ds. petung kec. panceng kab. gresik;panceng;kecelakaan ringan;26-45;laki-laki;r2 (sepeda motor);1;sedang
tabrakan depan - belakang;0;1;0;-7,35720847;112,628127;utara (0°);terang / jelas;cerah;lokal / lingkungan;ii (jalan sedang utk beban s/d 10 ton & 12m  panjang ran);lurus;2/2 tb (2 lajur/2 arah tanpa batas median);50;jalan kota / kabupaten;jalan raya desa tenaru kecamatan driyorejo kabupaten gresik;driyorejo;kecelakaan ringan;<17;laki-laki;r2 (sepeda motor);0;tinggi
tabrakan depan - belakang;0;1;0;-7,164152747;112,6352243;timur (90°);terang / jelas;cerah;lokal / lingkungan;ii (jalan sedang utk beban s/d 10 ton & 12m  panjang ran);lurus;2/2 tb (2 lajur/2 arah tanpa batas median);50;jalan kota / kabupaten;jalan raya dr. wahidin sudirohusodo  kelurahan kebomas kecamatan kebomas kabupaten gresik;kebomas;kecelakaan ringan;nan;laki-laki;r2 (sepeda motor);0;tinggi
tabrakan depan - belakang;0;1;0;-7,307645126;112,5649934;selatan (180°);terang / jelas;cerah;kolektor;i (jalan besar utk beban 10 ton & max 18 m panjang ran);lurus;2/2 tb (2 lajur/2 arah tanpa batas median);50;jalan propinsi;jalan raya ds. mojotengah kec. menganti kab. gresik;menganti;kecelakaan ringan;17-25;laki-laki;r2 (sepeda motor);0;tinggi
tabrakan depan - belakang;0;1;0;-7,248097744;112,5612141;utara (0°);terang / jelas;cerah;lokal / lingkungan;ii (jalan sedang utk beban s/d 10 ton & 12m  panjang ran);lurus;2/2 tb (2 lajur/2 arah tanpa batas median);40;jalan kota / kabupaten;jalan raya ds. morowudi kec. cerme kab. gresik;cerme;kecelakaan ringan;26-45;laki-laki;r2 (sepeda motor);0;tinggi
tabrakan depan - belakang;0;1;0;-7,211857807;112,4900836;selatan (180°);terang / jelas;cerah;lokal / lingkungan;ii (jalan sedang utk beban s/d 10 ton & 12m  panjang ran);lurus;2/2 tb (2 lajur/2 arah tanpa batas median);40;jalan kota / kabupaten;jalan raya ds. jogodalu kec. benjeng kab. gresik;benjeng;kecelakaan ringan;17-25;laki-laki;r2 (sepeda motor);1;sedang
tabrakan depan - belakang;0;1;0;-7,156056637;112,523439;barat (270°);terang / jelas;cerah;arteri;i (jalan besar utk beban 10 ton & max 18 m panjang ran);lurus;4/2 b (4 lajur/2 arah dengan batas median);50;jalan nasional;jalan raya desa duduksampeyan kecamatan duduksampeyan kabupaten gresik;duduk sampeyan;kecelakaan ringan;26-45;laki-laki;r2 (sepeda motor);1;sedang
tabrakan depan - belakang;0;1;0;-7,154883261;112,5213199;timur (90°);terang / jelas;cerah;arteri;i (jalan besar utk beban 10 ton & max 18 m panjang ran);lurus;2/2 tb (2 lajur/2 arah tanpa batas median);40;jalan nasional;jalan raya ds. duduksampeyan kec. duduksampeyan kab. gresik;duduk sampeyan;kecelakaan ringan;nan;laki-laki;r2 (sepeda motor);1;sedang
tabrakan depan - belakang;0;2;0;-7,223508506;112,5304333;barat (270°);terang / jelas;cerah;lokal / lingkungan;ii (jalan sedang utk beban s/d 10 ton & 12m  panjang ran);lurus;2/2 tb (2 lajur/2 arah tanpa batas median);40;jalan kota / kabupaten;jalan raya ds. kandangan kec. cerme kab. gresik;cerme;kecelakaan ringan;<17;laki-laki;r2 (sepeda motor);1;sedang
tabrakan depan - belakang;0;1;0;-7,30697119;112,4294236;utara (0°);terang / jelas;cerah;lokal / lingkungan;ii (jalan sedang utk beban s/d 10 ton & 12m  panjang ran);lurus;2/2 tb (2 lajur/2 arah tanpa batas median);40;jalan kota / kabupaten;jalan raya ds. dapet kec. balongpanggang kab. gresik;balongpanggang;kecelakaan ringan;46-65;laki-laki;r2 (sepeda motor);1;sedang
tabrakan depan - belakang;0;4;0;-7,266651854;112,5554682;utara (0°);terang / jelas;cerah;tol;i (jalan besar utk beban 10 ton & max 18 m panjang ran);lurus;4/2 b (4 lajur/2 arah dengan batas median);50;jalan nasional;jalan toll klbm km 15 600 b ds. gadingwatu kec. menganti kab. gresik;menganti;kecelakaan ringan;26-45;laki-laki;mini bus;0;tinggi
tabrakan depan - belakang;0;1;0;-7,251254656;112,5647066;timur (90°);terang / jelas;cerah;arteri;i (jalan besar utk beban 10 ton & max 18 m panjang ran);lurus;2/2 tb (2 lajur/2 arah tanpa batas median);50;jalan nasional;jalan raya ds. boboh kec. menganti kab. gresik;menganti;kecelakaan ringan;<17;laki-laki;r2 (sepeda motor);0;tinggi
tabrakan depan - belakang;0;1;0;-7,052299191;112,5714854;barat (270°);terang / jelas;cerah;lokal / lingkungan;ii (jalan sedang utk beban s/d 10 ton & 12m  panjang ran);lurus;2/2 tb (2 lajur/2 arah tanpa batas median);40;jalan kota / kabupaten;jalan raya ds. bungah kec. bungah kab. gresik;bungah;kecelakaan ringan;46-65;laki-laki;r2 (sepeda motor);0;tinggi
tabrakan depan - belakang;0;1;0;-7,182611491;112,5787132;timur (90°);terang / jelas;cerah;arteri;i (jalan besar utk beban 10 ton & max 18 m panjang ran);lurus;2/2 tb (2 lajur/2 arah tanpa batas median);40;jalan nasional;jalan raya ds. banjarsari kec. cerme kab. gresik;cerme;kecelakaan ringan;17-25;perempuan;r2 (sepeda motor);0;tinggi
tabrakan depan - belakang;0;2;0;-7,256961929;112,5175079;barat (270°);terang / jelas;cerah;lokal / lingkungan;ii (jalan sedang utk beban s/d 10 ton & 12m  panjang ran);lurus;2/2 tb (2 lajur/2 arah tanpa batas median);50;jalan kota / kabupaten;jalan raya ds. dadapkuning kec. cerme kab. gresik;cerme;kecelakaan ringan;26-45;perempuan;r2 (sepeda motor);1;sedang
tabrakan depan - belakang;0;2;0;-7,303938511;112,4207966;utara (0°);terang / jelas;cerah;lokal / lingkungan;iii (jalan kecil utk max beban 8 ton & 9 m panjang ran);lurus;2/2 tb (2 lajur/2 arah tanpa batas median);40;jalan desa;jalan umum ds. ngampel kec. balongpanggang kab. gresik;balongpanggang;kecelakaan ringan;<17;laki-laki;r2 (sepeda motor);1;sedang
tabrakan depan - belakang;0;1;0;-7,24555133;112,5617797;selatan (180°);terang / jelas;cerah;arteri;i (jalan besar utk beban 10 ton & max 18 m panjang ran);lurus;2/2 tb (2 lajur/2 arah tanpa batas median);40;jalan nasional;jalan raya ds. iker-iker kec. cerme kab. gresik;cerme;kecelakaan ringan;nan;laki-laki;r2 (sepeda motor);0;tinggi
tabrakan depan - belakang;0;1;0;-7,179725548;112,5805066;timur (90°);terang / jelas;cerah;arteri;i (jalan besar utk beban 10 ton & max 18 m panjang ran);lurus;2/2 tb (2 lajur/2 arah tanpa batas median);60;jalan nasional;jalan raya ds. banjarsari kec. cerme kab. gresik;cerme;kecelakaan ringan;<17;laki-laki;r2 (sepeda motor);0;tinggi
tabrakan depan - belakang;0;1;0;-7,320771644;112,5658969;utara (0°);terang / jelas;cerah;arteri;i (jalan besar utk beban 10 ton & max 18 m panjang ran);lurus;2/2 tb (2 lajur/2 arah tanpa batas median);40;jalan nasional;jalan raya desa kedamean kecamatan kedamean  kabupaten gresik;kedamean;kecelakaan ringan;46-65;laki-laki;mini truk;0;tinggi
tabrakan depan - belakang;0;2;0;-7,270315694;112,415086;timur (90°);gelap / sulit terlihat;hujan/ grimis;lokal / lingkungan;ii (jalan sedang utk beban s/d 10 ton & 12m  panjang ran);lurus;2/2 tb (2 lajur/2 arah tanpa batas median);40;jalan kota / kabupaten;jalan raya ds. babatan kec. balongpanggang kab. gresik;balongpanggang;kecelakaan ringan;<17;laki-laki;mini bus;1;sedang
tabrakan depan - belakang;0;1;0;-7,359434962;112,6528152;timur (90°);terang / jelas;cerah;kolektor;i (jalan besar utk beban 10 ton & max 18 m panjang ran);lurus;2/2 tb (2 lajur/2 arah tanpa batas median);50;jalan propinsi;jalan raya ds. bambe kec. driyorejo kab. gresik;driyorejo;kecelakaan ringan;17-25;laki-laki;r2 (sepeda motor);0;tinggi
tabrakan depan - belakang;0;1;0;-7,141935084;112,599492;selatan (180°);terang / jelas;cerah;tol;i (jalan besar utk beban 10 ton & max 18 m panjang ran);lurus;4/2 b (4 lajur/2 arah dengan batas median);40;jalan nasional;jalan tol kebomas km 17 a ds. suci kec. manyar kab. gresik;manyar;kecelakaan ringan;<17;laki-laki;mini truk;0;tinggi
tabrakan depan - belakang;0;1;0;-7,197924677;112,5754713;utara (0°);terang / jelas;cerah;kolektor;i (jalan besar utk beban 10 ton & max 18 m panjang ran);lurus;2/2 tb (2 lajur/2 arah tanpa batas median);50;jalan propinsi;jalan raya ds. tambakberas kec. cerme kab. gresik;cerme;kecelakaan ringan;<17;laki-laki;mini truk;0;tinggi
tabrakan depan - belakang;0;4;0;-7,354737671;112,6210736;barat (270°);terang / jelas;cerah;tol;i (jalan besar utk beban 10 ton & max 18 m panjang ran);lurus;4/2 b (4 lajur/2 arah dengan batas median);60;jalan nasional;jalan tol sumo km. 734 600a ds. tenaru kec. driyorejo kab. gresik;driyorejo;kecelakaan ringan;46-65;laki-laki;bus gandeng;0;tinggi
tabrakan depan - belakang;0;1;0;-7,052345109;112,5720098;utara (0°);terang / jelas;cerah;lokal / lingkungan;ii (jalan sedang utk beban s/d 10 ton & 12m  panjang ran);lurus;2/2 tb (2 lajur/2 arah tanpa batas median);40;jalan kota / kabupaten;jalan raya ds. bungah kec. bungah kab. gresik;bungah;kecelakaan ringan;<17;laki-laki;mini truk;0;tinggi
tabrakan depan - belakang;1;0;0;-7,370018134;112,5957577;timur (90°);gelap / sulit terlihat;cerah;kolektor;i (jalan besar utk beban 10 ton & max 18 m panjang ran);lurus;2/2 tb (2 lajur/2 arah tanpa batas median);50;jalan propinsi;jalan raya ds. krikilan kec. driyorejo kab. gresik;driyorejo;kecelakaan berat;<17;laki-laki;r2 (sepeda motor);2;rendah
tabrakan depan - belakang;2;0;0;-7,375779104;112,5518762;timur (90°);terang / jelas;cerah;tol;i (jalan besar utk beban 10 ton & max 18 m panjang ran);lurus;4/2 b (4 lajur/2 arah dengan batas median);40;jalan nasional;jalan tol surabaya - mojokerto km 726 b desa sumberame kecamatan wringinanom kabupaten gresik;wringinanom;kecelakaan berat;26-45;laki-laki;trailer 20 feet;2;rendah
tabrakan depan - belakang;0;2;0;-6,96709302;112,5580672;selatan (180°);terang / jelas;cerah;lokal / lingkungan;ii (jalan sedang utk beban s/d 10 ton & 12m  panjang ran);lurus;2/2 tb (2 lajur/2 arah tanpa batas median);50;jalan kota / kabupaten;jalan raya ds. tanjangawan kec. ujungpangkah kab. gresik;ujungpangkah;kecelakaan ringan;nan;laki-laki;sepeda angin;0;tinggi
tabrakan depan - belakang;1;0;0;-7,340730689;112,629939;selatan (180°);terang / jelas;cerah;lokal / lingkungan;ii (jalan sedang utk beban s/d 10 ton & 12m  panjang ran);lurus;2/2 tb (2 lajur/2 arah tanpa batas median);40;jalan kota / kabupaten;jalan raya ds. petiken kec. driyorejo kab. gresik;driyorejo;kecelakaan berat;17-25;laki-laki;r2 (sepeda motor);2;rendah
tabrakan depan - belakang;0;1;0;-7,09571734;112,5900132;selatan (180°);terang / jelas;cerah;arteri;i (jalan besar utk beban 10 ton & max 18 m panjang ran);lurus;2/2 tb (2 lajur/2 arah tanpa batas median);50;jalan nasional;jalan raya ds. banyuwangi kec. manyar kab. gresik;manyar;kecelakaan ringan;nan;laki-laki;truck;0;tinggi
tabrakan depan - belakang;0;2;0;-7,246220259;112,4488262;utara (0°);terang / jelas;cerah;lokal / lingkungan;ii (jalan sedang utk beban s/d 10 ton & 12m  panjang ran);lurus;2/2 tb (2 lajur/2 arah tanpa batas median);50;jalan kota / kabupaten;jalan raya desa klotok kecamatan balongpanggang kabupaten  gresik;balongpanggang;kecelakaan ringan;46-65;laki-laki;sepeda angin;1;sedang
tabrakan depan - belakang;0;1;0;-7,188276559;112,5773317;barat (270°);terang / jelas;cerah;lokal / lingkungan;ii (jalan sedang utk beban s/d 10 ton & 12m  panjang ran);lurus;2/2 tb (2 lajur/2 arah tanpa batas median);50;jalan kota / kabupaten;jalan umum ds. banjarsari kec. cerme kab. gresik;cerme;kecelakaan ringan;<17;laki-laki;r2 (sepeda motor);0;tinggi
tabrakan depan - belakang;0;1;0;-6,977387539;112,5387006;timur (90°);terang / jelas;cerah;arteri;i (jalan besar utk beban 10 ton & max 18 m panjang ran);lurus;2/2 tb (2 lajur/2 arah tanpa batas median);40;jalan nasional;jalan raya ds. golokan kec. sidayu kab. gresik;sidayu;kecelakaan ringan;<17;laki-laki;pick up;1;sedang
tabrakan depan - belakang;0;1;0;-7,154792617;112,6247177;timur (90°);terang / jelas;cerah;lokal / lingkungan;ii (jalan sedang utk beban s/d 10 ton & 12m  panjang ran);lurus;2/2 tb (2 lajur/2 arah tanpa batas median);50;jalan kota / kabupaten;jalan raya siti fatimah binti maium ds. randuagung kec. kebomas kab. gresik;kebomas;kecelakaan ringan;46-65;perempuan;r2 (sepeda motor);0;tinggi
tabrakan depan - belakang;0;4;0;-7,360991581;112,6409565;timur (90°);gelap / sulit terlihat;cerah;kolektor;i (jalan besar utk beban 10 ton & max 18 m panjang ran);lurus;2/2 tb (2 lajur/2 arah tanpa batas median);50;jalan propinsi;jalan raya desa cangkir kecamatan driyorejo kabupaten gresik;driyorejo;kecelakaan ringan;17-25;laki-laki;r2 (sepeda motor);0;tinggi
tabrakan depan - belakang;0;3;0;-7,268125717;112,4457832;utara (0°);terang / jelas;cerah;lokal / lingkungan;ii (jalan sedang utk beban s/d 10 ton & 12m  panjang ran);lurus;2/2 tb (2 lajur/2 arah tanpa batas median);40;jalan kota / kabupaten;jalan raya ds. kedungpring kec. balongpanggang kab. gresik;balongpanggang;kecelakaan ringan;<17;laki-laki;r2 (sepeda motor);1;sedang
tabrakan depan - belakang;0;1;0;-7,170613963;112,5698367;barat (270°);terang / jelas;cerah;arteri;i (jalan besar utk beban 10 ton & max 18 m panjang ran);lurus;2/2 tb (2 lajur/2 arah tanpa batas median);50;jalan nasional;jalan raya ds. ambeng  ambeng kec. duduksampeyan kab. gresik;duduk sampeyan;kecelakaan ringan;nan;laki-laki;r2 (sepeda motor);0;tinggi
tabrakan depan - belakang;0;1;0;-6,95717436;112,5057126;barat (270°);terang / jelas;cerah;arteri;i (jalan besar utk beban 10 ton & max 18 m panjang ran);lurus;2/2 tb (2 lajur/2 arah tanpa batas median);50;jalan nasional;jalan raya ds. doudo kec. panceng kab. gresik;panceng;kecelakaan ringan;17-25;laki-laki;r2 (sepeda motor);1;sedang
tabrakan depan - belakang;0;1;0;-7,292039036;112,5734866;barat (270°);terang / jelas;cerah;lokal / lingkungan;ii (jalan sedang utk beban s/d 10 ton & 12m  panjang ran);lurus;2/2 tb (2 lajur/2 arah tanpa batas median);40;jalan kota / kabupaten;jalan raya ds. sidojangkung kec. menganti kab. gresik;menganti;kecelakaan ringan;17-25;laki-laki;r2 (sepeda motor);0;tinggi
tabrakan depan - belakang;0;1;0;-7,228151888;112,5672019;barat (270°);terang / jelas;cerah;lokal / lingkungan;ii (jalan sedang utk beban s/d 10 ton & 12m  panjang ran);lurus;2/2 tb (2 lajur/2 arah tanpa batas median);40;jalan kota / kabupaten;jalan raya ds. cerme lor kec. cerme kab. gresik;cerme;kecelakaan ringan;46-65;perempuan;r2 (sepeda motor);0;tinggi
tabrakan depan - belakang;0;2;0;-7,269674193;112,4308955;barat (270°);terang / jelas;cerah;lokal / lingkungan;ii (jalan sedang utk beban s/d 10 ton & 12m  panjang ran);lurus;2/2 tb (2 lajur/2 arah tanpa batas median);40;jalan kota / kabupaten;jalan raya desa kedunganyar kecamatan balongpanggang kabupaten gresik;balongpanggang;kecelakaan ringan;nan;laki-laki;sepeda listrik;1;sedang
tabrakan depan - belakang;0;2;0;-7,225364261;112,5684495;utara (0°);terang / jelas;cerah;kolektor;i (jalan besar utk beban 10 ton & max 18 m panjang ran);lurus;2/2 tb (2 lajur/2 arah tanpa batas median);40;jalan propinsi;jalan raya ds. cerme lor kec. cerme kab. gresik;cerme;kecelakaan ringan;46-65;laki-laki;pick up;0;tinggi
tabrakan depan - belakang;0;1;0;-7,306163862;112,4375667;barat (270°);terang / jelas;cerah;lokal / lingkungan;iii (jalan kecil utk max beban 8 ton & 9 m panjang ran);lurus;2/2 tb (2 lajur/2 arah tanpa batas median);40;jalan desa;jalan umum desa dapet kecamatan balongpanggang  kabupaten gresik;balongpanggang;kecelakaan ringan;<17;perempuan;r2 (sepeda motor);1;sedang
tabrakan depan - belakang;0;1;0;-7,391238835;112,5536727;timur (90°);terang / jelas;cerah;kolektor;i (jalan besar utk beban 10 ton & max 18 m panjang ran);lurus;2/2 tb (2 lajur/2 arah tanpa batas median);40;jalan propinsi;jalan raya ds. sumengko kec. wringinanom kab. gresik;wringinanom;kecelakaan ringan;46-65;perempuan;r2 (sepeda motor);0;tinggi
tabrakan depan - belakang;0;1;0;-6,93117433;112,5177618;utara (0°);terang / jelas;cerah;lokal / lingkungan;ii (jalan sedang utk beban s/d 10 ton & 12m  panjang ran);lurus;2/2 tb (2 lajur/2 arah tanpa batas median);50;jalan kota / kabupaten;jalan raya ds. gosari kec. ujungpangkah kab. gresik;ujungpangkah;kecelakaan ringan;46-65;perempuan;r2 (sepeda motor);1;sedang
tabrakan depan - belakang;0;1;0;-6,978664465;112,5410515;barat (270°);terang / jelas;cerah;arteri;i (jalan besar utk beban 10 ton & max 18 m panjang ran);lurus;2/2 tb (2 lajur/2 arah tanpa batas median);40;jalan nasional;jalan raya ds. golokan kec. sidayu kab. gresik;sidayu;kecelakaan ringan;26-45;laki-laki;pick up;1;sedang
tabrakan depan - belakang;0;2;0;-7,169455003;112,6493543;timur (90°);terang / jelas;cerah;lokal / lingkungan;ii (jalan sedang utk beban s/d 10 ton & 12m  panjang ran);lurus;4/2 b (4 lajur/2 arah dengan batas median);50;jalan kota / kabupaten;jalan raya kartini ds. sidomoro kec. kebomas kab. gresik;kebomas;kecelakaan ringan;17-25;laki-laki;r2 (sepeda motor);0;tinggi
tabrakan depan - depan;0;2;0;-7,364235912;112,6340108;barat (270°);terang / jelas;cerah;kolektor;i (jalan besar utk beban 10 ton & max 18 m panjang ran);lurus;2/2 tb (2 lajur/2 arah tanpa batas median);50;jalan propinsi;jalan raya ds. cangkir kec. driyorejo kab. gresik;driyorejo;kecelakaan ringan;17-25;perempuan;r2 (sepeda motor);0;tinggi
tabrakan depan - depan;0;1;0;-7,290677394;112,5636461;utara (0°);terang / jelas;cerah;kolektor;i (jalan besar utk beban 10 ton & max 18 m panjang ran);lurus;2/2 tb (2 lajur/2 arah tanpa batas median);50;jalan propinsi;jalan raya desa bringkang kecamatan menganti kabupaten gresik;menganti;kecelakaan ringan;26-45;laki-laki;r2 (sepeda motor);0;tinggi
tabrakan depan - depan;0;1;0;-7,405300541;112,5088418;barat (270°);terang / jelas;cerah;kolektor;i (jalan besar utk beban 10 ton & max 18 m panjang ran);lurus;2/2 tb (2 lajur/2 arah tanpa batas median);40;jalan propinsi;jalan raya ds. kedunganyar kec. wringinanom kab. gresik;wringinanom;kecelakaan ringan;17-25;laki-laki;pick up;1;sedang
tabrakan depan - depan;0;2;0;-7,152987879;112,5176971;barat (270°);terang / jelas;cerah;arteri;i (jalan besar utk beban 10 ton & max 18 m panjang ran);lurus;4/2 b (4 lajur/2 arah dengan batas median);50;jalan nasional;jalan raya desa duduksampeyan kecamatan duduksampeyan kabupaten gresik;duduk sampeyan;kecelakaan ringan;46-65;laki-laki;r2 (sepeda motor);1;sedang
tabrakan depan - depan;0;1;0;-7,341961464;112,4894048;timur (90°);terang / jelas;cerah;lokal / lingkungan;iii (jalan kecil utk max beban 8 ton & 9 m panjang ran);lurus;2/2 tb (2 lajur/2 arah tanpa batas median);40;jalan desa;jalan umum ds. mondoluku kec. wringinanom kab. gresik;wringinanom;kecelakaan ringan;46-65;laki-laki;r2 (sepeda motor);1;sedang
tabrakan depan - depan;0;2;0;-7,365353548;112,6212715;barat (270°);terang / jelas;cerah;lokal / lingkungan;ii (jalan sedang utk beban s/d 10 ton & 12m  panjang ran);lurus;2/2 tb (2 lajur/2 arah tanpa batas median);40;jalan kota / kabupaten;jalan raya desa driyorejo kecamatan driyorejo kabupaten gresik;driyorejo;kecelakaan ringan;26-45;laki-laki;r2 (sepeda motor);0;tinggi
tabrakan depan - depan;0;1;0;-7,234115396;112,564886;utara (0°);terang / jelas;cerah;kolektor;i (jalan besar utk beban 10 ton & max 18 m panjang ran);lurus;2/2 tb (2 lajur/2 arah tanpa batas median);40;jalan propinsi;jalan raya desa cerme kidul kecamatan cerme kabupaten gresik;cerme;kecelakaan fatal;46-65;laki-laki;r2 (sepeda motor);0;tinggi
tabrakan depan - depan;0;3;0;-7,168914226;112,5671066;barat (270°);terang / jelas;cerah;arteri;i (jalan besar utk beban 10 ton & max 18 m panjang ran);lurus;4/2 tb (4 lajur/2 arah tanpa batas median);50;jalan nasional;jalan raya desa ambeng-ambeng kecamatan duduksampeyan kabupaten gresik;duduk sampeyan;kecelakaan ringan;26-45;laki-laki;medium truk;0;tinggi
tabrakan depan - depan;0;1;0;-7,333930859;112,4882997;timur (90°);terang / jelas;cerah;lokal / lingkungan;iii (jalan kecil utk max beban 8 ton & 9 m panjang ran);lurus;2/2 tb (2 lajur/2 arah tanpa batas median);50;jalan desa;jalan umum ds. mondoluku kec. wringinanom kab. gresik;wringinanom;kecelakaan ringan;17-25;laki-laki;r2 (sepeda motor);1;sedang
tabrakan depan - depan;0;1;0;-7,406982491;112,4944353;timur (90°);terang / jelas;cerah;kolektor;i (jalan besar utk beban 10 ton & max 18 m panjang ran);lurus;2/2 tb (2 lajur/2 arah tanpa batas median);40;jalan propinsi;jalan raya desa kedunganyar kecamatan wringinanom kabupaten gresik;wringinanom;kecelakaan ringan;17-25;laki-laki;r2 (sepeda motor);1;sedang
tabrakan depan - depan;0;3;0;-7,161165349;112,6380903;timur (90°);terang / jelas;cerah;lokal / lingkungan;ii (jalan sedang utk beban s/d 10 ton & 12m  panjang ran);lurus;2/2 tb (2 lajur/2 arah tanpa batas median);40;jalan kota / kabupaten;jalan raya notoprayitno kelurahan kebomas kecamatan kebomas kabupaten gresik;kebomas;kecelakaan ringan;nan;laki-laki;r2 (sepeda motor);0;tinggi
tabrakan depan - depan;0;1;0;-7,301219565;112,6165934;timur (90°);terang / jelas;cerah;lokal / lingkungan;ii (jalan sedang utk beban s/d 10 ton & 12m  panjang ran);lurus;2/2 tb (2 lajur/2 arah tanpa batas median);40;jalan kota / kabupaten;jalan raya desa laban kecamatan menganti kabupaten gresik;menganti;kecelakaan ringan;17-25;perempuan;r2 (sepeda motor);0;tinggi
tabrakan depan - depan;0;1;0;-7,379422248;112,5821483;timur (90°);terang / jelas;cerah;kolektor;i (jalan besar utk beban 10 ton & max 18 m panjang ran);lurus;2/2 tb (2 lajur/2 arah tanpa batas median);50;jalan propinsi;jalan raya ds. krikilan kec. driyorejo kab. gresik;driyorejo;kecelakaan ringan;26-45;laki-laki;medium truk;0;tinggi
tabrakan depan - depan;0;1;0;-7,263509235;112,4466556;utara (0°);terang / jelas;cerah;lokal / lingkungan;ii (jalan sedang utk beban s/d 10 ton & 12m  panjang ran);lurus;2/2 tb (2 lajur/2 arah tanpa batas median);50;jalan kota / kabupaten;jalan raya ds. sambiroto kec. balongpanggang kab. gresik;balongpanggang;kecelakaan ringan;26-45;laki-laki;r2 (sepeda motor);1;sedang
tabrakan depan - depan;0;2;0;-7,152676153;112,5968925;selatan (180°);terang / jelas;cerah;lokal / lingkungan;ii (jalan sedang utk beban s/d 10 ton & 12m  panjang ran);lurus;2/2 tb (2 lajur/2 arah tanpa batas median);40;jalan kota / kabupaten;jalan perum pondok permata suci desa suci kecamatan manyar kabupaten gresik;manyar;kecelakaan ringan;46-65;laki-laki;r2 (sepeda motor);0;tinggi
tabrakan depan - depan;0;2;0;-7,154528494;112,5207417;utara (0°);terang / jelas;cerah;arteri;i (jalan besar utk beban 10 ton & max 18 m panjang ran);lurus;4/2 b (4 lajur/2 arah dengan batas median);40;jalan nasional;jalan raya ds. duduksampeyan kec. duduksampeyan kab. gresik;duduk sampeyan;kecelakaan ringan;nan;laki-laki;r2 (sepeda motor);1;sedang
tabrakan depan - depan;0;2;0;-7,324604856;112,6291435;utara (0°);terang / jelas;cerah;lokal / lingkungan;ii (jalan sedang utk beban s/d 10 ton & 12m  panjang ran);lurus;2/2 tb (2 lajur/2 arah tanpa batas median);40;jalan kota / kabupaten;jalan raya ds. randegansari kec. driyorejo kab. gresik;driyorejo;kecelakaan ringan;17-25;laki-laki;r2 (sepeda motor);0;tinggi
tabrakan depan - depan;0;1;0;-6,8887016;112,458488;selatan (180°);terang / jelas;cerah;lokal / lingkungan;iii (jalan kecil utk max beban 8 ton & 9 m panjang ran);lurus;2/2 tb (2 lajur/2 arah tanpa batas median);50;jalan desa;jalan umum ds. campurejo kec. panceng kab. gresik;panceng;kecelakaan ringan;nan;laki-laki;r2 (sepeda motor);1;sedang
tabrakan depan - depan;0;2;0;-5,82435602;112,6342272;barat (270°);terang / jelas;cerah;lokal / lingkungan;iii (jalan kecil utk max beban 8 ton & 9 m panjang ran);lurus;2/2 tb (2 lajur/2 arah tanpa batas median);40;jalan desa;jalan umum desa bululajang kecamatan sangkapura kabupaten gresik;sangkapura;kecelakaan ringan;17-25;laki-laki;r2 (sepeda motor);0;tinggi
tabrakan depan - depan;0;1;0;-7,150456037;112,5131913;utara (0°);terang / jelas;cerah;arteri;i (jalan besar utk beban 10 ton & max 18 m panjang ran);lurus;4/2 b (4 lajur/2 arah dengan batas median);40;jalan nasional;jalan raya desa petisbenem kecamatan duduksampeyan kabupaten gresik;duduk sampeyan;kecelakaan ringan;46-65;laki-laki;pick up;1;sedang
tabrakan depan - depan;0;1;0;-7,028884204;112,5175866;timur (90°);terang / jelas;cerah;lokal / lingkungan;ii (jalan sedang utk beban s/d 10 ton & 12m  panjang ran);lurus;2/2 tb (2 lajur/2 arah tanpa batas median);50;jalan kota / kabupaten;jalan raya ds. mojopurogede kec. bungah kab. gresik;bungah;kecelakaan ringan;17-25;laki-laki;r2 (sepeda motor);1;sedang
tabrakan depan - depan;0;3;0;-7,16663622;112,5622128;barat (270°);terang / jelas;cerah;arteri;i (jalan besar utk beban 10 ton & max 18 m panjang ran);lurus;4/2 b (4 lajur/2 arah dengan batas median);60;jalan nasional;jalan raya ds. ambeng-ambeng watangrejo kec. duduksampeyan kab. gresik;duduk sampeyan;kecelakaan ringan;17-25;laki-laki;mini bus;0;tinggi
tabrakan depan - depan;1;0;0;-7,250150301;112,5691732;timur (90°);terang / jelas;cerah;lokal / lingkungan;ii (jalan sedang utk beban s/d 10 ton & 12m  panjang ran);lurus;2/2 tb (2 lajur/2 arah tanpa batas median);50;jalan kota / kabupaten;jalan raya ds. boboh kec. menganti kab. gresik;menganti;kecelakaan berat;46-65;laki-laki;r2 (sepeda motor);2;rendah
tabrakan depan - depan;0;1;0;-7,252169783;112,4996742;utara (0°);terang / jelas;cerah;lokal / lingkungan;ii (jalan sedang utk beban s/d 10 ton & 12m  panjang ran);lurus;2/2 tb (2 lajur/2 arah tanpa batas median);50;jalan kota / kabupaten;jalan raya ds. klampok kec. benjeng kab. gresik;benjeng;kecelakaan ringan;26-45;perempuan;r2 (sepeda motor);1;sedang
tabrakan depan - depan;0;2;0;-7,189843296;112,6358269;timur (90°);terang / jelas;cerah;lokal / lingkungan;ii (jalan sedang utk beban s/d 10 ton & 12m  panjang ran);lurus;2/2 tb (2 lajur/2 arah tanpa batas median);50;jalan kota / kabupaten;jalan raya mayjend sungkono kel. segoromadu kec. kebomas kab. gresik;kebomas;kecelakaan ringan;nan;laki-laki;mobil;0;tinggi
tabrakan depan - depan;0;1;0;-7,29322162;112,5803908;barat (270°);terang / jelas;cerah;lokal / lingkungan;ii (jalan sedang utk beban s/d 10 ton & 12m  panjang ran);lurus;2/2 tb (2 lajur/2 arah tanpa batas median);40;jalan kota / kabupaten;jalan raya desa menganti kecamatan menganti kabupaten gresik;menganti;kecelakaan ringan;46-65;laki-laki;r2 (sepeda motor);0;tinggi
tabrakan depan - depan;0;3;0;-7,165103879;112,5500563;barat (270°);terang / jelas;cerah;arteri;i (jalan besar utk beban 10 ton & max 18 m panjang ran);lurus;4/2 tb (4 lajur/2 arah tanpa batas median);50;jalan nasional;jalan raya ds. tebaloan kec. duduksampeyan kab. gresik;duduk sampeyan;kecelakaan ringan;nan;laki-laki;truck;0;tinggi
tabrakan depan - depan;0;3;0;-7,037714148;112,5335561;timur (90°);terang / jelas;cerah;lokal / lingkungan;ii (jalan sedang utk beban s/d 10 ton & 12m  panjang ran);lurus;2/2 tb (2 lajur/2 arah tanpa batas median);50;jalan kota / kabupaten;jalan raya desa mojopuro wetan kecamatan bungah kabupaten gresik;bungah;kecelakaan ringan;17-25;laki-laki;r2 (sepeda motor);1;sedang
tabrakan depan - depan;0;1;0;-7,227455956;112,5650442;timur (90°);terang / jelas;cerah;lokal / lingkungan;ii (jalan sedang utk beban s/d 10 ton & 12m  panjang ran);lurus;2/2 tb (2 lajur/2 arah tanpa batas median);40;jalan kota / kabupaten;jalan raya ds. cerme lor kec. cerme kab. gresik;cerme;kecelakaan ringan;nan;laki-laki;r2 (sepeda motor);0;tinggi
tabrakan depan - depan;0;1;0;-7,157416322;112,6395835;selatan (180°);terang / jelas;cerah;lokal / lingkungan;ii (jalan sedang utk beban s/d 10 ton & 12m  panjang ran);lurus;2/2 tb (2 lajur/2 arah tanpa batas median);50;jalan kota / kabupaten;jalan raya ds. karangpoh kec. gresik;gresik;kecelakaan ringan;17-25;laki-laki;r2 (sepeda motor);0;tinggi
tabrakan depan - depan;1;0;0;-7,240809333;112,557424;selatan (180°);terang / jelas;cerah;kolektor;i (jalan besar utk beban 10 ton & max 18 m panjang ran);lurus;2/2 tb (2 lajur/2 arah tanpa batas median);40;jalan propinsi;jalan raya ds. iker-iker geger kec. cerme kab. gresik;cerme;kecelakaan berat;46-65;laki-laki;mini truk;2;rendah
tabrakan depan - depan;0;1;0;-7,253423558;112,5461109;timur (90°);terang / jelas;cerah;lokal / lingkungan;ii (jalan sedang utk beban s/d 10 ton & 12m  panjang ran);lurus;2/2 tb (2 lajur/2 arah tanpa batas median);50;jalan kota / kabupaten;jalan raya ds. morowudi kec. cerme kab. gresik;cerme;kecelakaan ringan;26-45;laki-laki;r2 (sepeda motor);0;tinggi
tabrakan depan - depan;0;1;0;-7,388004689;112,5678521;barat (270°);gelap / sulit terlihat;cerah;lokal / lingkungan;ii (jalan sedang utk beban s/d 10 ton & 12m  panjang ran);lurus;2/2 tb (2 lajur/2 arah tanpa batas median);50;jalan kota / kabupaten;jalan raya ds. pasinan kec. wringinanom kab. gresik;wringinanom;kecelakaan ringan;26-45;laki-laki;r2 (sepeda motor);0;tinggi
tabrakan depan - depan;0;2;0;-7,343722571;112,6473982;timur (90°);terang / jelas;cerah;lokal / lingkungan;ii (jalan sedang utk beban s/d 10 ton & 12m  panjang ran);lurus;2/2 tb (2 lajur/2 arah tanpa batas median);40;jalan kota / kabupaten;jalan raya desa mulung kecamatan driyorejo kabupaten gresik;driyorejo;kecelakaan ringan;nan;perempuan;mobil;0;tinggi
tabrakan depan - depan;0;1;0;-7,192781088;112,6261597;timur (90°);terang / jelas;cerah;lokal / lingkungan;ii (jalan sedang utk beban s/d 10 ton & 12m  panjang ran);lurus;1/1 (1 lajur/1 arah);50;jalan kota / kabupaten;jalan raya mayjend sungkono kel. prambangan kec. kebomas kab. gresik;kebomas;kecelakaan ringan;nan;laki-laki;r2 (sepeda motor);0;tinggi
tabrakan depan - depan;0;1;0;-7,264919684;112,5670897;selatan (180°);terang / jelas;cerah;lokal / lingkungan;ii (jalan sedang utk beban s/d 10 ton & 12m  panjang ran);lurus;2/2 tb (2 lajur/2 arah tanpa batas median);50;jalan kota / kabupaten;jalan raya ds. putat lor kec. menganti kab. gresik;menganti;kecelakaan ringan;nan;laki-laki;r2 (sepeda motor);0;tinggi
tabrakan depan - depan;0;3;0;-7,163784392;112,6550427;utara (0°);terang / jelas;cerah;lokal / lingkungan;ii (jalan sedang utk beban s/d 10 ton & 12m  panjang ran);lurus;2/2 tb (2 lajur/2 arah tanpa batas median);40;jalan kota / kabupaten;jalan raya panglima sudirman ds pulopancikan kec. gresik;gresik;kecelakaan ringan;26-45;laki-laki;r2 (sepeda motor);0;tinggi
tabrakan depan - depan;0;2;0;-7,365161595;112,6183926;barat (270°);gelap / sulit terlihat;cerah;lokal / lingkungan;ii (jalan sedang utk beban s/d 10 ton & 12m  panjang ran);lurus;2/2 tb (2 lajur/2 arah tanpa batas median);50;jalan kota / kabupaten;jalan raya ds. driyorejo kec. driyorejo kab. gresik;driyorejo;kecelakaan ringan;26-45;laki-laki;r2 (sepeda motor);0;tinggi
tabrakan depan - depan;1;0;0;-7,371270016;112,5873284;timur (90°);terang / jelas;cerah;kolektor;i (jalan besar utk beban 10 ton & max 18 m panjang ran);tikungan;2/2 tb (2 lajur/2 arah tanpa batas median);60;jalan propinsi;jalan raya ds. krikilan  kec. driyorejo  kab. gresik;driyorejo;kecelakaan berat;nan;laki-laki;truck;2;rendah
tabrakan depan - depan;0;2;0;-7,297550914;112,6137054;utara (0°);terang / jelas;cerah;lokal / lingkungan;iii (jalan kecil utk max beban 8 ton & 9 m panjang ran);lurus;2/2 tb (2 lajur/2 arah tanpa batas median);40;jalan desa;jalan umum desa setro kecamatan menganti kabupaten gresik;menganti;kecelakaan ringan;26-45;perempuan;r2 (sepeda motor);0;tinggi
tabrakan depan - depan;0;2;0;-6,914073946;112,4566323;timur (90°);terang / jelas;cerah;lokal / lingkungan;ii (jalan sedang utk beban s/d 10 ton & 12m  panjang ran);lurus;2/2 tb (2 lajur/2 arah tanpa batas median);40;jalan kota / kabupaten;jalan raya ds. prupuh kec. panceng kab. gresik;panceng;kecelakaan ringan;17-25;laki-laki;r2 (sepeda motor);1;sedang
tabrakan depan - depan;0;1;0;-7,277951791;112,5815294;selatan (180°);terang / jelas;cerah;lokal / lingkungan;ii (jalan sedang utk beban s/d 10 ton & 12m  panjang ran);lurus;2/2 tb (2 lajur/2 arah tanpa batas median);50;jalan kota / kabupaten;jalan raya ds. pelemwatu kec. menganti kab. gresik;menganti;kecelakaan ringan;nan;laki-laki;r2 (sepeda motor);0;tinggi
tabrakan depan - depan;0;4;1;-7,163711614;112,539452;barat (270°);terang / jelas;cerah;arteri;i (jalan besar utk beban 10 ton & max 18 m panjang ran);lurus;4/2 tb (4 lajur/2 arah tanpa batas median);50;jalan nasional;jalan raya desa tebaloan kecamatan duduksampeyan kabupaten gresik;duduk sampeyan;kecelakaan berat;26-45;laki-laki;mobil;1;sedang
tabrakan depan - depan;0;4;1;-7,163711614;112,539452;barat (270°);terang / jelas;cerah;arteri;i (jalan besar utk beban 10 ton & max 18 m panjang ran);lurus;4/2 tb (4 lajur/2 arah tanpa batas median);50;jalan nasional;jalan raya desa tebaloan kecamatan duduksampeyan kabupaten gresik;duduk sampeyan;kecelakaan fatal;26-45;perempuan;r2 (sepeda motor);1;sedang
tabrakan depan - depan;0;1;0;-6,999056929;112,429337;barat (270°);terang / jelas;cerah;lokal / lingkungan;iii (jalan kecil utk max beban 8 ton & 9 m panjang ran);lurus;2/2 tb (2 lajur/2 arah tanpa batas median);40;jalan desa;jalan umum ds. tiremenggal kec. dukun kab. gresik;dukun;kecelakaan ringan;26-45;laki-laki;r2 (sepeda motor);1;sedang
tabrakan depan - depan;0;1;0;-7,26773877;112,585813;utara (0°);terang / jelas;cerah;lokal / lingkungan;ii (jalan sedang utk beban s/d 10 ton & 12m  panjang ran);lurus;2/2 tb (2 lajur/2 arah tanpa batas median);50;jalan kota / kabupaten;jalan raya ds. pelemwatu kec. menganti kab. gresik;menganti;kecelakaan ringan;26-45;laki-laki;r2 (sepeda motor);0;tinggi
tabrakan depan - depan;0;2;0;-7,324165799;112,5413375;timur (90°);terang / jelas;cerah;lokal / lingkungan;ii (jalan sedang utk beban s/d 10 ton & 12m  panjang ran);lurus;2/2 tb (2 lajur/2 arah tanpa batas median);40;jalan kota / kabupaten;jalan raya ds. tanjung kec. kedamean kab. gresik;kedamean;kecelakaan ringan;17-25;laki-laki;r2 (sepeda motor);0;tinggi
tabrakan depan - depan;0;2;0;-7,356073207;112,5510858;timur (90°);terang / jelas;cerah;lokal / lingkungan;ii (jalan sedang utk beban s/d 10 ton & 12m  panjang ran);lurus;2/2 tb (2 lajur/2 arah tanpa batas median);40;jalan kota / kabupaten;jalan raya  ds. banyuurip kec. kedamean kab. gresik;kedamean;kecelakaan ringan;17-25;laki-laki;r2 (sepeda motor);0;tinggi
tabrakan depan - depan;0;1;0;-7,148096342;112,6022219;selatan (180°);terang / jelas;cerah;lokal / lingkungan;ii (jalan sedang utk beban s/d 10 ton & 12m  panjang ran);lurus;2/2 tb (2 lajur/2 arah tanpa batas median);60;jalan kota / kabupaten;jalan raya ds. suci kec. manyar kab. gresik;manyar;kecelakaan ringan;26-45;laki-laki;mini truk;0;tinggi
tabrakan depan - depan;0;3;0;-7,339286546;112,5935622;selatan (180°);terang / jelas;cerah;lokal / lingkungan;ii (jalan sedang utk beban s/d 10 ton & 12m  panjang ran);lurus;2/2 tb (2 lajur/2 arah tanpa batas median);40;jalan kota / kabupaten;jalan raya ds. mojosarirejo kec. driyorejo kab. gresik;driyorejo;kecelakaan ringan;26-45;perempuan;mini bus;0;tinggi
tabrakan depan - depan;0;2;0;-7,267908873;112,4473664;utara (0°);terang / jelas;cerah;lokal / lingkungan;ii (jalan sedang utk beban s/d 10 ton & 12m  panjang ran);lurus;2/2 tb (2 lajur/2 arah tanpa batas median);40;jalan kota / kabupaten;jalan raya ds. kedungpring kec. balongpanggang kab. gresik;balongpanggang;kecelakaan ringan;17-25;laki-laki;r2 (sepeda motor);1;sedang
tabrakan depan - depan;1;1;0;-7,258942682;112,5107477;timur (90°);terang / jelas;cerah;lokal / lingkungan;ii (jalan sedang utk beban s/d 10 ton & 12m  panjang ran);lurus;2/2 tb (2 lajur/2 arah tanpa batas median);40;jalan kota / kabupaten;jalan raya ds. dadapkuning kec. cerme kab. gresik;cerme;kecelakaan berat;nan;laki-laki;r2 (sepeda motor);2;rendah
tabrakan depan - depan;0;1;0;-7,154753718;112,6526863;utara (0°);terang / jelas;cerah;lokal / lingkungan;ii (jalan sedang utk beban s/d 10 ton & 12m  panjang ran);lurus;2/2 tb (2 lajur/2 arah tanpa batas median);40;jalan kota / kabupaten;jalan raya kh. abdul karim kelurahan trate kecamatan gresik;gresik;kecelakaan ringan;26-45;laki-laki;r2 (sepeda motor);0;tinggi
tabrakan depan - depan;0;2;7;-7,170114629;112,5690494;barat (270°);terang / jelas;cerah;arteri;i (jalan besar utk beban 10 ton & max 18 m panjang ran);lurus;4/2 b (4 lajur/2 arah dengan batas median);60;jalan nasional;jalan raya ds. duduksampeyan kec. duduksampeyan kab. gresik;duduk sampeyan;kecelakaan fatal;46-65;laki-laki;mini bus;0;tinggi
tabrakan depan - depan;0;3;0;-7,298570521;112,5903253;utara (0°);terang / jelas;cerah;lokal / lingkungan;ii (jalan sedang utk beban s/d 10 ton & 12m  panjang ran);lurus;2/2 tb (2 lajur/2 arah tanpa batas median);50;jalan kota / kabupaten;jalan raya ds. menganti kec. menganti kab. gresik;menganti;kecelakaan ringan;17-25;laki-laki;r2 (sepeda motor);0;tinggi
tabrakan depan - depan;0;3;0;-5,824314661;112,6342875;timur (90°);terang / jelas;cerah;lokal / lingkungan;iii (jalan kecil utk max beban 8 ton & 9 m panjang ran);lurus;2/2 tb (2 lajur/2 arah tanpa batas median);40;jalan desa;jalan umum ds. bululanjang kec. sangkapura kab. gresik;sangkapura;kecelakaan ringan;<17;laki-laki;r2 (sepeda motor);0;tinggi
tabrakan depan - depan;0;1;0;-7,264858929;112,4807932;barat (270°);terang / jelas;cerah;lokal / lingkungan;ii (jalan sedang utk beban s/d 10 ton & 12m  panjang ran);lurus;2/2 tb (2 lajur/2 arah tanpa batas median);40;jalan kota / kabupaten;jalan raya ds. kedungrukem kec. benjeng kab. gresik;balongpanggang;kecelakaan ringan;26-45;laki-laki;mini bus;1;sedang
tabrakan depan - depan;0;1;0;-7,301353253;112,6173062;timur (90°);terang / jelas;cerah;lokal / lingkungan;ii (jalan sedang utk beban s/d 10 ton & 12m  panjang ran);lurus;2/2 tb (2 lajur/2 arah tanpa batas median);50;jalan kota / kabupaten;jalan raya ds. laban kec. menganti kab. gresik;menganti;kecelakaan ringan;26-45;laki-laki;r3 (bentor / bajaj / bemo);0;tinggi
tabrakan depan - depan;0;2;0;-7,319185975;112,6338121;utara (0°);terang / jelas;cerah;lokal / lingkungan;ii (jalan sedang utk beban s/d 10 ton & 12m  panjang ran);lurus;2/2 tb (2 lajur/2 arah tanpa batas median);50;jalan kota / kabupaten;jalan raya desa randegansari kecamatan driyorejo kabupaten gresik;driyorejo;kecelakaan ringan;26-45;laki-laki;r2 (sepeda motor);0;tinggi
tabrakan depan - depan;0;1;0;-7,319658521;112,6337951;utara (0°);terang / jelas;cerah;lokal / lingkungan;ii (jalan sedang utk beban s/d 10 ton & 12m  panjang ran);lurus;2/2 tb (2 lajur/2 arah tanpa batas median);50;jalan kota / kabupaten;jalan raya ds. randegansari kec. driyorejo kab. gresik;driyorejo;kecelakaan ringan;26-45;laki-laki;mini bus;0;tinggi
tabrakan depan - depan;0;1;0;-7,323690615;112,4981931;selatan (180°);terang / jelas;cerah;lokal / lingkungan;ii (jalan sedang utk beban s/d 10 ton & 12m  panjang ran);lurus;2/2 tb (2 lajur/2 arah tanpa batas median);40;jalan kota / kabupaten;jalan umum ds. sidoraharjo kec. kedamean kab. gresik;kedamean;kecelakaan ringan;17-25;laki-laki;r2 (sepeda motor);1;sedang
tabrakan depan - depan;0;2;1;-7,406214393;112,5017916;barat (270°);gelap / sulit terlihat;cerah;lokal / lingkungan;ii (jalan sedang utk beban s/d 10 ton & 12m  panjang ran);lurus;2/2 tb (2 lajur/2 arah tanpa batas median);50;jalan kota / kabupaten;jalan raya ds. kedunganyar kec. wringinanom kab. gresik;wringinanom;kecelakaan fatal;nan;laki-laki;r2 (sepeda motor);1;sedang
tabrakan depan - depan;1;0;0;-7,190513761;112,623747;barat (270°);terang / jelas;cerah;lokal / lingkungan;ii (jalan sedang utk beban s/d 10 ton & 12m  panjang ran);lurus;2/2 tb (2 lajur/2 arah tanpa batas median);40;jalan kota / kabupaten;jalan mayjend sungkono kel. gulomantung kec. kebomas kab. gresik;kebomas;kecelakaan berat;46-65;laki-laki;r2 (sepeda motor);2;rendah
tabrakan depan - depan;0;2;0;-7,185220082;112,5774257;utara (0°);terang / jelas;cerah;kolektor;i (jalan besar utk beban 10 ton & max 18 m panjang ran);lurus;2/2 tb (2 lajur/2 arah tanpa batas median);40;jalan propinsi;jalan raya ds. banjarsari kec. cerme kab. gresik;cerme;kecelakaan ringan;17-25;laki-laki;r2 (sepeda motor);0;tinggi
tabrakan depan - depan;0;1;0;-7,170933747;112,5116069;utara (0°);terang / jelas;cerah;lokal / lingkungan;ii (jalan sedang utk beban s/d 10 ton & 12m  panjang ran);lurus;2/2 tb (2 lajur/2 arah tanpa batas median);50;jalan kota / kabupaten;jalan raya ds. sumengko kec. duduksampeyan kab. gresik;duduk sampeyan;kecelakaan ringan;17-25;laki-laki;r2 (sepeda motor);1;sedang
tabrakan depan - depan;0;4;0;-7,000496455;112,5086619;utara (0°);terang / jelas;cerah;lokal / lingkungan;ii (jalan sedang utk beban s/d 10 ton & 12m  panjang ran);lurus;2/2 tb (2 lajur/2 arah tanpa batas median);40;jalan kota / kabupaten;jalan raya ds. sembunganyar kec. dukun kab. gresik;dukun;kecelakaan ringan;26-45;laki-laki;r2 (sepeda motor);1;sedang
tabrakan depan - depan;0;3;0;-7,244796715;112,5819824;utara (0°);terang / jelas;cerah;lokal / lingkungan;iii (jalan kecil utk max beban 8 ton & 9 m panjang ran);lurus;2/2 tb (2 lajur/2 arah tanpa batas median);40;jalan desa;jalan umum ds. hendrosari kec. menganti kab. gresik;menganti;kecelakaan ringan;17-25;perempuan;r2 (sepeda motor);0;tinggi
tabrakan depan - depan;0;1;0;-6,896366208;112,4649155;barat (270°);terang / jelas;cerah;lokal / lingkungan;iii (jalan kecil utk max beban 8 ton & 9 m panjang ran);lurus;2/2 tb (2 lajur/2 arah tanpa batas median);40;jalan desa;jalan umum ds. dalegan kec. panceng kab. gresik;panceng;kecelakaan ringan;26-45;laki-laki;r2 (sepeda motor);1;sedang
tabrakan depan - depan;0;2;0;-7,100431506;112,5906012;barat (270°);gelap / sulit terlihat;cerah;arteri;i (jalan besar utk beban 10 ton & max 18 m panjang ran);lurus;2/2 tb (2 lajur/2 arah tanpa batas median);40;jalan nasional;jalan raya ds. manyarejo kec. manyar kab. gresik;manyar;kecelakaan ringan;17-25;laki-laki;r2 (sepeda motor);0;tinggi
tabrakan depan - depan;0;1;0;-7,007072684;112,5131787;selatan (180°);terang / jelas;cerah;lokal / lingkungan;ii (jalan sedang utk beban s/d 10 ton & 12m  panjang ran);lurus;2/2 tb (2 lajur/2 arah tanpa batas median);40;jalan kota / kabupaten;jalan raya ds. sembungan kidul kec. dukun kab. gresik;dukun;kecelakaan ringan;17-25;laki-laki;r2 (sepeda motor);1;sedang
tabrakan depan - depan;0;1;0;-7,400632779;112,4980943;timur (90°);terang / jelas;cerah;lokal / lingkungan;ii (jalan sedang utk beban s/d 10 ton & 12m  panjang ran);lurus;2/2 tb (2 lajur/2 arah tanpa batas median);40;jalan kota / kabupaten;jalan raya desa kedunganyar kecamatan wringinanom kabupaten gresik;wringinanom;kecelakaan ringan;26-45;laki-laki;r2 (sepeda motor);1;sedang
tabrakan depan - depan;0;1;0;-7,125524474;112,5991902;selatan (180°);terang / jelas;cerah;lokal / lingkungan;ii (jalan sedang utk beban s/d 10 ton & 12m  panjang ran);lurus;2/2 tb (2 lajur/2 arah tanpa batas median);50;jalan kota / kabupaten;jalan umum ds. peganden kec. manyar kab. gresik;manyar;kecelakaan ringan;<17;laki-laki;r2 (sepeda motor);0;tinggi
tabrakan depan - depan;0;1;0;-7,240061611;112,5971318;barat (270°);terang / jelas;cerah;lokal / lingkungan;ii (jalan sedang utk beban s/d 10 ton & 12m  panjang ran);lurus;2/2 tb (2 lajur/2 arah tanpa batas median);40;jalan kota / kabupaten;jalan raya ds. kepatihan kec. menganti kab. gresik;menganti;kecelakaan ringan;26-45;perempuan;r2 (sepeda motor);0;tinggi
tabrakan depan - depan;0;1;0;-7,401240506;112,4980443;utara (0°);terang / jelas;cerah;lokal / lingkungan;iii (jalan kecil utk max beban 8 ton & 9 m panjang ran);lurus;2/2 tb (2 lajur/2 arah tanpa batas median);40;jalan desa;jalan umum ds. kedunganyar kec. wringinanom kab. gresik;wringinanom;kecelakaan ringan;46-65;laki-laki;r2 (sepeda motor);1;sedang
tabrakan depan - depan;0;1;0;-7,235621511;112,4504509;utara (0°);terang / jelas;cerah;lokal / lingkungan;ii (jalan sedang utk beban s/d 10 ton & 12m  panjang ran);tikungan;2/2 tb (2 lajur/2 arah tanpa batas median);40;jalan kota / kabupaten;jalan raya ds. pinggir kec. balongpanggang kab. gresik;balongpanggang;kecelakaan ringan;46-65;laki-laki;r2 (sepeda motor);1;sedang
tabrakan depan - depan;0;1;0;-7,220689351;112,5697124;utara (0°);terang / jelas;cerah;arteri;i (jalan besar utk beban 10 ton & max 18 m panjang ran);lurus;2/2 tb (2 lajur/2 arah tanpa batas median);50;jalan nasional;jalan raya ds. cerme lor kec. cerme kab. gresik;cerme;kecelakaan ringan;nan;laki-laki;r2 (sepeda motor);0;tinggi
tabrakan depan - depan;1;0;0;-7,343036117;112,63736;selatan (180°);terang / jelas;cerah;lokal / lingkungan;ii (jalan sedang utk beban s/d 10 ton & 12m  panjang ran);lurus;2/2 tb (2 lajur/2 arah tanpa batas median);50;jalan kota / kabupaten;jalan raya ds. petiken kec. driyorejo kab. gresik;driyorejo;kecelakaan berat;26-45;laki-laki;r2 (sepeda motor);2;rendah
tabrakan depan - depan;0;1;0;-7,181251537;112,6210174;selatan (180°);terang / jelas;cerah;lokal / lingkungan;ii (jalan sedang utk beban s/d 10 ton & 12m  panjang ran);lurus;2/2 tb (2 lajur/2 arah tanpa batas median);40;jalan kota / kabupaten;jalan raya ds. sekarkurung  kec. kebomas kab. gresik;kebomas;kecelakaan ringan;46-65;laki-laki;r2 (sepeda motor);0;tinggi
tabrakan depan - depan;0;3;0;-7,185748097;112,6105109;barat (270°);terang / jelas;cerah;lokal / lingkungan;ii (jalan sedang utk beban s/d 10 ton & 12m  panjang ran);lurus;2/2 tb (2 lajur/2 arah tanpa batas median);40;jalan kota / kabupaten;jalan raya ds. kedanyang kec. kebomas kab. gresik;kebomas;kecelakaan ringan;17-25;laki-laki;r2 (sepeda motor);0;tinggi
tabrakan depan - depan;0;1;0;-5,844374186;112,671712;timur (90°);terang / jelas;cerah;lokal / lingkungan;ii (jalan sedang utk beban s/d 10 ton & 12m  panjang ran);lurus;2/2 tb (2 lajur/2 arah tanpa batas median);40;jalan kota / kabupaten;jalan raya desa sungairujing kecamatan sangkapura kabupaten gresik;sangkapura;kecelakaan ringan;46-65;laki-laki;pick up;0;tinggi
tabrakan depan - depan;0;2;0;-7,370177735;112,5910128;barat (270°);terang / jelas;cerah;kolektor;i (jalan besar utk beban 10 ton & max 18 m panjang ran);lurus;2/2 tb (2 lajur/2 arah tanpa batas median);40;jalan propinsi;jalan raya ds. krikilan kec. driyorejo kab. gresik;driyorejo;kecelakaan ringan;46-65;laki-laki;r2 (sepeda motor);0;tinggi
tabrakan depan - depan;1;1;0;-7,258942682;112,5107477;timur (90°);terang / jelas;cerah;lokal / lingkungan;ii (jalan sedang utk beban s/d 10 ton & 12m  panjang ran);lurus;2/2 tb (2 lajur/2 arah tanpa batas median);40;jalan kota / kabupaten;jalan raya ds. dadapkuning kec. cerme kab. gresik;cerme;kecelakaan ringan;nan;perempuan;r2 (sepeda motor);2;rendah
tabrakan depan - depan;2;1;0;-7,229391656;112,5002716;utara (0°);terang / jelas;cerah;lokal / lingkungan;ii (jalan sedang utk beban s/d 10 ton & 12m  panjang ran);lurus;2/2 tb (2 lajur/2 arah tanpa batas median);40;jalan kota / kabupaten;jalan raya ds. medangan kec. benjeng kab. gresik;benjeng;kecelakaan berat;nan;perempuan;r2 (sepeda motor);2;rendah
tabrakan depan - depan;0;1;0;-6,939125467;112,5546853;utara (0°);terang / jelas;cerah;lokal / lingkungan;iii (jalan kecil utk max beban 8 ton & 9 m panjang ran);lurus;2/2 tb (2 lajur/2 arah tanpa batas median);50;jalan desa;jalan umum ds. karangrejo kec. ujungpangkah kab. gresik;ujungpangkah;kecelakaan ringan;26-45;laki-laki;r2 (sepeda motor);0;tinggi
tabrakan depan - depan;0;1;0;-7,257238692;112,5164358;barat (270°);terang / jelas;cerah;lokal / lingkungan;ii (jalan sedang utk beban s/d 10 ton & 12m  panjang ran);lurus;2/2 tb (2 lajur/2 arah tanpa batas median);40;jalan kota / kabupaten;jalan raya ds. dadapkuning kec. cerme kab. gresik;cerme;kecelakaan ringan;26-45;laki-laki;r2 (sepeda motor);1;sedang
tabrakan depan - depan;1;0;0;-7,377906714;112,5838759;barat (270°);terang / jelas;cerah;kolektor;i (jalan besar utk beban 10 ton & max 18 m panjang ran);lurus;2/2 tb (2 lajur/2 arah tanpa batas median);50;jalan propinsi;jalan raya ds. krikilan kec. driyorejo kab. gresik;driyorejo;kecelakaan berat;26-45;laki-laki;r2 (sepeda motor);2;rendah
tabrakan depan - depan;0;1;0;-7,044715559;112,5527481;barat (270°);terang / jelas;cerah;lokal / lingkungan;ii (jalan sedang utk beban s/d 10 ton & 12m  panjang ran);lurus;2/2 tb (2 lajur/2 arah tanpa batas median);50;jalan kota / kabupaten;jalan raya ds. masangan kec. bungah kab. gresik;bungah;kecelakaan ringan;<17;laki-laki;r3 (bentor / bajaj / bemo);0;tinggi
tabrakan depan - depan;0;2;0;-7,390641701;112,5559624;timur (90°);terang / jelas;cerah;kolektor;i (jalan besar utk beban 10 ton & max 18 m panjang ran);lurus;2/2 tb (2 lajur/2 arah tanpa batas median);40;jalan propinsi;jalan raya ds. sumengko kec. wringinanom kab. gresik;wringinanom;kecelakaan ringan;nan;laki-laki;r2 (sepeda motor);0;tinggi
tabrakan depan - depan;0;1;0;-6,977968495;112,5273146;timur (90°);terang / jelas;cerah;lokal / lingkungan;ii (jalan sedang utk beban s/d 10 ton & 12m  panjang ran);lurus;2/2 tb (2 lajur/2 arah tanpa batas median);40;jalan kota / kabupaten;jalan raya desa sambipondok kecamatan sidayu kabupaten gresik;sidayu;kecelakaan ringan;<17;laki-laki;mini bus;1;sedang
tabrakan depan - depan;0;2;0;-6,950263108;112,4966571;timur (90°);terang / jelas;cerah;arteri;i (jalan besar utk beban 10 ton & max 18 m panjang ran);lurus;2/2 tb (2 lajur/2 arah tanpa batas median);50;jalan nasional;jalan raya ds. wotan kec. panceng kab. gresik;panceng;kecelakaan ringan;nan;laki-laki;r2 (sepeda motor);1;sedang
tabrakan depan - depan;0;1;0;-7,133507707;112,6140518;barat (270°);terang / jelas;cerah;lokal / lingkungan;ii (jalan sedang utk beban s/d 10 ton & 12m  panjang ran);lurus;2/2 tb (2 lajur/2 arah tanpa batas median);50;jalan kota / kabupaten;jalan raya ds. sukomulyo kec. manyar kab. gresik;manyar;kecelakaan ringan;17-25;laki-laki;r2 (sepeda motor);0;tinggi
tabrakan depan - depan;0;5;0;-7,164858785;112,5483071;timur (90°);terang / jelas;cerah;arteri;i (jalan besar utk beban 10 ton & max 18 m panjang ran);lurus;4/2 b (4 lajur/2 arah dengan batas median);40;jalan nasional;jalan raya desa tebaloan kecamatan duduksampeyan kabupaten gresik;duduk sampeyan;kecelakaan ringan;17-25;laki-laki;mini bus;0;tinggi
tabrakan depan - depan;0;3;0;-7,223362601;112,5280669;timur (90°);terang / jelas;cerah;lokal / lingkungan;ii (jalan sedang utk beban s/d 10 ton & 12m  panjang ran);lurus;2/2 tb (2 lajur/2 arah tanpa batas median);40;jalan kota / kabupaten;jalan raya ds. kandangan kec. cerme kab. gresik;cerme;kecelakaan ringan;nan;laki-laki;r2 (sepeda motor);1;sedang
tabrakan depan - depan;0;2;0;-7,287871178;112,5855309;utara (0°);terang / jelas;cerah;lokal / lingkungan;ii (jalan sedang utk beban s/d 10 ton & 12m  panjang ran);lurus;2/2 tb (2 lajur/2 arah tanpa batas median);50;jalan kota / kabupaten;jalan raya ds. hulaan kec. menganti kab. gresik;menganti;kecelakaan ringan;26-45;laki-laki;r2 (sepeda motor);0;tinggi
tabrakan depan - depan;1;0;0;-6,948583237;112,4949671;barat (270°);terang / jelas;cerah;arteri;i (jalan besar utk beban 10 ton & max 18 m panjang ran);lurus;2/2 tb (2 lajur/2 arah tanpa batas median);40;jalan nasional;jalan raya dendeals ds. wotan kec. panceng kab. gresik;panceng;kecelakaan berat;<17;laki-laki;mini truk;2;rendah
tabrakan depan - depan;0;4;0;-7,191809455;112,6452554;barat (270°);terang / jelas;cerah;lokal / lingkungan;ii (jalan sedang utk beban s/d 10 ton & 12m  panjang ran);lurus;2/2 tb (2 lajur/2 arah tanpa batas median);50;jalan kota / kabupaten;jalan raya mayjend sungkono kel. segoro madu kec. kebomas kab. gresik;kebomas;kecelakaan ringan;17-25;perempuan;r2 (sepeda motor);0;tinggi
tabrakan depan - depan;1;0;0;-7,324358776;112,627038;selatan (180°);terang / jelas;cerah;lokal / lingkungan;ii (jalan sedang utk beban s/d 10 ton & 12m  panjang ran);lurus;2/2 tb (2 lajur/2 arah tanpa batas median);40;jalan kota / kabupaten;jalan raya ds. randegansari kec. driyorejo kab. gresik;driyorejo;kecelakaan berat;26-45;laki-laki;r2 (sepeda motor);2;rendah
tabrakan depan - depan;0;3;0;-7,378942888;112,5273455;utara (0°);terang / jelas;cerah;lokal / lingkungan;ii (jalan sedang utk beban s/d 10 ton & 12m  panjang ran);lurus;2/2 tb (2 lajur/2 arah tanpa batas median);50;jalan kota / kabupaten;jalan raya desa sembung kecamatan wringinanom kabupaten gresik;wringinanom;kecelakaan ringan;nan;laki-laki;r2 (sepeda motor);1;sedang
tabrakan depan - depan;0;0;1;-7,090590463;112,5700518;timur (90°);terang / jelas;cerah;lokal / lingkungan;ii (jalan sedang utk beban s/d 10 ton & 12m  panjang ran);lurus;2/2 tb (2 lajur/2 arah tanpa batas median);50;jalan kota / kabupaten;jalan raya ds. betoyoguci kec. manyar kab. gresik;manyar;kecelakaan fatal;<17;laki-laki;mini truk;0;tinggi
tabrakan depan - depan;0;1;0;-7,165051207;112,5497231;timur (90°);terang / jelas;cerah;arteri;i (jalan besar utk beban 10 ton & max 18 m panjang ran);lurus;2/2 tb (2 lajur/2 arah tanpa batas median);50;jalan nasional;jalan raya ds. tebaloan kec. duduksampeyan kab. gresik;duduk sampeyan;kecelakaan ringan;26-45;laki-laki;mini bus;0;tinggi
tabrakan depan - depan;0;1;0;-7,073637534;112,5740661;selatan (180°);terang / jelas;cerah;arteri;i (jalan besar utk beban 10 ton & max 18 m panjang ran);lurus;2/2 tb (2 lajur/2 arah tanpa batas median);50;jalan nasional;jalan raya ds. sembayat kec. manyar kab. gresik;manyar;kecelakaan ringan;46-65;laki-laki;r2 (sepeda motor);0;tinggi
tabrakan depan - depan;1;0;0;-6,925944339;112,4664859;timur (90°);terang / jelas;cerah;arteri;i (jalan besar utk beban 10 ton & max 18 m panjang ran);lurus;2/2 tb (2 lajur/2 arah tanpa batas median);40;jalan nasional;jalan raya desa surowiti kecamatan panceng kabupaten gresik;panceng;kecelakaan berat;26-45;laki-laki;r2 (sepeda motor);2;rendah
tabrakan depan - depan;0;3;0;-7,393752822;112,5416203;timur (90°);terang / jelas;cerah;kolektor;i (jalan besar utk beban 10 ton & max 18 m panjang ran);lurus;2/2 tb (2 lajur/2 arah tanpa batas median);50;jalan propinsi;jalan raya ds. lebaniwaras kec. wringinanom kab. gresik;wringinanom;kecelakaan ringan;17-25;laki-laki;r2 (sepeda motor);0;tinggi
tabrakan depan - depan;0;1;0;-6,89839759;112,4639921;timur (90°);terang / jelas;cerah;lokal / lingkungan;iii (jalan kecil utk max beban 8 ton & 9 m panjang ran);lurus;2/2 tb (2 lajur/2 arah tanpa batas median);50;jalan desa;jalan umum ds. dalegan kec. panceng kab. gresik;panceng;kecelakaan ringan;17-25;laki-laki;r3 (bentor / bajaj / bemo);1;sedang
tabrakan depan - depan;1;1;0;-7,251239882;112,5646467;barat (270°);terang / jelas;cerah;lokal / lingkungan;ii (jalan sedang utk beban s/d 10 ton & 12m  panjang ran);lurus;2/2 tb (2 lajur/2 arah tanpa batas median);50;jalan kota / kabupaten;jalan raya desa boboh kecamatan menganti kabupaten gresik;menganti;kecelakaan berat;nan;laki-laki;truck;2;rendah
tabrakan depan - depan;0;5;1;-7,391809062;112,5514892;timur (90°);terang / jelas;cerah;lokal / lingkungan;ii (jalan sedang utk beban s/d 10 ton & 12m  panjang ran);lurus;2/2 tb (2 lajur/2 arah tanpa batas median);50;jalan kota / kabupaten;jalan raya ds. sumengko kec. wringinanom kab. gresik;wringinanom;kecelakaan fatal;26-45;laki-laki;r2 (sepeda motor);0;tinggi
tabrakan depan - depan;0;1;0;-7,290803815;112,568771;timur (90°);terang / jelas;cerah;lokal / lingkungan;ii (jalan sedang utk beban s/d 10 ton & 12m  panjang ran);lurus;2/2 tb (2 lajur/2 arah tanpa batas median);40;jalan desa;jalan umum desa sidojangkung kecamatan menganti kabupaten gresik;menganti;kecelakaan ringan;<17;laki-laki;r2 (sepeda motor);0;tinggi
tabrakan depan - depan;1;0;0;-7,232469692;112,4538207;utara (0°);terang / jelas;cerah;lokal / lingkungan;ii (jalan sedang utk beban s/d 10 ton & 12m  panjang ran);lurus;2/2 tb (2 lajur/2 arah tanpa batas median);50;jalan kota / kabupaten;jalan raya desa ngasin kecamatan balongpanggang kabupaten gresik;balongpanggang;kecelakaan berat;17-25;laki-laki;mobil tangki;2;rendah
tabrakan depan - depan;0;4;0;-6,968509716;112,4434477;barat (270°);gelap / sulit terlihat;cerah;lokal / lingkungan;ii (jalan sedang utk beban s/d 10 ton & 12m  panjang ran);lurus;2/2 tb (2 lajur/2 arah tanpa batas median);40;jalan kota / kabupaten;jalan raya desa tebuwung kecamatan dukun kabupaten gresik;dukun;kecelakaan ringan;nan;laki-laki;r2 (sepeda motor);1;sedang
tabrakan depan - depan;0;1;0;-7,089369585;112,5716031;selatan (180°);terang / jelas;cerah;lokal / lingkungan;ii (jalan sedang utk beban s/d 10 ton & 12m  panjang ran);lurus;2/2 tb (2 lajur/2 arah tanpa batas median);40;jalan kota / kabupaten;jalan raya ds. betoyo kec. manyar kab. gresik;manyar;kecelakaan ringan;26-45;laki-laki;r2 (sepeda motor);0;tinggi
tabrakan depan - depan;0;1;0;-7,203965933;112,5739747;selatan (180°);terang / jelas;cerah;kolektor;i (jalan besar utk beban 10 ton & max 18 m panjang ran);lurus;2/2 tb (2 lajur/2 arah tanpa batas median);50;jalan propinsi;jalan raya ds. tambak beras kec. cerme kab. gresik;cerme;kecelakaan ringan;nan;laki-laki;r2 (sepeda motor);0;tinggi
tabrakan depan - depan;1;2;0;-7,390613772;112,5560824;barat (270°);terang / jelas;cerah;kolektor;i (jalan besar utk beban 10 ton & max 18 m panjang ran);lurus;2/2 tb (2 lajur/2 arah tanpa batas median);50;jalan propinsi;jalan raya ds. sumengko kec. wringinanom kab. gresik;wringinanom;kecelakaan ringan;26-45;laki-laki;r2 (sepeda motor);2;rendah
tabrakan depan - depan;0;2;0;-7,325970086;112,5670508;timur (90°);gelap / sulit terlihat;cerah;lokal / lingkungan;ii (jalan sedang utk beban s/d 10 ton & 12m  panjang ran);lurus;2/2 tb (2 lajur/2 arah tanpa batas median);40;jalan kota / kabupaten;jalan raya ds. kedamean kec. kedamean kab. gresik;kedamean;kecelakaan ringan;17-25;laki-laki;r2 (sepeda motor);0;tinggi
tabrakan depan - depan;0;2;0;-7,199209327;112,5751494;utara (0°);gelap / sulit terlihat;cerah;arteri;i (jalan besar utk beban 10 ton & max 18 m panjang ran);lurus;2/2 tb (2 lajur/2 arah tanpa batas median);40;jalan nasional;jalan raya desa tambakberas kecamatan cerme kabupaten gresik;cerme;kecelakaan ringan;46-65;laki-laki;r2 (sepeda motor);0;tinggi
tabrakan depan - depan;0;5;0;-6,902394652;112,4851714;timur (90°);terang / jelas;cerah;lokal / lingkungan;ii (jalan sedang utk beban s/d 10 ton & 12m  panjang ran);lurus;2/2 tb (2 lajur/2 arah tanpa batas median);40;jalan kota / kabupaten;jalan raya ds. campurejo kec. panceng kab. gresik;panceng;kecelakaan ringan;26-45;perempuan;r2 (sepeda motor);1;sedang
tabrakan depan - depan;0;1;0;-7,3942883;112,5148904;selatan (180°);gelap / sulit terlihat;cerah;lokal / lingkungan;iii (jalan kecil utk max beban 8 ton & 9 m panjang ran);lurus;2/2 tb (2 lajur/2 arah tanpa batas median);40;jalan desa;jalan umum ds. sumberrame kec. wringinanom kab. gresik;wringinanom;kecelakaan ringan;26-45;laki-laki;r2 (sepeda motor);1;sedang
tabrakan depan - depan;0;1;0;-7,154886293;112,6499409;selatan (180°);terang / jelas;cerah;lokal / lingkungan;ii (jalan sedang utk beban s/d 10 ton & 12m  panjang ran);lurus;2/2 tb (2 lajur/2 arah tanpa batas median);40;jalan kota / kabupaten;jalan raya usman sadar ds. kemuteran kec. gresik;gresik;kecelakaan ringan;nan;laki-laki;r2 (sepeda motor);0;tinggi
tabrakan depan - depan;0;1;0;-7,143281247;112,6020985;utara (0°);terang / jelas;cerah;lokal / lingkungan;ii (jalan sedang utk beban s/d 10 ton & 12m  panjang ran);lurus;2/2 tb (2 lajur/2 arah tanpa batas median);40;jalan kota / kabupaten;jalan raya ds. suci kec. manyar kab. gresik;manyar;kecelakaan ringan;<17;perempuan;r2 (sepeda motor);0;tinggi
tabrakan depan - depan;0;1;0;-7,332691435;112,5921365;selatan (180°);terang / jelas;cerah;lokal / lingkungan;ii (jalan sedang utk beban s/d 10 ton & 12m  panjang ran);lurus;2/2 tb (2 lajur/2 arah tanpa batas median);40;jalan kota / kabupaten;jalan raya ds. mojosarirejo kec. driyorejo kab. gresik;driyorejo;kecelakaan ringan;nan;laki-laki;r2 (sepeda motor);0;tinggi
tabrakan depan - depan;0;1;0;-7,092164596;112,5863046;selatan (180°);terang / jelas;cerah;arteri;i (jalan besar utk beban 10 ton & max 18 m panjang ran);lurus;2/2 tb (2 lajur/2 arah tanpa batas median);40;jalan nasional;jalan raya ds. manyarejo kec. manyar kab. gresik;manyar;kecelakaan ringan;46-65;laki-laki;r2 (sepeda motor);0;tinggi
tabrakan depan - depan;0;2;0;-7,226600972;112,5614801;barat (270°);terang / jelas;cerah;lokal / lingkungan;ii (jalan sedang utk beban s/d 10 ton & 12m  panjang ran);lurus;2/2 tb (2 lajur/2 arah tanpa batas median);40;jalan kota / kabupaten;jalan raya ds. cerme lor kec. cerme kab. gresik;cerme;kecelakaan ringan;17-25;laki-laki;r2 (sepeda motor);0;tinggi
tabrakan depan - depan;0;2;0;-6,900227709;112,4631109;selatan (180°);terang / jelas;cerah;lokal / lingkungan;ii (jalan sedang utk beban s/d 10 ton & 12m  panjang ran);lurus;2/2 tb (2 lajur/2 arah tanpa batas median);40;jalan kota / kabupaten;jalan raya ds. dalegan kec. panceng kab. gresik;panceng;kecelakaan ringan;17-25;laki-laki;r2 (sepeda motor);1;sedang
tabrakan depan - depan;1;1;0;-7,038557691;112,5344364;barat (270°);terang / jelas;cerah;arteri;i (jalan besar utk beban 10 ton & max 18 m panjang ran);lurus;2/2 tb (2 lajur/2 arah tanpa batas median);40;jalan nasional;jalan raya ds. melirang kec. bungah kab. gresik;bungah;kecelakaan berat;26-45;laki-laki;mini bus;2;rendah
tabrakan depan - depan;0;2;0;-7,257723435;112,5676641;selatan (180°);terang / jelas;cerah;lokal / lingkungan;ii (jalan sedang utk beban s/d 10 ton & 12m  panjang ran);lurus;2/2 tb (2 lajur/2 arah tanpa batas median);40;jalan kota / kabupaten;jalan raya ds. putat lor kec. menganti kab. gresik;menganti;kecelakaan ringan;46-65;laki-laki;r2 (sepeda motor);0;tinggi
tabrakan depan - depan;2;1;0;-7,166899042;112,5636374;barat (270°);terang / jelas;cerah;arteri;i (jalan besar utk beban 10 ton & max 18 m panjang ran);lurus;4/2 tb (4 lajur/2 arah tanpa batas median);50;jalan nasional;jalan raya desa ambeng-ambeng watangrejo kecamatan duduksampeyan kabupaten gresik;duduk sampeyan;kecelakaan berat;26-45;laki-laki;medium bus;2;rendah
tabrakan depan - depan;0;1;0;-7,379467668;112,5297142;timur (90°);terang / jelas;cerah;lokal / lingkungan;ii (jalan sedang utk beban s/d 10 ton & 12m  panjang ran);lurus;2/2 tb (2 lajur/2 arah tanpa batas median);50;jalan kota / kabupaten;jalan raya desa sembung kecamatan wringinanom kabupaten gresik;wringinanom;kecelakaan ringan;<17;laki-laki;r2 (sepeda motor);1;sedang
tabrakan depan - depan;0;1;0;-7,182712849;112,6205084;utara (0°);terang / jelas;cerah;lokal / lingkungan;ii (jalan sedang utk beban s/d 10 ton & 12m  panjang ran);lurus;2/2 tb (2 lajur/2 arah tanpa batas median);60;jalan kota / kabupaten;jalan raya ds. sekarkurung kec kebomas kab. gresik;kebomas;kecelakaan ringan;26-45;laki-laki;mini truk;0;tinggi
tabrakan depan - depan;1;2;0;-7,165032024;112,549486;timur (90°);terang / jelas;cerah;arteri;i (jalan besar utk beban 10 ton & max 18 m panjang ran);lurus;2/2 tb (2 lajur/2 arah tanpa batas median);40;jalan nasional;jalan raya ds. tebaloan kec. duduksampeyan kab. gresik;duduk sampeyan;kecelakaan berat;46-65;laki-laki;trailer 20 feet;2;rendah
tabrakan depan - depan;0;2;0;-7,254621291;112,5325648;timur (90°);terang / jelas;cerah;lokal / lingkungan;ii (jalan sedang utk beban s/d 10 ton & 12m  panjang ran);lurus;2/2 tb (2 lajur/2 arah tanpa batas median);40;jalan kota / kabupaten;jalan raya ds. ngembuung kec. cerme kab. gresik;cerme;kecelakaan ringan;26-45;laki-laki;r2 (sepeda motor);1;sedang
tabrakan depan - depan;0;2;0;-7,289236292;112,5634805;barat (270°);terang / jelas;cerah;kolektor;i (jalan besar utk beban 10 ton & max 18 m panjang ran);lurus;2/2 tb (2 lajur/2 arah tanpa batas median);40;jalan propinsi;jalan raya ds. bringkang kec. menganti kab. gresik;menganti;kecelakaan ringan;nan;laki-laki;r2 (sepeda motor);0;tinggi
tabrakan depan - depan;0;3;0;-7,015169992;112,5676339;utara (0°);terang / jelas;cerah;arteri;i (jalan besar utk beban 10 ton & max 18 m panjang ran);lurus;2/2 tb (2 lajur/2 arah tanpa batas median);40;jalan nasional;jalan raya ds. kemangi kec. bungah kab. gresik;bungah;kecelakaan ringan;46-65;laki-laki;r2 (sepeda motor);0;tinggi
tabrakan depan - depan;0;1;0;-7,089574973;112,5778635;timur (90°);terang / jelas;cerah;arteri;i (jalan besar utk beban 10 ton & max 18 m panjang ran);lurus;2/2 tb (2 lajur/2 arah tanpa batas median);50;jalan nasional;jalan raya desa banyuwangi kecamatan manyar kabupaten gresik;manyar;kecelakaan ringan;26-45;laki-laki;medium truk;0;tinggi
tabrakan depan - depan;0;2;0;-6,943990752;112,4884517;timur (90°);terang / jelas;cerah;arteri;i (jalan besar utk beban 10 ton & max 18 m panjang ran);lurus;2/2 tb (2 lajur/2 arah tanpa batas median);50;jalan nasional;jalan raya ds. wotan kec. panceng kab. gresik;panceng;kecelakaan ringan;26-45;laki-laki;r3 (bentor / bajaj / bemo);1;sedang
tabrakan saat menyalip;0;1;0;-7,406105419;112,5021616;barat (270°);terang / jelas;cerah;kolektor;i (jalan besar utk beban 10 ton & max 18 m panjang ran);lurus;2/2 tb (2 lajur/2 arah tanpa batas median);50;jalan propinsi;jalan raya ds. kedunganyar kec. wringinanom kab. gresik;wringinanom;kecelakaan ringan;26-45;laki-laki;r2 (sepeda motor);1;sedang
tabrakan saat menyalip;0;1;0;-7,383256856;112,5775804;utara (0°);terang / jelas;cerah;lokal / lingkungan;ii (jalan sedang utk beban s/d 10 ton & 12m  panjang ran);lurus;2/2 tb (2 lajur/2 arah tanpa batas median);40;jalan kota / kabupaten;jalan raya legundi ds. krikilan kec. driyorejo kab. gresik;driyorejo;kecelakaan ringan;17-25;laki-laki;mini bus;0;tinggi
tabrakan saat menyalip;0;0;1;-7,184528043;112,5774465;utara (0°);terang / jelas;cerah;kolektor;i (jalan besar utk beban 10 ton & max 18 m panjang ran);tikungan;2/2 tb (2 lajur/2 arah tanpa batas median);50;jalan propinsi;jalan raya ds. padeg kec. cerme kab. gresik;cerme;kecelakaan fatal;46-65;laki-laki;truk berat / tronton;0;tinggi
tabrakan saat menyalip;0;3;0;-7,36418537;112,6340752;selatan (180°);terang / jelas;cerah;kolektor;i (jalan besar utk beban 10 ton & max 18 m panjang ran);lurus;2/2 tb (2 lajur/2 arah tanpa batas median);50;jalan propinsi;jalan raya ds. cangkir kec. driyorejo kab. gresik;driyorejo;kecelakaan ringan;26-45;perempuan;r2 (sepeda motor);0;tinggi
tabrakan saat menyalip;1;0;0;-7,076038818;112,573339;utara (0°);terang / jelas;cerah;arteri;i (jalan besar utk beban 10 ton & max 18 m panjang ran);lurus;2/2 tb (2 lajur/2 arah tanpa batas median);40;jalan nasional;jalan raya ds. gumeno kec. manyar kab. gresik;manyar;kecelakaan berat;nan;laki-laki;r2 (sepeda motor);2;rendah
tabrakan saat menyalip;0;4;0;-7,087345571;112,5724424;barat (270°);terang / jelas;cerah;arteri;i (jalan besar utk beban 10 ton & max 18 m panjang ran);lurus;2/2 tb (2 lajur/2 arah tanpa batas median);50;jalan nasional;jalan raya ds. betoyokauman kec. manyar kab. gresik;manyar;kecelakaan ringan;17-25;perempuan;r2 (sepeda motor);0;tinggi
tabrakan saat menyalip;0;2;0;-7,197470632;112,5755867;selatan (180°);terang / jelas;cerah;kolektor;i (jalan besar utk beban 10 ton & max 18 m panjang ran);lurus;2/2 tb (2 lajur/2 arah tanpa batas median);40;jalan propinsi;jalan raya ds tambakberas kec cerme kab. gresik;cerme;kecelakaan ringan;26-45;laki-laki;r2 (sepeda motor);0;tinggi
tabrakan saat menyalip;0;3;0;-7,191159573;112,6421865;barat (270°);terang / jelas;cerah;lokal / lingkungan;ii (jalan sedang utk beban s/d 10 ton & 12m  panjang ran);lurus;2/2 tb (2 lajur/2 arah tanpa batas median);40;jalan kota / kabupaten;jalan raya mayjend sungkono kelurahan segoromadu kecamatan kebomas kabupaten gresik;kebomas;kecelakaan ringan;26-45;laki-laki;r2 (sepeda motor);0;tinggi
tabrakan saat menyalip;0;2;0;-7,327365514;112,6335859;selatan (180°);terang / jelas;cerah;lokal / lingkungan;ii (jalan sedang utk beban s/d 10 ton & 12m  panjang ran);lurus;2/2 tb (2 lajur/2 arah tanpa batas median);50;jalan kota / kabupaten;jalan raya  ds. randegansari kec. driyorejo kab. gresik;driyorejo;kecelakaan ringan;46-65;laki-laki;mini bus;0;tinggi
tabrakan saat menyalip;0;2;0;-7,357049045;112,6281466;selatan (180°);terang / jelas;cerah;lokal / lingkungan;ii (jalan sedang utk beban s/d 10 ton & 12m  panjang ran);lurus;2/2 tb (2 lajur/2 arah tanpa batas median);40;jalan kota / kabupaten;jalan raya ds. tenaru kec. driyorejo kab. gresik;driyorejo;kecelakaan ringan;17-25;laki-laki;r2 (sepeda motor);0;tinggi
tabrakan saat menyalip;1;0;0;-7,269626544;112,4315966;barat (270°);gelap / sulit terlihat;cerah;lokal / lingkungan;ii (jalan sedang utk beban s/d 10 ton & 12m  panjang ran);lurus;2/2 tb (2 lajur/2 arah tanpa batas median);40;jalan kota / kabupaten;jalan raya ds. kedungsumber kec. balongpanggang kab. gresik;balongpanggang;kecelakaan berat;26-45;laki-laki;pick up;2;rendah
tabrakan saat menyalip;1;0;0;-7,359385266;112,6278775;utara (0°);terang / jelas;cerah;lokal / lingkungan;ii (jalan sedang utk beban s/d 10 ton & 12m  panjang ran);lurus;2/2 tb (2 lajur/2 arah tanpa batas median);50;jalan kota / kabupaten;jalan raya desa tenaru kecamatan driyorejo kabupaten gresik;driyorejo;kecelakaan berat;<17;laki-laki;r2 (sepeda motor);2;rendah
tabrakan saat menyalip;0;1;0;-7,003327768;112,5641172;utara (0°);terang / jelas;cerah;arteri;i (jalan besar utk beban 10 ton & max 18 m panjang ran);lurus;2/2 tb (2 lajur/2 arah tanpa batas median);50;jalan nasional;jalan raya ds. ngawen kec. sidayu kab. gresik;sidayu;kecelakaan ringan;nan;laki-laki;r2 (sepeda motor);0;tinggi
tabrakan saat menyalip;0;2;0;-7,370166393;112,5948748;barat (270°);terang / jelas;cerah;lokal / lingkungan;ii (jalan sedang utk beban s/d 10 ton & 12m  panjang ran);lurus;2/2 tb (2 lajur/2 arah tanpa batas median);50;jalan kota / kabupaten;jalan raya ds. driyorejo kec. driyorejo kab. gresik;driyorejo;kecelakaan ringan;17-25;laki-laki;r2 (sepeda motor);0;tinggi
tabrakan saat menyalip;0;1;0;-6,957677273;112,5065829;timur (90°);terang / jelas;cerah;arteri;i (jalan besar utk beban 10 ton & max 18 m panjang ran);lurus;2/2 tb (2 lajur/2 arah tanpa batas median);40;jalan nasional;jalan raya ds. sekapuk kec. ujungpangkah kab. gresik;ujungpangkah;kecelakaan ringan;<17;laki-laki;r2 (sepeda motor);1;sedang
tabrakan saat menyalip;0;1;0;-7,15827967;112,6425328;timur (90°);terang / jelas;cerah;lokal / lingkungan;ii (jalan sedang utk beban s/d 10 ton & 12m  panjang ran);lurus;2/2 tb (2 lajur/2 arah tanpa batas median);40;jalan kota / kabupaten;jalan raya jenderal ahmad yani kelurahan ngipik kecamatan gresik;gresik;kecelakaan ringan;<17;laki-laki;pick up;0;tinggi
tabrakan saat menyalip;0;2;0;-6,988709989;112,5588839;timur (90°);terang / jelas;cerah;lokal / lingkungan;ii (jalan sedang utk beban s/d 10 ton & 12m  panjang ran);lurus;2/2 tb (2 lajur/2 arah tanpa batas median);40;jalan kota / kabupaten;jalan raya ds. bunderan kec. sidayu kab. gresik;sidayu;kecelakaan ringan;26-45;laki-laki;r2 (sepeda motor);0;tinggi
tabrakan saat menyalip;0;2;0;-7,164183989;112,5433533;timur (90°);terang / jelas;cerah;arteri;i (jalan besar utk beban 10 ton & max 18 m panjang ran);lurus;4/2 b (4 lajur/2 arah dengan batas median);40;jalan nasional;jalan raya ds. tebaloan kec. duduksampeyan kab. gresik;duduk sampeyan;kecelakaan ringan;26-45;laki-laki;r2 (sepeda motor);1;sedang
tabrakan saat menyalip;0;1;0;-7,321356934;112,5659413;barat (270°);terang / jelas;cerah;kolektor;i (jalan besar utk beban 10 ton & max 18 m panjang ran);lurus;2/2 tb (2 lajur/2 arah tanpa batas median);50;jalan propinsi;jalan raya ds. kedamean kec. kedamean kab. gresik;kedamean;kecelakaan ringan;26-45;laki-laki;r2 (sepeda motor);0;tinggi
tabrakan saat menyalip;1;1;0;-7,269709551;112,5666023;utara (0°);terang / jelas;cerah;kolektor;i (jalan besar utk beban 10 ton & max 18 m panjang ran);lurus;2/2 tb (2 lajur/2 arah tanpa batas median);50;jalan propinsi;jalan raya ds. boteng kec. menganti kab. gresik;menganti;kecelakaan berat;46-65;laki-laki;medium truk;2;rendah
tabrakan saat menyalip;0;1;0;-7,263428025;112,5860036;selatan (180°);terang / jelas;cerah;lokal / lingkungan;ii (jalan sedang utk beban s/d 10 ton & 12m  panjang ran);lurus;2/2 tb (2 lajur/2 arah tanpa batas median);50;jalan kota / kabupaten;jalan raya ds pelem watu kec menganti kab. gresik;menganti;kecelakaan ringan;nan;laki-laki;truck;0;tinggi
tabrakan saat menyalip;0;2;0;-7,367123915;112,6302686;selatan (180°);terang / jelas;cerah;lokal / lingkungan;ii (jalan sedang utk beban s/d 10 ton & 12m  panjang ran);lurus;2/2 tb (2 lajur/2 arah tanpa batas median);40;jalan kota / kabupaten;jalan raya ds. cangkir kec. driyorejo kab. gresik;driyorejo;kecelakaan ringan;46-65;laki-laki;r2 (sepeda motor);0;tinggi
tabrakan saat menyalip;0;1;0;-7,325895023;112,5541091;barat (270°);terang / jelas;cerah;lokal / lingkungan;ii (jalan sedang utk beban s/d 10 ton & 12m  panjang ran);lurus;2/2 tb (2 lajur/2 arah tanpa batas median);50;jalan kota / kabupaten;jalan raya ds. tanjung kec. kedamean kab. gresik;kedamean;kecelakaan ringan;26-45;laki-laki;mini bus;0;tinggi
tabrakan saat menyalip;1;1;0;-7,223368895;112,5250146;barat (270°);terang / jelas;cerah;lokal / lingkungan;ii (jalan sedang utk beban s/d 10 ton & 12m  panjang ran);lurus;2/2 tb (2 lajur/2 arah tanpa batas median);40;jalan kota / kabupaten;jalan raya ds. kandangan kec. cerme kab. gresik;cerme;kecelakaan berat;26-45;laki-laki;r2 (sepeda motor);2;rendah
tabrakan saat menyalip;1;0;0;-6,978941943;112,5414925;barat (270°);terang / jelas;cerah;arteri;i (jalan besar utk beban 10 ton & max 18 m panjang ran);lurus;2/2 tb (2 lajur/2 arah tanpa batas median);50;jalan nasional;jalan raya ds. golokan kec. sidayu kab. gresik;sidayu;kecelakaan berat;26-45;laki-laki;r2 (sepeda motor);2;rendah
tabrakan saat menyalip;0;2;0;-7,23978551;112,5576542;utara (0°);terang / jelas;cerah;lokal / lingkungan;ii (jalan sedang utk beban s/d 10 ton & 12m  panjang ran);lurus;2/2 tb (2 lajur/2 arah tanpa batas median);40;jalan kota / kabupaten;jalan raya ds. iker-iker kec. cerme kab. gresik;cerme;kecelakaan ringan;17-25;laki-laki;r2 (sepeda motor);0;tinggi
tabrakan saat menyalip;1;0;0;-7,343482367;112,6341404;selatan (180°);terang / jelas;cerah;lokal / lingkungan;ii (jalan sedang utk beban s/d 10 ton & 12m  panjang ran);lurus;2/2 tb (2 lajur/2 arah tanpa batas median);50;jalan kota / kabupaten;jalan raya ds petiken kec. driyorejo kab. gresik;driyorejo;kecelakaan berat;26-45;laki-laki;mini bus;2;rendah
tabrakan saat menyalip;0;2;0;-7,143973575;112,6152362;timur (90°);terang / jelas;cerah;lokal / lingkungan;ii (jalan sedang utk beban s/d 10 ton & 12m  panjang ran);lurus;2/2 tb (2 lajur/2 arah tanpa batas median);50;jalan kota / kabupaten;jalan raya gkb ds. yosowilangun kec. manyar kab. gresik;manyar;kecelakaan ringan;nan;perempuan;r2 (sepeda motor);0;tinggi
tabrakan saat menyalip;0;1;0;-6,911306493;112,524967;timur (90°);terang / jelas;cerah;lokal / lingkungan;ii (jalan sedang utk beban s/d 10 ton & 12m  panjang ran);lurus;2/2 tb (2 lajur/2 arah tanpa batas median);40;jalan kota / kabupaten;jalan raya ds. banyuurip kec. ujungpangkah kab. gresik;ujungpangkah;kecelakaan ringan;<17;perempuan;r2 (sepeda motor);1;sedang
tabrakan saat menyalip;2;0;0;-7,371538681;112,5872654;timur (90°);terang / jelas;cerah;lokal / lingkungan;ii (jalan sedang utk beban s/d 10 ton & 12m  panjang ran);lurus;2/2 tb (2 lajur/2 arah tanpa batas median);40;jalan kota / kabupaten;jalan raya larangan ds. krikilan kec. driyorejo kab. gresik;driyorejo;kecelakaan berat;17-25;laki-laki;r2 (sepeda motor);2;rendah
tabrakan saat menyalip;1;2;0;-7,300421612;112,613297;timur (90°);terang / jelas;cerah;lokal / lingkungan;ii (jalan sedang utk beban s/d 10 ton & 12m  panjang ran);lurus;2/2 tb (2 lajur/2 arah tanpa batas median);50;jalan kota / kabupaten;jalan raya ds. setro kec. menganti kab. gresik;menganti;kecelakaan berat;26-45;laki-laki;mini truk;2;rendah
tabrakan saat menyalip;1;0;0;-7,369731474;112,5973833;barat (270°);terang / jelas;cerah;lokal / lingkungan;ii (jalan sedang utk beban s/d 10 ton & 12m  panjang ran);lurus;2/2 tb (2 lajur/2 arah tanpa batas median);50;jalan kota / kabupaten;jalan raya ds. driyorejo kec. driyorejo kab. gresik;driyorejo;kecelakaan berat;26-45;laki-laki;r2 (sepeda motor);2;rendah
tabrakan saat menyalip;1;1;0;-7,191528137;112,6434056;barat (270°);terang / jelas;cerah;lokal / lingkungan;ii (jalan sedang utk beban s/d 10 ton & 12m  panjang ran);lurus;2/2 tb (2 lajur/2 arah tanpa batas median);50;jalan kota / kabupaten;jalan raya mayjend sungkono kel. segoromadu kec. kebomas kab. gresik;kebomas;kecelakaan ringan;26-45;laki-laki;r2 (sepeda motor);2;rendah
tabrakan saat menyalip;0;2;0;-7,22140885;112,5695228;utara (0°);terang / jelas;cerah;arteri;i (jalan besar utk beban 10 ton & max 18 m panjang ran);lurus;2/2 tb (2 lajur/2 arah tanpa batas median);40;jalan nasional;jalan raya ds. cerme lor kec. cerme kab. gresik;cerme;kecelakaan ringan;17-25;laki-laki;medium truk;0;tinggi
tabrakan saat menyalip;0;1;0;-7,406635896;112,4975102;timur (90°);terang / jelas;cerah;lokal / lingkungan;ii (jalan sedang utk beban s/d 10 ton & 12m  panjang ran);lurus;2/2 tb (2 lajur/2 arah tanpa batas median);50;jalan kota / kabupaten;jalan raya ds. kedunganyar kec. wringinanom kab. gresik;wringinanom;kecelakaan ringan;nan;laki-laki;r2 (sepeda motor);1;sedang
tabrakan saat menyalip;0;2;0;-7,389205568;112,5620801;timur (90°);terang / jelas;cerah;kolektor;i (jalan besar utk beban 10 ton & max 18 m panjang ran);lurus;2/2 tb (2 lajur/2 arah tanpa batas median);50;jalan propinsi;jalan raya ds. pasinan lemahputih kec. wringinanom kab. gresik;wringinanom;kecelakaan ringan;26-45;laki-laki;r2 (sepeda motor);0;tinggi
tabrakan saat menyalip;0;4;0;-7,324089428;112,5661603;utara (0°);terang / jelas;cerah;kolektor;i (jalan besar utk beban 10 ton & max 18 m panjang ran);lurus;2/2 tb (2 lajur/2 arah tanpa batas median);50;jalan propinsi;jalan raya desa kedamean kecamatan kedamean kabupaten gresik;kedamean;kecelakaan ringan;17-25;laki-laki;r2 (sepeda motor);0;tinggi
tabrakan saat menyalip;0;2;0;-7,260682617;112,5674328;selatan (180°);terang / jelas;cerah;lokal / lingkungan;ii (jalan sedang utk beban s/d 10 ton & 12m  panjang ran);lurus;2/2 tb (2 lajur/2 arah tanpa batas median);40;jalan kota / kabupaten;jalan raya desa putat lor kecamatan menganti kabupaten gresik;menganti;kecelakaan ringan;46-65;perempuan;r2 (sepeda motor);0;tinggi
tabrakan saat menyalip;0;3;0;-7,289900394;112,5617204;timur (90°);terang / jelas;cerah;lokal / lingkungan;ii (jalan sedang utk beban s/d 10 ton & 12m  panjang ran);lurus;2/2 tb (2 lajur/2 arah tanpa batas median);40;jalan kota / kabupaten;jalan raya ds. bringkang kec. menganti kab. gresik;menganti;kecelakaan ringan;17-25;laki-laki;r2 (sepeda motor);0;tinggi
tabrakan saat menyalip;0;0;1;-7,252306406;112,5578771;timur (90°);terang / jelas;cerah;lokal / lingkungan;ii (jalan sedang utk beban s/d 10 ton & 12m  panjang ran);lurus;2/2 tb (2 lajur/2 arah tanpa batas median);40;jalan kota / kabupaten;jalan raya desa morowudi kecamatan cerme kabupaten gresik;cerme;kecelakaan fatal;17-25;laki-laki;r2 (sepeda motor);0;tinggi
tabrakan saat menyalip;0;1;0;-7,175543583;112,5826328;selatan (180°);terang / jelas;cerah;kolektor;i (jalan besar utk beban 10 ton & max 18 m panjang ran);lurus;2/2 tb (2 lajur/2 arah tanpa batas median);40;jalan propinsi;jalan raya desa banjarsari kecamatan cerme kabupaten gresik;cerme;kecelakaan ringan;<17;laki-laki;mini bus;0;tinggi
tabrakan saat menyalip;0;2;0;-7,179130762;112,5807874;utara (0°);terang / jelas;cerah;kolektor;i (jalan besar utk beban 10 ton & max 18 m panjang ran);lurus;2/2 tb (2 lajur/2 arah tanpa batas median);40;jalan propinsi;jalan raya ds. banjarsari kec. cerme kab. gresik;cerme;kecelakaan ringan;nan;laki-laki;r2 (sepeda motor);0;tinggi
tabrakan saat menyalip;0;1;0;-6,979631488;112,5426894;barat (270°);terang / jelas;cerah;arteri;i (jalan besar utk beban 10 ton & max 18 m panjang ran);lurus;2/2 tb (2 lajur/2 arah tanpa batas median);50;jalan nasional;jalan raya ds. golokan kec. sidayu kab. gresik;sidayu;kecelakaan ringan;<17;laki-laki;mini truk;1;sedang
tabrakan saat menyalip;0;1;0;-7,171154297;112,5115771;utara (0°);terang / jelas;cerah;lokal / lingkungan;ii (jalan sedang utk beban s/d 10 ton & 12m  panjang ran);lurus;2/2 tb (2 lajur/2 arah tanpa batas median);50;jalan kota / kabupaten;jalan raya desa sumengko kecamatan duduksampeyan kabupaten gresik;duduk sampeyan;kecelakaan ringan;<17;laki-laki;r2 (sepeda motor);1;sedang
tabrakan saat menyalip;1;1;0;-6,913342434;112,4583437;barat (270°);terang / jelas;cerah;arteri;i (jalan besar utk beban 10 ton & max 18 m panjang ran);lurus;2/2 tb (2 lajur/2 arah tanpa batas median);40;jalan nasional;jalan raya desa prupuh kecamatan panceng kabupaten gresik;panceng;kecelakaan fatal;46-65;laki-laki;r2 (sepeda motor);2;rendah
tabrakan saat menyalip;0;1;0;-7,235864921;112,564456;utara (0°);terang / jelas;cerah;kolektor;i (jalan besar utk beban 10 ton & max 18 m panjang ran);lurus;2/2 tb (2 lajur/2 arah tanpa batas median);50;jalan propinsi;jalan raya ds. cerme kidul kec. cerme kab. gresik;cerme;kecelakaan ringan;26-45;laki-laki;r2 (sepeda motor);0;tinggi
tabrakan saat menyalip;1;1;0;-6,936429019;112,478007;barat (270°);terang / jelas;cerah;arteri;i (jalan besar utk beban 10 ton & max 18 m panjang ran);lurus;2/2 tb (2 lajur/2 arah tanpa batas median);40;jalan nasional;jalan raya ds. surowiti kec. panceng kab. gresik;panceng;kecelakaan ringan;26-45;laki-laki;r2 (sepeda motor);2;rendah
tabrakan saat menyalip;0;2;0;-7,288454951;112,5856574;selatan (180°);terang / jelas;cerah;lokal / lingkungan;ii (jalan sedang utk beban s/d 10 ton & 12m  panjang ran);lurus;2/2 tb (2 lajur/2 arah tanpa batas median);50;jalan kota / kabupaten;jalan raya ds. sidojangkung kec. menganti kab. gresik;menganti;kecelakaan ringan;46-65;laki-laki;r2 (sepeda motor);0;tinggi
tabrakan saat menyalip;0;1;0;-7,288187117;112,585601;utara (0°);terang / jelas;cerah;lokal / lingkungan;ii (jalan sedang utk beban s/d 10 ton & 12m  panjang ran);lurus;2/2 tb (2 lajur/2 arah tanpa batas median);40;jalan kota / kabupaten;jalan raya desa hulaan kecamatan menganti kabupaten gresik;menganti;kecelakaan ringan;26-45;laki-laki;r2 (sepeda motor);0;tinggi
tabrakan saat menyalip;0;1;0;-7,218295515;112,5703619;barat (270°);terang / jelas;cerah;kolektor;i (jalan besar utk beban 10 ton & max 18 m panjang ran);lurus;2/2 tb (2 lajur/2 arah tanpa batas median);40;jalan propinsi;jalan raya ds. cerme lor kec. cerme kab. gresik;cerme;kecelakaan ringan;46-65;laki-laki;r2 (sepeda motor);0;tinggi
tabrakan saat menyalip;0;2;0;-7,142985856;112,6019692;selatan (180°);terang / jelas;cerah;lokal / lingkungan;ii (jalan sedang utk beban s/d 10 ton & 12m  panjang ran);lurus;2/2 tb (2 lajur/2 arah tanpa batas median);50;jalan kota / kabupaten;jalan raya desa suci kecamatan manyar kabupaten gresik;manyar;kecelakaan ringan;26-45;laki-laki;r2 (sepeda motor);0;tinggi
tabrakan saat menyalip;0;1;0;-7,257321609;112,5677075;utara (0°);terang / jelas;cerah;kolektor;i (jalan besar utk beban 10 ton & max 18 m panjang ran);lurus;2/2 tb (2 lajur/2 arah tanpa batas median);40;jalan propinsi;jalan raya ds. boboh kec. menganti kab. gresik;menganti;kecelakaan ringan;nan;laki-laki;r2 (sepeda motor);0;tinggi
tabrakan saat menyalip;0;2;0;-7,402379816;112,4979424;barat (270°);terang / jelas;cerah;lokal / lingkungan;ii (jalan sedang utk beban s/d 10 ton & 12m  panjang ran);lurus;2/2 tb (2 lajur/2 arah tanpa batas median);40;jalan kota / kabupaten;jalan raya desa kedunganyar kecamatan wringinanom kabupaten gresik;wringinanom;kecelakaan ringan;46-65;perempuan;r2 (sepeda motor);1;sedang
tabrakan saat menyalip;0;2;0;-7,190383173;112,6569903;barat (270°);terang / jelas;cerah;lokal / lingkungan;ii (jalan sedang utk beban s/d 10 ton & 12m  panjang ran);lurus;2/2 tb (2 lajur/2 arah tanpa batas median);40;jalan kota / kabupaten;jalan raya kapten darmo sugondo desa karangkiring kecamatan kebomas kabupaten gresik;kebomas;kecelakaan ringan;26-45;laki-laki;r2 (sepeda motor);0;tinggi
tabrakan saat menyalip;0;1;0;-7,089899453;112,581488;selatan (180°);terang / jelas;cerah;arteri;i (jalan besar utk beban 10 ton & max 18 m panjang ran);lurus;2/2 tb (2 lajur/2 arah tanpa batas median);50;jalan nasional;jalan raya ds. banyuwangi kec. manyar kab. gresik;manyar;kecelakaan ringan;46-65;laki-laki;r2 (sepeda motor);0;tinggi
tabrakan saat menyalip;0;3;0;-7,033211289;112,5699797;selatan (180°);terang / jelas;cerah;arteri;i (jalan besar utk beban 10 ton & max 18 m panjang ran);lurus;2/2 tb (2 lajur/2 arah tanpa batas median);40;jalan nasional;jalan raya desa abar-abir kecamatan bungah kabupaten gresik;bungah;kecelakaan ringan;<17;perempuan;r2 (sepeda motor);0;tinggi
tabrakan saat menyalip;0;1;0;-7,257009338;112,5172846;barat (270°);terang / jelas;cerah;lokal / lingkungan;ii (jalan sedang utk beban s/d 10 ton & 12m  panjang ran);lurus;2/2 tb (2 lajur/2 arah tanpa batas median);40;jalan kota / kabupaten;jalan raya ds. dadapkuning kec. cerme kab. gresik;cerme;kecelakaan ringan;nan;laki-laki;r2 (sepeda motor);1;sedang
tabrakan saat menyalip;0;2;0;-7,133220936;112,6138633;barat (270°);terang / jelas;cerah;lokal / lingkungan;ii (jalan sedang utk beban s/d 10 ton & 12m  panjang ran);lurus;2/2 tb (2 lajur/2 arah tanpa batas median);50;jalan kota / kabupaten;jalan raya desa sukomulyo kecamatan manyar kabupaten gresik;manyar;kecelakaan ringan;17-25;laki-laki;mini bus;0;tinggi
tabrakan saat menyalip;0;1;0;-7,226585244;112,5605889;barat (270°);terang / jelas;cerah;lokal / lingkungan;ii (jalan sedang utk beban s/d 10 ton & 12m  panjang ran);lurus;2/2 tb (2 lajur/2 arah tanpa batas median);50;jalan kota / kabupaten;jalan raya ds. cerme lor kec. cerme kab. gresik;cerme;kecelakaan ringan;nan;laki-laki;r2 (sepeda motor);0;tinggi
tabrakan saat menyalip;0;2;0;-7,23773294;112,6022306;barat (270°);terang / jelas;cerah;lokal / lingkungan;ii (jalan sedang utk beban s/d 10 ton & 12m  panjang ran);lurus;2/2 tb (2 lajur/2 arah tanpa batas median);60;jalan kota / kabupaten;jalan raya ds. kepatihan kec. menganti kab. gresik;menganti;kecelakaan ringan;26-45;laki-laki;r2 (sepeda motor);0;tinggi
tabrakan saat menyalip;0;1;0;-7,161392374;112,649728;timur (90°);terang / jelas;cerah;lokal / lingkungan;ii (jalan sedang utk beban s/d 10 ton & 12m  panjang ran);lurus;2/2 tb (2 lajur/2 arah tanpa batas median);50;jalan kota / kabupaten;jalan raya usman sadar kel. karang turi kec. gresik;gresik;kecelakaan ringan;<17;laki-laki;r2 (sepeda motor);0;tinggi
tabrakan saat menyalip;0;1;0;-6,905657636;112,4607895;barat (270°);terang / jelas;cerah;lokal / lingkungan;ii (jalan sedang utk beban s/d 10 ton & 12m  panjang ran);lurus;2/2 tb (2 lajur/2 arah tanpa batas median);50;jalan kota / kabupaten;jalan raya ds. dalegan kec. panceng kab. gresik;panceng;kecelakaan ringan;<17;laki-laki;r2 (sepeda motor);1;sedang
tabrakan saat menyalip;0;1;0;-7,369571206;112,5982671;timur (90°);terang / jelas;cerah;lokal / lingkungan;ii (jalan sedang utk beban s/d 10 ton & 12m  panjang ran);lurus;2/2 tb (2 lajur/2 arah tanpa batas median);40;jalan kota / kabupaten;jalan raya desa driyorejo kecamatan driyorejo kabupaten gresik;driyorejo;kecelakaan ringan;<17;laki-laki;r2 (sepeda motor);0;tinggi
tabrakan saat menyalip;0;3;0;-7,254688726;112,5867338;selatan (180°);terang / jelas;cerah;lokal / lingkungan;ii (jalan sedang utk beban s/d 10 ton & 12m  panjang ran);lurus;2/2 tb (2 lajur/2 arah tanpa batas median);50;jalan kota / kabupaten;jalan raya ds. gempolkurung kec. menganti kab. gresik;menganti;kecelakaan ringan;nan;laki-laki;truck;0;tinggi
tabrakan saat menyalip;0;1;0;-7,106920732;112,5916235;utara (0°);terang / jelas;cerah;arteri;i (jalan besar utk beban 10 ton & max 18 m panjang ran);lurus;2/2 tb (2 lajur/2 arah tanpa batas median);40;jalan nasional;jalan raya desa manyar sidomukti kecamatan manyar kabupaten gresik;manyar;kecelakaan ringan;26-45;laki-laki;mini bus;0;tinggi
tabrakan saat menyalip;0;2;0;-7,379218696;112,575126;utara (0°);terang / jelas;cerah;kolektor;i (jalan besar utk beban 10 ton & max 18 m panjang ran);lurus;2/2 tb (2 lajur/2 arah tanpa batas median);40;jalan propinsi;jalan raya legundi ds. krikilan kec. driyorejo kab. gresik;driyorejo;kecelakaan ringan;17-25;laki-laki;r2 (sepeda motor);0;tinggi
tabrakan saat menyalip;0;1;0;-7,05257149;112,5737398;utara (0°);terang / jelas;cerah;kolektor;i (jalan besar utk beban 10 ton & max 18 m panjang ran);lurus;2/2 tb (2 lajur/2 arah tanpa batas median);50;jalan propinsi;jalan raya desa bungah kecamatan bungah kabupaten gresik;bungah;kecelakaan ringan;26-45;laki-laki;truk berat / tronton;0;tinggi
tabrakan saat menyalip;0;2;0;-7,194799348;112,5091773;selatan (180°);terang / jelas;cerah;lokal / lingkungan;ii (jalan sedang utk beban s/d 10 ton & 12m  panjang ran);lurus;2/2 tb (2 lajur/2 arah tanpa batas median);50;jalan kota / kabupaten;jalan raya ds. jatirembe kec. benjeng kab. gresik;benjeng;kecelakaan ringan;<17;laki-laki;r2 (sepeda motor);1;sedang
tabrakan saat menyalip;0;1;0;-7,336003768;112,567128;selatan (180°);terang / jelas;cerah;kolektor;i (jalan besar utk beban 10 ton & max 18 m panjang ran);lurus;2/2 tb (2 lajur/2 arah tanpa batas median);50;jalan propinsi;jalan raya ds. kedamean kec. kedamean kab. gresik;kedamean;kecelakaan ringan;46-65;laki-laki;truk berat / tronton;0;tinggi
tabrakan saat menyalip;0;2;0;-7,10749597;112,5918217;selatan (180°);terang / jelas;cerah;arteri;i (jalan besar utk beban 10 ton & max 18 m panjang ran);lurus;2/2 tb (2 lajur/2 arah tanpa batas median);40;jalan nasional;jalan raya ds. manyar sidomukti kec. manyar kab. gresik;manyar;kecelakaan ringan;17-25;laki-laki;pick up;0;tinggi
tabrakan saat menyalip;1;0;0;-6,929889018;112,4701968;timur (90°);terang / jelas;cerah;arteri;i (jalan besar utk beban 10 ton & max 18 m panjang ran);lurus;2/2 tb (2 lajur/2 arah tanpa batas median);40;jalan nasional;jalan raya ds. surowiti kec. panceng kab. gresik;panceng;kecelakaan fatal;46-65;laki-laki;r2 (sepeda motor);2;rendah
tabrakan saat menyalip;0;1;0;-7,226643295;112,5567538;timur (90°);gelap / sulit terlihat;cerah;lokal / lingkungan;ii (jalan sedang utk beban s/d 10 ton & 12m  panjang ran);lurus;2/2 tb (2 lajur/2 arah tanpa batas median);40;jalan kota / kabupaten;jalan raya ds. cerme lor kec. cerme kab. gresik;cerme;kecelakaan ringan;17-25;laki-laki;r2 (sepeda motor);0;tinggi
tabrakan saat menyalip;1;0;0;-7,16851637;112,5664451;barat (270°);terang / jelas;cerah;arteri;i (jalan besar utk beban 10 ton & max 18 m panjang ran);lurus;2/2 tb (2 lajur/2 arah tanpa batas median);40;jalan nasional;jalan raya desa ambeng-ambeng watangrejo kecamatan duduksampeyan kabupaten gresik;duduk sampeyan;kecelakaan berat;26-45;laki-laki;medium bus;2;rendah
tabrakan saat menyalip;0;1;0;-7,076967685;112,5730441;timur (90°);gelap / sulit terlihat;cerah;arteri;i (jalan besar utk beban 10 ton & max 18 m panjang ran);lurus;2/2 tb (2 lajur/2 arah tanpa batas median);50;jalan nasional;jalan raya ds. sembayat kec. manyar kab. gresik;manyar;kecelakaan ringan;17-25;laki-laki;r2 (sepeda motor);0;tinggi
tabrakan saat menyalip;0;1;0;-7,283558191;112,5842854;timur (90°);terang / jelas;cerah;lokal / lingkungan;ii (jalan sedang utk beban s/d 10 ton & 12m  panjang ran);lurus;2/2 tb (2 lajur/2 arah tanpa batas median);40;jalan kota / kabupaten;jalan raya desa hulaan kecamatan menganti kabupaten gresik;menganti;kecelakaan ringan;46-65;laki-laki;mini bus;0;tinggi
tabrakan saat menyalip;1;0;0;-7,242535418;112,5625769;selatan (180°);terang / jelas;cerah;kolektor;i (jalan besar utk beban 10 ton & max 18 m panjang ran);lurus;2/2 tb (2 lajur/2 arah tanpa batas median);50;jalan propinsi;jalan raya ds. iker-iker geger kec. cerme kab. gresik;cerme;kecelakaan berat;17-25;laki-laki;r2 (sepeda motor);2;rendah
tabrakan saat menyalip;0;3;0;-7,250678934;112,5673385;barat (270°);terang / jelas;cerah;kolektor;i (jalan besar utk beban 10 ton & max 18 m panjang ran);lurus;2/2 tb (2 lajur/2 arah tanpa batas median);40;jalan propinsi;jalan raya ds. boboh kec. menganti kab. gresik;menganti;kecelakaan ringan;nan;laki-laki;r2 (sepeda motor);0;tinggi
tabrakan saat menyalip;0;1;0;-7,186015326;112,6108829;barat (270°);terang / jelas;cerah;lokal / lingkungan;ii (jalan sedang utk beban s/d 10 ton & 12m  panjang ran);lurus;2/2 tb (2 lajur/2 arah tanpa batas median);40;jalan kota / kabupaten;jalan raya desa kedanyang kecamatan kebomas kabupaten gresik;kebomas;kecelakaan ringan;17-25;laki-laki;r2 (sepeda motor);0;tinggi
tabrakan saat menyalip;0;2;0;-7,184595605;112,6131212;timur (90°);terang / jelas;cerah;lokal / lingkungan;ii (jalan sedang utk beban s/d 10 ton & 12m  panjang ran);lurus;2/2 tb (2 lajur/2 arah tanpa batas median);40;jalan kota / kabupaten;jalan raya ds. kedanyang kec. kebomas kab. gresik;kebomas;kecelakaan ringan;26-45;laki-laki;r2 (sepeda motor);0;tinggi
tabrakan saat menyalip;0;2;0;-7,238292582;112,6007876;timur (90°);terang / jelas;cerah;lokal / lingkungan;ii (jalan sedang utk beban s/d 10 ton & 12m  panjang ran);lurus;2/2 tb (2 lajur/2 arah tanpa batas median);50;jalan kota / kabupaten;jalan raya ds. kepatihan kec. menganti kab. gresik;menganti;kecelakaan ringan;nan;laki-laki;r2 (sepeda motor);0;tinggi
tabrakan saat menyalip;0;1;0;-6,967960108;112,5176575;barat (270°);terang / jelas;cerah;arteri;i (jalan besar utk beban 10 ton & max 18 m panjang ran);lurus;2/2 tb (2 lajur/2 arah tanpa batas median);50;jalan nasional;jalan raya ds. wadeng kec. sidayu kab. gresik;sidayu;kecelakaan ringan;26-45;laki-laki;r2 (sepeda motor);1;sedang
tabrakan saat menyalip;0;1;0;-7,086632896;112,5720726;utara (0°);terang / jelas;cerah;arteri;i (jalan besar utk beban 10 ton & max 18 m panjang ran);lurus;2/2 tb (2 lajur/2 arah tanpa batas median);40;jalan nasional;jalan raya ds. betoyokauman kec. manyar kab. gresik;manyar;kecelakaan ringan;26-45;laki-laki;r2 (sepeda motor);0;tinggi
tabrakan saat menyalip;0;1;0;-6,995485246;112,5104124;utara (0°);terang / jelas;cerah;lokal / lingkungan;ii (jalan sedang utk beban s/d 10 ton & 12m  panjang ran);lurus;2/2 tb (2 lajur/2 arah tanpa batas median);40;jalan kota / kabupaten;jalan raya ds sembungananyar kec dukun kab. gresik;dukun;kecelakaan ringan;<17;laki-laki;r3 (bentor / bajaj / bemo);1;sedang
tabrakan saat menyalip;0;1;0;-6,979832242;112,5430512;barat (270°);terang / jelas;cerah;arteri;i (jalan besar utk beban 10 ton & max 18 m panjang ran);lurus;2/2 tb (2 lajur/2 arah tanpa batas median);50;jalan nasional;jalan raya ds. golokan kec. sidayu kab. gresik;sidayu;kecelakaan ringan;nan;laki-laki;r2 (sepeda motor);1;sedang
tabrakan saat menyalip;1;1;0;-7,238197058;112,5637789;utara (0°);terang / jelas;cerah;kolektor;i (jalan besar utk beban 10 ton & max 18 m panjang ran);lurus;2/2 tb (2 lajur/2 arah tanpa batas median);40;jalan propinsi;jalan raya ds. cerme kidul kec. cerme kab. gresik;cerme;kecelakaan ringan;17-25;laki-laki;r2 (sepeda motor);2;rendah
tabrakan saat menyalip;0;2;0;-7,149808588;112,512049;barat (270°);terang / jelas;cerah;arteri;i (jalan besar utk beban 10 ton & max 18 m panjang ran);lurus;4/2 b (4 lajur/2 arah dengan batas median);40;jalan nasional;jalan raya ds. setrohadi kec. duduksampeyan kab. gresik;duduk sampeyan;kecelakaan ringan;nan;laki-laki;truck;1;sedang
tabrakan saat menyalip;0;3;0;-7,356811629;112,6281681;utara (0°);terang / jelas;cerah;lokal / lingkungan;ii (jalan sedang utk beban s/d 10 ton & 12m  panjang ran);lurus;2/2 tb (2 lajur/2 arah tanpa batas median);50;jalan kota / kabupaten;jalan raya ds tenaru kec driyorejo kab. gresik;driyorejo;kecelakaan ringan;17-25;laki-laki;r2 (sepeda motor);0;tinggi
tabrakan saat menyalip;0;2;0;-7,224965152;112,5479355;timur (90°);terang / jelas;cerah;lokal / lingkungan;ii (jalan sedang utk beban s/d 10 ton & 12m  panjang ran);lurus;2/2 tb (2 lajur/2 arah tanpa batas median);50;jalan kota / kabupaten;jalan raya ds. ngabetan kec. cerme kab. gresik;cerme;kecelakaan ringan;17-25;perempuan;mini bus;0;tinggi
tabrakan kendaraan belok kanan dengan kendaraan yang datang dari arah berlawanan;0;2;0;-7,395173324;112,5336971;barat (270°);terang / jelas;cerah;lokal / lingkungan;ii (jalan sedang utk beban s/d 10 ton & 12m  panjang ran);lurus;2/2 tb (2 lajur/2 arah tanpa batas median);40;jalan kota / kabupaten;jalan raya desa wringinanom kecamatan wringinanom kabupaten gresik;wringinanom;kecelakaan ringan;26-45;laki-laki;r2 (sepeda motor);1;sedang
tabrakan kendaraan belok kanan dengan kendaraan yang datang dari arah berlawanan;0;1;0;-7,052579808;112,5738022;selatan (180°);terang / jelas;cerah;lokal / lingkungan;ii (jalan sedang utk beban s/d 10 ton & 12m  panjang ran);lurus;2/2 tb (2 lajur/2 arah tanpa batas median);40;jalan kota / kabupaten;jalan raya ds. bungah kec. bungah kab. gresik;bungah;kecelakaan ringan;26-45;laki-laki;r2 (sepeda motor);0;tinggi
tabrakan kendaraan belok kanan dengan kendaraan yang datang dari arah berlawanan;0;1;0;-7,363852194;112,6345298;timur (90°);terang / jelas;cerah;kolektor;i (jalan besar utk beban 10 ton & max 18 m panjang ran);lurus;2/2 tb (2 lajur/2 arah tanpa batas median);50;jalan propinsi;jalan raya ds cangkir kec driyorejo kab. gresik;driyorejo;kecelakaan ringan;<17;laki-laki;r2 (sepeda motor);0;tinggi
tabrakan kendaraan belok kanan dengan kendaraan yang datang dari arah berlawanan;0;1;0;-7,292020025;112,5732664;barat (270°);terang / jelas;cerah;lokal / lingkungan;ii (jalan sedang utk beban s/d 10 ton & 12m  panjang ran);lurus;2/2 tb (2 lajur/2 arah tanpa batas median);50;jalan kota / kabupaten;jalan raya ds. sidojangkung kec. menganti kab. gresik;menganti;kecelakaan ringan;nan;laki-laki;r2 (sepeda motor);0;tinggi
tabrakan kendaraan belok kanan dengan kendaraan yang datang dari arah berlawanan;0;1;0;-7,166722161;112,6072244;timur (90°);terang / jelas;cerah;lokal / lingkungan;ii (jalan sedang utk beban s/d 10 ton & 12m  panjang ran);lurus;2/2 tb (2 lajur/2 arah tanpa batas median);40;jalan kota / kabupaten;jalan raya dr. wahidin sudirohusodo  kelurahan kembangan kecamatan kebomas kabupaten gresik;kebomas;kecelakaan ringan;<17;laki-laki;r2 (sepeda motor);0;tinggi
tabrakan kendaraan belok kanan dengan kendaraan yang datang dari arah berlawanan;0;1;0;-7,070583099;112,5749013;selatan (180°);terang / jelas;cerah;arteri;i (jalan besar utk beban 10 ton & max 18 m panjang ran);lurus;2/2 tb (2 lajur/2 arah tanpa batas median);40;jalan nasional;jalan raya desa sembayat kecamatan manyar kabupaten gresik;manyar;kecelakaan ringan;nan;perempuan;r2 (sepeda motor);0;tinggi
tabrakan kendaraan belok kanan dengan kendaraan yang datang dari arah berlawanan;0;2;0;-7,052467557;112,5728896;timur (90°);terang / jelas;cerah;lokal / lingkungan;ii (jalan sedang utk beban s/d 10 ton & 12m  panjang ran);lurus;2/2 tb (2 lajur/2 arah tanpa batas median);40;jalan kota / kabupaten;jalan raya ds. bungah kec. bungah kab. gresik;bungah;kecelakaan ringan;46-65;laki-laki;r2 (sepeda motor);0;tinggi
tabrakan kendaraan belok kanan dengan kendaraan yang datang dari arah berlawanan;0;1;0;-7,359480849;112,6522901;timur (90°);terang / jelas;cerah;lokal / lingkungan;ii (jalan sedang utk beban s/d 10 ton & 12m  panjang ran);lurus;2/2 tb (2 lajur/2 arah tanpa batas median);40;jalan kota / kabupaten;jalan raya ds. bambe kec. driyorejo kab. gresik;driyorejo;kecelakaan ringan;26-45;laki-laki;mini truk;0;tinggi
tabrakan kendaraan belok kanan dengan kendaraan yang datang dari arah berlawanan;0;1;0;-7,003469327;112,5807126;barat (270°);terang / jelas;cerah;lokal / lingkungan;ii (jalan sedang utk beban s/d 10 ton & 12m  panjang ran);lurus;2/2 tb (2 lajur/2 arah tanpa batas median);50;jalan kota / kabupaten;jalan raya ds.ngawen kec sidayu  kab. gresik;sidayu;kecelakaan ringan;46-65;laki-laki;mini bus;0;tinggi
tabrakan kendaraan belok kanan dengan kendaraan yang datang dari arah berlawanan;0;1;0;-7,359525074;112,6516803;barat (270°);terang / jelas;cerah;lokal / lingkungan;ii (jalan sedang utk beban s/d 10 ton & 12m  panjang ran);lurus;2/2 tb (2 lajur/2 arah tanpa batas median);50;jalan kota / kabupaten;jalan raya ds. bambe kec. driyorejo kab. gresik;driyorejo;kecelakaan ringan;nan;laki-laki;r2 (sepeda motor);0;tinggi
tabrakan kendaraan belok kanan dengan kendaraan yang datang dari arah berlawanan;0;1;0;-7,355646921;112,549167;barat (270°);terang / jelas;cerah;lokal / lingkungan;ii (jalan sedang utk beban s/d 10 ton & 12m  panjang ran);lurus;2/2 tb (2 lajur/2 arah tanpa batas median);50;jalan kota / kabupaten;jalan raya ds. banyuurip kec. kedamean kab. gresik;kedamean;kecelakaan ringan;nan;perempuan;r2 (sepeda motor);0;tinggi
tabrakan kendaraan belok kanan dengan kendaraan yang datang dari arah berlawanan;0;1;0;-7,29699913;112,6026435;barat (270°);terang / jelas;cerah;lokal / lingkungan;ii (jalan sedang utk beban s/d 10 ton & 12m  panjang ran);lurus;2/2 tb (2 lajur/2 arah tanpa batas median);40;jalan kota / kabupaten;jalan raya ds. sidowungu kec. menganti kab. gresik;menganti;kecelakaan ringan;nan;laki-laki;r2 (sepeda motor);0;tinggi
tabrakan kendaraan belok kanan dengan kendaraan yang datang dari arah berlawanan;0;2;0;-7,359930242;112,6466325;timur (90°);terang / jelas;cerah;lokal / lingkungan;ii (jalan sedang utk beban s/d 10 ton & 12m  panjang ran);lurus;2/2 tb (2 lajur/2 arah tanpa batas median);40;jalan kota / kabupaten;jalan raya desa bambe kecamatan driyorejo kabupaten gresik;driyorejo;kecelakaan ringan;nan;laki-laki;r2 (sepeda motor);0;tinggi
tabrakan kendaraan belok kanan dengan kendaraan yang datang dari arah berlawanan;0;1;0;-7,387649836;112,5688811;timur (90°);terang / jelas;cerah;lokal / lingkungan;ii (jalan sedang utk beban s/d 10 ton & 12m  panjang ran);lurus;2/2 tb (2 lajur/2 arah tanpa batas median);50;jalan kota / kabupaten;jalan raya ds. pasinan lemahputih kec. wringinanom kab. gresik;wringinanom;kecelakaan ringan;26-45;laki-laki;r2 (sepeda motor);0;tinggi
tabrakan kendaraan belok kanan dengan kendaraan yang datang dari arah berlawanan;0;2;0;-7,349910179;112,5187973;timur (90°);terang / jelas;cerah;kolektor;i (jalan besar utk beban 10 ton & max 18 m panjang ran);lurus;2/2 tb (2 lajur/2 arah tanpa batas median);50;jalan propinsi;jalan raya ds. sooko kec. wringinanom kab. gresik;wringinanom;kecelakaan ringan;26-45;laki-laki;r2 (sepeda motor);1;sedang
tabrakan kendaraan belok kanan dengan kendaraan yang datang dari arah berlawanan;0;1;0;-7,215453211;112,5710379;utara (0°);terang / jelas;cerah;arteri;i (jalan besar utk beban 10 ton & max 18 m panjang ran);lurus;4/2 b (4 lajur/2 arah dengan batas median);40;jalan nasional;jalan raya ds. cerme lor kec. cerme kab. gresik;cerme;kecelakaan ringan;nan;perempuan;r2 (sepeda motor);0;tinggi
tabrakan kendaraan belok kanan dengan kendaraan yang datang dari arah berlawanan;0;3;0;-7,38784498;112,5680669;barat (270°);terang / jelas;cerah;lokal / lingkungan;ii (jalan sedang utk beban s/d 10 ton & 12m  panjang ran);lurus;2/2 tb (2 lajur/2 arah tanpa batas median);40;jalan kota / kabupaten;jalan raya ds. pasinan lemah putih kec. wringinanom kab. gresik;wringinanom;kecelakaan ringan;46-65;laki-laki;r2 (sepeda motor);0;tinggi
tabrakan kendaraan belok kanan dengan kendaraan yang datang dari arah berlawanan;0;1;0;-7,135898456;112,487779;barat (270°);terang / jelas;cerah;arteri;i (jalan besar utk beban 10 ton & max 18 m panjang ran);lurus;4/2 b (4 lajur/2 arah dengan batas median);50;jalan nasional;jalan raya desa tumapel kecamatan duduksampeyan kabupaten gresik;duduk sampeyan;kecelakaan ringan;nan;laki-laki;r2 (sepeda motor);1;sedang
tabrakan kendaraan belok kanan dengan kendaraan yang datang dari arah berlawanan;0;1;0;-7,169010363;112,5672574;timur (90°);terang / jelas;cerah;arteri;i (jalan besar utk beban 10 ton & max 18 m panjang ran);lurus;4/2 b (4 lajur/2 arah dengan batas median);40;jalan nasional;jalan raya ds. ambeng ambeng atangrejo kec. duduksampeyan kab. gresik;duduk sampeyan;kecelakaan ringan;26-45;laki-laki;mini bus;0;tinggi
tabrakan kendaraan belok kanan dengan kendaraan yang datang dari arah berlawanan;0;1;0;-7,16673604;112,5629822;barat (270°);terang / jelas;cerah;arteri;i (jalan besar utk beban 10 ton & max 18 m panjang ran);lurus;4/2 tb (4 lajur/2 arah tanpa batas median);50;jalan nasional;jalan raya ds. ambeng-ambeng watangrejo kec. duduksampeyan kab. gresik;duduk sampeyan;kecelakaan ringan;17-25;laki-laki;r2 (sepeda motor);0;tinggi
tabrakan kendaraan belok kanan dengan kendaraan yang datang dari arah berlawanan;0;1;0;-7,291666897;112,5713459;barat (270°);terang / jelas;cerah;lokal / lingkungan;ii (jalan sedang utk beban s/d 10 ton & 12m  panjang ran);lurus;2/2 tb (2 lajur/2 arah tanpa batas median);40;jalan kota / kabupaten;jalan raya ds sidojangkung kec menganti kab gresik;menganti;kecelakaan ringan;nan;laki-laki;r2 (sepeda motor);0;tinggi
tabrakan kendaraan belok kanan dengan kendaraan yang datang dari arah berlawanan;0;3;0;-7,226835213;112,562843;timur (90°);terang / jelas;cerah;lokal / lingkungan;ii (jalan sedang utk beban s/d 10 ton & 12m  panjang ran);lurus;2/2 tb (2 lajur/2 arah tanpa batas median);40;jalan kota / kabupaten;jalan raya desa cerme lor kecamatan cerme kabupaten gresik;cerme;kecelakaan ringan;26-45;perempuan;r2 (sepeda motor);0;tinggi
tabrakan kendaraan belok kanan dengan kendaraan yang datang dari arah berlawanan;0;1;0;-7,168177131;112,6372955;selatan (180°);terang / jelas;cerah;lokal / lingkungan;ii (jalan sedang utk beban s/d 10 ton & 12m  panjang ran);lurus;2/2 tb (2 lajur/2 arah tanpa batas median);50;jalan kota / kabupaten;jalan raya sunan giri ds. sidomukti kec. kebomas kab. gresik;kebomas;kecelakaan ringan;26-45;laki-laki;r2 (sepeda motor);0;tinggi
tabrakan kendaraan belok kanan dengan kendaraan yang datang dari arah berlawanan;0;1;0;-7,319810608;112,5658257;selatan (180°);terang / jelas;cerah;kolektor;i (jalan besar utk beban 10 ton & max 18 m panjang ran);lurus;2/2 tb (2 lajur/2 arah tanpa batas median);40;jalan propinsi;jalan raya ds. kedamean kec. kedamean kab. gresik;kedamean;kecelakaan ringan;<17;laki-laki;r2 (sepeda motor);0;tinggi
tabrakan kendaraan belok kanan dengan kendaraan yang datang dari arah berlawanan;1;0;0;-7,254700781;112,5319643;timur (90°);terang / jelas;cerah;lokal / lingkungan;ii (jalan sedang utk beban s/d 10 ton & 12m  panjang ran);lurus;2/2 tb (2 lajur/2 arah tanpa batas median);40;jalan kota / kabupaten;jalan raya ds. ngembung kec. cerme kab. gresik;cerme;kecelakaan berat;26-45;laki-laki;mini bus;2;rendah
tabrakan kendaraan belok kanan dengan kendaraan yang datang dari arah berlawanan;0;2;0;-7,265013438;112,5670856;utara (0°);terang / jelas;cerah;kolektor;i (jalan besar utk beban 10 ton & max 18 m panjang ran);lurus;2/2 tb (2 lajur/2 arah tanpa batas median);50;jalan propinsi;jalan raya ds. boteng kec. menganti kab. gresik;menganti;kecelakaan ringan;26-45;laki-laki;r2 (sepeda motor);0;tinggi
tabrakan kendaraan belok kanan dengan kendaraan yang datang dari arah berlawanan;0;2;0;-7,176413839;112,6239276;selatan (180°);terang / jelas;cerah;lokal / lingkungan;ii (jalan sedang utk beban s/d 10 ton & 12m  panjang ran);lurus;2/2 tb (2 lajur/2 arah tanpa batas median);40;jalan kota / kabupaten;jalan raya ds. sekarkurung kec. kebomas kab. gresik;kebomas;kecelakaan ringan;26-45;laki-laki;r2 (sepeda motor);0;tinggi
tabrakan kendaraan belok kanan dengan kendaraan yang datang dari arah berlawanan;0;2;0;-7,219131398;112,4770737;timur (90°);terang / jelas;cerah;lokal / lingkungan;ii (jalan sedang utk beban s/d 10 ton & 12m  panjang ran);lurus;2/2 tb (2 lajur/2 arah tanpa batas median);50;jalan kota / kabupaten;jalan raya ds. banter kec. benjeng kab. gresik;benjeng;kecelakaan ringan;26-45;laki-laki;r2 (sepeda motor);1;sedang
tabrakan kendaraan belok kanan dengan kendaraan yang datang dari arah berlawanan;1;0;0;-7,30556649;112,4297953;utara (0°);gelap / sulit terlihat;cerah;lokal / lingkungan;ii (jalan sedang utk beban s/d 10 ton & 12m  panjang ran);lurus;2/2 tb (2 lajur/2 arah tanpa batas median);40;jalan kota / kabupaten;jalan raya ds. dapet kec. balongpanggang kab. gresik;balongpanggang;kecelakaan berat;nan;perempuan;r2 (sepeda motor);2;rendah
tabrakan kendaraan belok kanan dengan kendaraan yang datang dari arah berlawanan;0;2;0;-7,369472784;112,5987627;timur (90°);terang / jelas;cerah;lokal / lingkungan;ii (jalan sedang utk beban s/d 10 ton & 12m  panjang ran);lurus;2/2 tb (2 lajur/2 arah tanpa batas median);40;jalan kota / kabupaten;jalan raya ds. driyorejo kec. driyorejo kab. gresik;driyorejo;kecelakaan ringan;nan;perempuan;r2 (sepeda motor);0;tinggi
tabrakan kendaraan belok kanan dengan kendaraan yang datang dari arah berlawanan;0;2;0;-7,355995247;112,5083844;timur (90°);terang / jelas;cerah;lokal / lingkungan;iii (jalan kecil utk max beban 8 ton & 9 m panjang ran);lurus;2/2 tb (2 lajur/2 arah tanpa batas median);40;jalan desa;jalan umum ds. kesamben kulon kec. wringinanom kab. gresik;wringinanom;kecelakaan ringan;46-65;perempuan;r2 (sepeda motor);1;sedang
tabrakan kendaraan belok kanan dengan kendaraan yang datang dari arah berlawanan;0;1;0;-7,167267701;112,6149354;utara (0°);terang / jelas;cerah;lokal / lingkungan;ii (jalan sedang utk beban s/d 10 ton & 12m  panjang ran);lurus;2/2 tb (2 lajur/2 arah tanpa batas median);40;jalan kota / kabupaten;jalan raya ds. kembangan kec. kebomas kab. gresik;kebomas;kecelakaan ringan;26-45;perempuan;r2 (sepeda motor);0;tinggi
tabrakan kendaraan belok kanan dengan kendaraan yang datang dari arah berlawanan;0;2;0;-7,324339714;112,5154689;barat (270°);terang / jelas;cerah;lokal / lingkungan;ii (jalan sedang utk beban s/d 10 ton & 12m  panjang ran);lurus;2/2 tb (2 lajur/2 arah tanpa batas median);40;jalan kota / kabupaten;jalan raya ds. slempit kec. kedamean kab. gresik;kedamean;kecelakaan ringan;46-65;laki-laki;r2 (sepeda motor);1;sedang
tabrakan kendaraan belok kanan dengan kendaraan yang datang dari arah berlawanan;0;3;0;-6,960026074;112,4249337;timur (90°);terang / jelas;cerah;lokal / lingkungan;ii (jalan sedang utk beban s/d 10 ton & 12m  panjang ran);lurus;2/2 tb (2 lajur/2 arah tanpa batas median);40;jalan kota / kabupaten;jalan raya ds. lowayu kec. dukun kab. gresik;dukun;kecelakaan ringan;<17;laki-laki;r2 (sepeda motor);1;sedang
tabrakan kendaraan belok kanan dengan kendaraan yang datang dari arah berlawanan;0;2;0;-7,365434833;112,6226903;timur (90°);terang / jelas;cerah;lokal / lingkungan;ii (jalan sedang utk beban s/d 10 ton & 12m  panjang ran);lurus;2/2 tb (2 lajur/2 arah tanpa batas median);40;jalan kota / kabupaten;jalan raya ds. cangkir kec. driyorejo kab. gresik;driyorejo;kecelakaan ringan;nan;laki-laki;r2 (sepeda motor);0;tinggi
tabrakan kendaraan belok kanan dengan kendaraan yang datang dari arah berlawanan;0;2;0;-6,948625573;112,5070386;utara (0°);terang / jelas;cerah;lokal / lingkungan;ii (jalan sedang utk beban s/d 10 ton & 12m  panjang ran);lurus;2/2 tb (2 lajur/2 arah tanpa batas median);50;jalan kota / kabupaten;jalan raya ds. sekapuk kec. ujungpangkah kab. gresik;ujungpangkah;kecelakaan ringan;nan;laki-laki;r2 (sepeda motor);1;sedang
tabrakan kendaraan belok kanan dengan kendaraan yang datang dari arah berlawanan;0;2;1;-7,147378002;112,6144651;selatan (180°);terang / jelas;cerah;lokal / lingkungan;ii (jalan sedang utk beban s/d 10 ton & 12m  panjang ran);lurus;2/2 tb (2 lajur/2 arah tanpa batas median);40;jalan kota / kabupaten;jalan raya gkb ds. yosowilangun kec. manyar kab. gresik;manyar;kecelakaan fatal;46-65;laki-laki;r2 (sepeda motor);0;tinggi
tabrakan kendaraan belok kanan dengan kendaraan yang datang dari arah berlawanan;0;1;0;-7,29254997;112,5764997;timur (90°);terang / jelas;cerah;lokal / lingkungan;ii (jalan sedang utk beban s/d 10 ton & 12m  panjang ran);lurus;2/2 tb (2 lajur/2 arah tanpa batas median);40;jalan kota / kabupaten;jalan raya ds. menganti kec. menganti kab. gresik;menganti;kecelakaan ringan;26-45;laki-laki;mini bus;0;tinggi
tabrakan kendaraan belok kanan dengan kendaraan yang datang dari arah berlawanan;0;1;0;-6,941296993;112,5097923;utara (0°);terang / jelas;cerah;lokal / lingkungan;ii (jalan sedang utk beban s/d 10 ton & 12m  panjang ran);lurus;2/2 tb (2 lajur/2 arah tanpa batas median);40;jalan kota / kabupaten;jalan raya ds. gosari kec. ujungpangkah kab. gresik;ujungpangkah;kecelakaan ringan;26-45;laki-laki;r2 (sepeda motor);1;sedang
tabrakan kendaraan belok kanan dengan kendaraan yang datang dari arah berlawanan;0;1;0;-7,35672627;112,5542803;timur (90°);terang / jelas;cerah;lokal / lingkungan;ii (jalan sedang utk beban s/d 10 ton & 12m  panjang ran);lurus;2/2 tb (2 lajur/2 arah tanpa batas median);50;jalan kota / kabupaten;jalan raya ds. banyuurip kec. kedamean kab. gresik;kedamean;kecelakaan ringan;26-45;perempuan;r2 (sepeda motor);0;tinggi
tabrakan kendaraan belok kanan dengan kendaraan yang datang dari arah berlawanan;0;1;0;-7,359555665;112,6512937;timur (90°);terang / jelas;cerah;kolektor;i (jalan besar utk beban 10 ton & max 18 m panjang ran);lurus;2/2 tb (2 lajur/2 arah tanpa batas median);40;jalan propinsi;jalan raya ds. bambe kec. driyorejo kab. gresik;driyorejo;kecelakaan ringan;17-25;laki-laki;r2 (sepeda motor);0;tinggi
tabrakan kendaraan belok kanan dengan kendaraan yang datang dari arah berlawanan;0;1;0;-7,267596477;112,4499523;timur (90°);terang / jelas;cerah;lokal / lingkungan;ii (jalan sedang utk beban s/d 10 ton & 12m  panjang ran);lurus;2/2 tb (2 lajur/2 arah tanpa batas median);40;jalan kota / kabupaten;jalan raya ds. balongpanggang kec. balongpanggang kab. gresik;balongpanggang;kecelakaan ringan;26-45;laki-laki;r2 (sepeda motor);1;sedang
tabrakan kendaraan belok kanan dengan kendaraan yang datang dari arah berlawanan;0;1;0;-7,292283728;112,5748174;timur (90°);terang / jelas;cerah;lokal / lingkungan;ii (jalan sedang utk beban s/d 10 ton & 12m  panjang ran);lurus;2/2 tb (2 lajur/2 arah tanpa batas median);40;jalan kota / kabupaten;jalan raya ds. sidojangkung kec. menganti kab. gresik;menganti;kecelakaan ringan;17-25;perempuan;r2 (sepeda motor);0;tinggi
tabrakan kendaraan belok kanan dengan kendaraan yang datang dari arah berlawanan;0;1;0;-7,052481533;112,5729385;utara (0°);terang / jelas;cerah;kolektor;i (jalan besar utk beban 10 ton & max 18 m panjang ran);lurus;2/2 tb (2 lajur/2 arah tanpa batas median);50;jalan propinsi;jalan raya ds bungah kec bungah kab.gresik;bungah;kecelakaan ringan;17-25;laki-laki;r2 (sepeda motor);0;tinggi
tabrakan kendaraan belok kanan dengan kendaraan yang datang dari arah berlawanan;0;2;0;-7,048512067;112,5615765;barat (270°);terang / jelas;cerah;lokal / lingkungan;ii (jalan sedang utk beban s/d 10 ton & 12m  panjang ran);lurus;2/2 tb (2 lajur/2 arah tanpa batas median);40;jalan kota / kabupaten;jalan raya ds. sukowati kec. bungah kab. gresik;bungah;kecelakaan ringan;<17;laki-laki;r2 (sepeda motor);0;tinggi
tabrakan kendaraan belok kanan dengan kendaraan yang datang dari arah berlawanan;0;1;0;-7,138746174;112,6097253;selatan (180°);terang / jelas;cerah;lokal / lingkungan;ii (jalan sedang utk beban s/d 10 ton & 12m  panjang ran);lurus;2/2 tb (2 lajur/2 arah tanpa batas median);40;jalan kota / kabupaten;jalan kyai h. syafi'i ds. pongangan kec. manyar  kab. gresik;manyar;kecelakaan ringan;26-45;laki-laki;pick up;0;tinggi
tabrakan kendaraan belok kanan dengan kendaraan yang datang dari arah berlawanan;0;1;0;-7,166759153;112,6070204;barat (270°);gelap / sulit terlihat;cerah;lokal / lingkungan;ii (jalan sedang utk beban s/d 10 ton & 12m  panjang ran);lurus;4/2 b (4 lajur/2 arah dengan batas median);40;jalan kota / kabupaten;jalan raya dr. wahidin sudirohusodo  kec. kebomas kab. gresik;kebomas;kecelakaan ringan;46-65;laki-laki;mini bus;0;tinggi
tabrakan kendaraan belok kanan dengan kendaraan yang datang dari arah berlawanan;0;3;0;-7,324447391;112,6281644;timur (90°);terang / jelas;cerah;kolektor;i (jalan besar utk beban 10 ton & max 18 m panjang ran);lurus;2/2 tb (2 lajur/2 arah tanpa batas median);50;jalan propinsi;jalan raya desa randegansari kecamatan driyorejo kabupaten gresik;driyorejo;kecelakaan ringan;17-25;perempuan;r2 (sepeda motor);0;tinggi
tabrakan kendaraan belok kanan dengan kendaraan yang datang dari arah berlawanan;0;2;0;-6,96275703;112,4107252;barat (270°);terang / jelas;cerah;lokal / lingkungan;ii (jalan sedang utk beban s/d 10 ton & 12m  panjang ran);lurus;2/2 tb (2 lajur/2 arah tanpa batas median);40;jalan kota / kabupaten;jalan raya ds. wonokerto kec. dukun kab. gresik;dukun;kecelakaan ringan;46-65;laki-laki;r2 (sepeda motor);1;sedang
tabrakan kendaraan belok kanan dengan kendaraan yang datang dari arah berlawanan;0;2;0;-7,226156823;112,5524507;timur (90°);terang / jelas;cerah;lokal / lingkungan;ii (jalan sedang utk beban s/d 10 ton & 12m  panjang ran);lurus;2/2 tb (2 lajur/2 arah tanpa batas median);40;jalan kota / kabupaten;jalan raya ds. ngabetan kec. cerme kab. gresik;cerme;kecelakaan ringan;<17;laki-laki;r2 (sepeda motor);0;tinggi
tabrakan kendaraan belok kanan dengan kendaraan yang datang dari arah berlawanan;0;2;0;-6,986851421;112,5169789;timur (90°);terang / jelas;cerah;lokal / lingkungan;ii (jalan sedang utk beban s/d 10 ton & 12m  panjang ran);lurus;2/2 tb (2 lajur/2 arah tanpa batas median);40;jalan kota / kabupaten;jalan raya ds. lasem kec. sidayu kab. gresik;sidayu;kecelakaan ringan;nan;laki-laki;r2 (sepeda motor);1;sedang
tabrakan kendaraan belok kanan dengan kendaraan yang datang dari arah berlawanan;0;1;0;-7,179418211;112,6502329;utara (0°);terang / jelas;cerah;lokal / lingkungan;ii (jalan sedang utk beban s/d 10 ton & 12m  panjang ran);lurus;2/2 tb (2 lajur/2 arah tanpa batas median);40;jalan kota / kabupaten;jalan raya veteran ds. singosari  kec. kebomas kab. gresik;kebomas;kecelakaan ringan;17-25;laki-laki;r2 (sepeda motor);0;tinggi
tabrakan kendaraan belok kanan dengan kendaraan yang datang dari arah berlawanan;0;1;0;-6,996925631;112,5639875;utara (0°);terang / jelas;cerah;arteri;i (jalan besar utk beban 10 ton & max 18 m panjang ran);lurus;2/2 tb (2 lajur/2 arah tanpa batas median);50;jalan nasional;jalan raya ds. asempapak kec. sidayu kab. gresik;sidayu;kecelakaan ringan;17-25;perempuan;r2 (sepeda motor);0;tinggi
tabrakan kendaraan belok kanan dengan kendaraan yang datang dari arah berlawanan;0;2;0;-7,182639147;112,6060564;timur (90°);terang / jelas;cerah;lokal / lingkungan;ii (jalan sedang utk beban s/d 10 ton & 12m  panjang ran);lurus;2/2 tb (2 lajur/2 arah tanpa batas median);40;jalan desa;jalan umum ds. kedanyang kec. kebomas kab. gresik;kebomas;kecelakaan ringan;26-45;laki-laki;r2 (sepeda motor);0;tinggi
tabrakan kendaraan belok kanan dengan kendaraan yang datang dari arah berlawanan;0;1;0;-7,380461551;112,5753529;barat (270°);terang / jelas;cerah;kolektor;i (jalan besar utk beban 10 ton & max 18 m panjang ran);lurus;2/2 tb (2 lajur/2 arah tanpa batas median);40;jalan propinsi;jalan raya legundi ds. krikilan kec. driyorejo kab. gresik;driyorejo;kecelakaan ringan;46-65;perempuan;r2 (sepeda motor);0;tinggi
tabrakan kendaraan belok kanan dengan kendaraan yang datang dari arah berlawanan;0;1;0;-7,159862191;112,5304936;timur (90°);terang / jelas;cerah;arteri;i (jalan besar utk beban 10 ton & max 18 m panjang ran);lurus;4/2 tb (4 lajur/2 arah tanpa batas median);50;jalan nasional;jalan raya ds. samirplapan kec. duduksampeyan kab. gresik;duduk sampeyan;kecelakaan ringan;nan;laki-laki;r2 (sepeda motor);1;sedang
tabrakan kendaraan belok kanan dengan kendaraan yang datang dari arah berlawanan;0;1;0;-7,132056764;112,5967056;utara (0°);terang / jelas;cerah;lokal / lingkungan;ii (jalan sedang utk beban s/d 10 ton & 12m  panjang ran);lurus;2/2 tb (2 lajur/2 arah tanpa batas median);50;jalan kota / kabupaten;jalan raya ds. peganden kec. manyar kab. gresik;manyar;kecelakaan ringan;46-65;laki-laki;r2 (sepeda motor);0;tinggi
tabrakan kendaraan belok kanan dengan kendaraan yang datang dari arah berlawanan;0;5;0;-5,849348399;112,6577894;utara (0°);gelap / sulit terlihat;cerah;lokal / lingkungan;ii (jalan sedang utk beban s/d 10 ton & 12m  panjang ran);lurus;2/2 tb (2 lajur/2 arah tanpa batas median);50;jalan kota / kabupaten;jalan raya desa kotakusuma kecamatan sangkapura kabupaten gresik;sangkapura;kecelakaan ringan;17-25;laki-laki;r2 (sepeda motor);0;tinggi
tabrakan kendaraan belok kanan dengan kendaraan yang datang dari arah berlawanan;0;1;0;-6,982099948;112,5211849;selatan (180°);terang / jelas;cerah;lokal / lingkungan;ii (jalan sedang utk beban s/d 10 ton & 12m  panjang ran);lurus;2/2 tb (2 lajur/2 arah tanpa batas median);50;jalan kota / kabupaten;jalan raya ds. kertosono kec. sidayu kab. gresik;sidayu;kecelakaan ringan;26-45;laki-laki;r2 (sepeda motor);1;sedang
tabrakan kendaraan belok kanan dengan kendaraan yang datang dari arah berlawanan;0;1;0;-7,170299732;112,5692973;barat (270°);terang / jelas;cerah;arteri;i (jalan besar utk beban 10 ton & max 18 m panjang ran);lurus;4/2 b (4 lajur/2 arah dengan batas median);40;jalan nasional;jalan raya ds. ambeng-ambeng kec. duduksampeyan kab. gresik;duduk sampeyan;kecelakaan ringan;26-45;laki-laki;mini truk;0;tinggi
tabrakan kendaraan belok kanan dengan kendaraan yang datang dari arah berlawanan;0;2;0;-7,292522034;112,5763157;barat (270°);terang / jelas;cerah;lokal / lingkungan;ii (jalan sedang utk beban s/d 10 ton & 12m  panjang ran);lurus;2/2 tb (2 lajur/2 arah tanpa batas median);40;jalan kota / kabupaten;jalan raya desa menganti kecamatan menganti kabupaten gresik;menganti;kecelakaan ringan;17-25;laki-laki;r2 (sepeda motor);0;tinggi
tabrakan kendaraan belok kanan dengan kendaraan yang datang dari arah berlawanan;0;1;0;-7,228862346;112,5680931;selatan (180°);terang / jelas;cerah;arteri;i (jalan besar utk beban 10 ton & max 18 m panjang ran);lurus;2/2 tb (2 lajur/2 arah tanpa batas median);50;jalan nasional;jalan raya ds.cerme lor kec cerme kab. gresik;cerme;kecelakaan ringan;<17;laki-laki;r2 (sepeda motor);0;tinggi
tabrakan kendaraan belok kanan dengan kendaraan yang datang dari arah berlawanan;0;2;0;-7,259805344;112,5081528;barat (270°);terang / jelas;cerah;lokal / lingkungan;ii (jalan sedang utk beban s/d 10 ton & 12m  panjang ran);lurus;2/2 tb (2 lajur/2 arah tanpa batas median);40;jalan kota / kabupaten;jalan raya desa dermo kecamatan benjeng kabupaten gresik;benjeng;kecelakaan ringan;26-45;laki-laki;r2 (sepeda motor);1;sedang
tabrakan kendaraan belok kanan dengan kendaraan yang datang dari arah berlawanan;0;1;0;-7,028846935;112,5174994;barat (270°);terang / jelas;cerah;lokal / lingkungan;ii (jalan sedang utk beban s/d 10 ton & 12m  panjang ran);lurus;2/2 tb (2 lajur/2 arah tanpa batas median);40;jalan kota / kabupaten;jalan raya desa mojopurogede kecamatan bungah kabupaten gresik;bungah;kecelakaan ringan;26-45;laki-laki;r2 (sepeda motor);1;sedang
tabrakan kendaraan belok kanan dengan kendaraan yang datang dari arah berlawanan;0;2;0;-7,091881864;112,5841349;utara (0°);terang / jelas;cerah;arteri;i (jalan besar utk beban 10 ton & max 18 m panjang ran);lurus;2/2 tb (2 lajur/2 arah tanpa batas median);50;jalan nasional;jalan raya desa banyuwangi kecamatan manyar kabupaten gresik;manyar;kecelakaan ringan;17-25;perempuan;r2 (sepeda motor);0;tinggi
tabrakan saat menyalip dari kanan;1;0;0;-7,396776784;112,5247165;timur (90°);terang / jelas;cerah;lokal / lingkungan;ii (jalan sedang utk beban s/d 10 ton & 12m  panjang ran);lurus;2/2 tb (2 lajur/2 arah tanpa batas median);50;jalan kota / kabupaten;jalan raya desa wringinanom kecamatan wringinanom kabupaten gresik;wringinanom;kecelakaan berat;<17;laki-laki;r2 (sepeda motor);2;rendah
tabrakan saat menyalip dari kanan;0;2;0;-6,967307104;112,4312975;barat (270°);terang / jelas;cerah;lokal / lingkungan;ii (jalan sedang utk beban s/d 10 ton & 12m  panjang ran);lurus;2/2 tb (2 lajur/2 arah tanpa batas median);50;jalan kota / kabupaten;jalan raya ds. petiyen tunggal  kec. dukun kab. gresik;dukun;kecelakaan ringan;17-25;laki-laki;r2 (sepeda motor);1;sedang
tabrakan saat menyalip dari kanan;0;1;0;-7,348405305;112,6165184;utara (0°);terang / jelas;cerah;lokal / lingkungan;ii (jalan sedang utk beban s/d 10 ton & 12m  panjang ran);lurus;2/2 tb (2 lajur/2 arah tanpa batas median);40;jalan kota / kabupaten;jalan raya desa tenaru kecamatan driyorejo kabupaten gresik;driyorejo;kecelakaan ringan;<17;laki-laki;r2 (sepeda motor);0;tinggi
tabrakan saat menyalip dari kanan;0;1;0;-7,290722548;112,566014;timur (90°);terang / jelas;cerah;kolektor;i (jalan besar utk beban 10 ton & max 18 m panjang ran);lurus;2/2 tb (2 lajur/2 arah tanpa batas median);40;jalan propinsi;jalan raya ds. bringkang kec. menganti kab. gresik;menganti;kecelakaan ringan;46-65;laki-laki;r2 (sepeda motor);0;tinggi
tabrakan saat menyalip dari kanan;0;1;0;-7,245980185;112,5827471;barat (270°);terang / jelas;cerah;lokal / lingkungan;ii (jalan sedang utk beban s/d 10 ton & 12m  panjang ran);lurus;2/2 tb (2 lajur/2 arah tanpa batas median);40;jalan kota / kabupaten;jalan raya ds. hendrosari kec. menganti kab. gresik;menganti;kecelakaan ringan;26-45;perempuan;r2 (sepeda motor);0;tinggi
tabrakan saat menyalip dari kanan;0;1;0;-7,153520494;112,5189206;barat (270°);terang / jelas;cerah;arteri;i (jalan besar utk beban 10 ton & max 18 m panjang ran);lurus;4/2 b (4 lajur/2 arah dengan batas median);50;jalan nasional;jalan raya ds. duduksampeyan kec. duduksampeyan kab. gresik;duduk sampeyan;kecelakaan ringan;46-65;perempuan;sepeda listrik;1;sedang
tabrakan saat menyalip dari kanan;1;0;0;-7,107954242;112,5918894;barat (270°);terang / jelas;cerah;arteri;i (jalan besar utk beban 10 ton & max 18 m panjang ran);lurus;2/2 tb (2 lajur/2 arah tanpa batas median);50;jalan nasional;jalan raya ds. manyarsidomukti kec. manyar kab. gresik;manyar;kecelakaan berat;17-25;laki-laki;r2 (sepeda motor);2;rendah
tabrakan saat menyalip dari kanan;0;2;0;-7,251240354;112,5684299;barat (270°);terang / jelas;cerah;kolektor;i (jalan besar utk beban 10 ton & max 18 m panjang ran);lurus;2/2 tb (2 lajur/2 arah tanpa batas median);50;jalan propinsi;jalan raya ds. boboh kec. menganti kab. gresik;menganti;kecelakaan ringan;<17;laki-laki;r2 (sepeda motor);0;tinggi
tabrakan saat menyalip dari kanan;0;2;0;-7,335922032;112,6310882;selatan (180°);terang / jelas;cerah;lokal / lingkungan;ii (jalan sedang utk beban s/d 10 ton & 12m  panjang ran);lurus;2/2 tb (2 lajur/2 arah tanpa batas median);50;jalan kota / kabupaten;jalan raya ds petiken kec driyorejo kab.gresik;driyorejo;kecelakaan ringan;46-65;laki-laki;mini bus;0;tinggi
tabrakan saat menyalip dari kanan;0;1;0;-7,301850194;112,5906183;barat (270°);terang / jelas;cerah;lokal / lingkungan;ii (jalan sedang utk beban s/d 10 ton & 12m  panjang ran);lurus;2/2 tb (2 lajur/2 arah tanpa batas median);40;jalan kota / kabupaten;jalan raya desa hulaan kecamatan menganti kabupaten gresik;menganti;kecelakaan ringan;<17;perempuan;r2 (sepeda motor);0;tinggi
tabrakan saat menyalip dari kanan;0;2;0;-7,160750007;112,622073;timur (90°);terang / jelas;cerah;lokal / lingkungan;ii (jalan sedang utk beban s/d 10 ton & 12m  panjang ran);lurus;2/2 tb (2 lajur/2 arah tanpa batas median);50;jalan kota / kabupaten;jalan raya dr. wahidin sudirohusodo  kel. randuagung kec. kebomas kab. gresik;kebomas;kecelakaan ringan;<17;perempuan;r3 (bentor / bajaj / bemo);0;tinggi
tabrakan saat menyalip dari kanan;0;1;0;-7,226084741;112,5520869;timur (90°);terang / jelas;cerah;lokal / lingkungan;ii (jalan sedang utk beban s/d 10 ton & 12m  panjang ran);lurus;2/2 tb (2 lajur/2 arah tanpa batas median);50;jalan kota / kabupaten;jalan raya ds. ngabetan kec. cerme kab. gresik;cerme;kecelakaan ringan;<17;perempuan;pick up;0;tinggi
tabrakan saat menyalip dari kanan;0;1;0;-7,277963545;112,5816199;utara (0°);terang / jelas;cerah;lokal / lingkungan;ii (jalan sedang utk beban s/d 10 ton & 12m  panjang ran);lurus;2/2 tb (2 lajur/2 arah tanpa batas median);40;jalan kota / kabupaten;jalan raya ds. pelemwatu kec. menganti kab. gresik;menganti;kecelakaan ringan;46-65;laki-laki;r2 (sepeda motor);0;tinggi
tabrakan saat menyalip dari kanan;1;2;0;-6,97844847;112,540698;selatan (180°);terang / jelas;cerah;arteri;i (jalan besar utk beban 10 ton & max 18 m panjang ran);lurus;2/2 tb (2 lajur/2 arah tanpa batas median);40;jalan nasional;jalan raya ds. golokan kec. sidayu kab. gresik;sidayu;kecelakaan ringan;<17;laki-laki;r2 (sepeda motor);2;rendah
tabrakan saat menyalip dari kanan;1;0;0;-7,156851253;112,5248901;barat (270°);terang / jelas;cerah;arteri;i (jalan besar utk beban 10 ton & max 18 m panjang ran);lurus;2/2 tb (2 lajur/2 arah tanpa batas median);40;jalan nasional;jalan raya desa samirplapan kecamatan duduksampeyan kabupaten gresik;duduk sampeyan;kecelakaan berat;<17;laki-laki;mini truk;2;rendah
tabrakan saat menyalip dari kanan;0;1;0;-7,170797441;112,6326022;utara (0°);terang / jelas;cerah;lokal / lingkungan;ii (jalan sedang utk beban s/d 10 ton & 12m  panjang ran);lurus;2/2 tb (2 lajur/2 arah tanpa batas median);40;jalan kota / kabupaten;jalan raya sunan giri kec kebomas kab. gresik;kebomas;kecelakaan ringan;<17;laki-laki;r2 (sepeda motor);0;tinggi
tabrakan saat menyalip dari kanan;1;0;0;-7,135157543;112,6159087;barat (270°);terang / jelas;cerah;lokal / lingkungan;ii (jalan sedang utk beban s/d 10 ton & 12m  panjang ran);lurus;2/2 tb (2 lajur/2 arah tanpa batas median);50;jalan kota / kabupaten;jalan raya ds. sukomulyo kec. manyar kab. gresik;manyar;kecelakaan fatal;nan;laki-laki;sepeda angin;2;rendah
tabrakan saat menyalip dari kanan;0;1;0;-7,108663262;112,5918796;selatan (180°);terang / jelas;cerah;arteri;i (jalan besar utk beban 10 ton & max 18 m panjang ran);lurus;2/2 tb (2 lajur/2 arah tanpa batas median);40;jalan nasional;jalan raya ds. manyarsidomukti kec. manyar kab. gresik;manyar;kecelakaan ringan;26-45;laki-laki;mini truk;0;tinggi
tabrakan saat menyalip dari kanan;0;1;0;-7,29390272;112,5892191;barat (270°);terang / jelas;cerah;lokal / lingkungan;ii (jalan sedang utk beban s/d 10 ton & 12m  panjang ran);lurus;2/2 tb (2 lajur/2 arah tanpa batas median);50;jalan kota / kabupaten;jalan raya ds. menganti kec. menganti kab. gresik;menganti;kecelakaan ringan;26-45;laki-laki;r2 (sepeda motor);0;tinggi
tabrakan saat menyalip dari kanan;1;0;0;-7,149345524;112,5111805;timur (90°);terang / jelas;cerah;arteri;i (jalan besar utk beban 10 ton & max 18 m panjang ran);lurus;2/2 tb (2 lajur/2 arah tanpa batas median);40;jalan nasional;jalan raya ds. setrohadi kec. duduksampeyan kab. gresik;duduk sampeyan;kecelakaan berat;<17;laki-laki;mini truk;2;rendah
tabrakan saat menyalip dari kanan;0;1;0;-7,184171716;112,6079945;barat (270°);terang / jelas;cerah;lokal / lingkungan;ii (jalan sedang utk beban s/d 10 ton & 12m  panjang ran);lurus;2/2 tb (2 lajur/2 arah tanpa batas median);40;jalan kota / kabupaten;jalan raya desa kedanyang kecamatan kebomas kabupaten gresik;kebomas;kecelakaan ringan;46-65;perempuan;r2 (sepeda motor);0;tinggi
tabrakan saat menyalip dari kanan;0;1;0;-7,13554416;112,59519;barat (270°);terang / jelas;cerah;lokal / lingkungan;iii (jalan kecil utk max beban 8 ton & 9 m panjang ran);lurus;2/2 tb (2 lajur/2 arah tanpa batas median);40;jalan desa;jalan umum ds. peganden kec. manyar kab. gresik;manyar;kecelakaan ringan;46-65;laki-laki;pick up;0;tinggi
tabrakan saat menyalip dari kanan;0;2;0;-7,345898405;112,5682417;utara (0°);terang / jelas;cerah;kolektor;i (jalan besar utk beban 10 ton & max 18 m panjang ran);lurus;2/2 tb (2 lajur/2 arah tanpa batas median);60;jalan propinsi;jalan raya desa karangandong kecamatan driyorejo kabupaten gresik;driyorejo;kecelakaan ringan;<17;perempuan;mini bus;0;tinggi
tabrakan saat menyalip dari kanan;0;1;1;-7,347537421;112,6293987;selatan (180°);terang / jelas;cerah;lokal / lingkungan;ii (jalan sedang utk beban s/d 10 ton & 12m  panjang ran);lurus;2/2 tb (2 lajur/2 arah tanpa batas median);40;jalan kota / kabupaten;jalan raya desa tenaru kecamatan driyorejo kabupaten gresik;driyorejo;kecelakaan fatal;26-45;laki-laki;trailer 20 feet;0;tinggi
tabrakan saat menyalip dari kanan;0;1;0;-6,915057814;112,4560335;barat (270°);terang / jelas;cerah;lokal / lingkungan;ii (jalan sedang utk beban s/d 10 ton & 12m  panjang ran);lurus;2/2 tb (2 lajur/2 arah tanpa batas median);50;jalan kota / kabupaten;jalan raya desa prupuh kecamatan panceng kabupaten gresik;panceng;kecelakaan ringan;nan;laki-laki;r2 (sepeda motor);1;sedang
tabrakan saat menyalip dari kanan;0;1;0;-7,326041744;112,5765711;barat (270°);terang / jelas;cerah;lokal / lingkungan;ii (jalan sedang utk beban s/d 10 ton & 12m  panjang ran);lurus;2/2 tb (2 lajur/2 arah tanpa batas median);40;jalan desa;jalan umum ds. ngepung kec. kedamean kab. gresik;kedamean;kecelakaan ringan;26-45;laki-laki;r2 (sepeda motor);0;tinggi
tabrakan saat menyalip dari kanan;1;0;0;-7,257989135;112,5676424;selatan (180°);terang / jelas;cerah;arteri;i (jalan besar utk beban 10 ton & max 18 m panjang ran);lurus;2/2 tb (2 lajur/2 arah tanpa batas median);40;jalan nasional;jalan raya ds. putat lor kec. menganti kab. gresik;menganti;kecelakaan berat;46-65;laki-laki;r2 (sepeda motor);2;rendah
tabrakan saat menyalip dari kanan;0;1;0;-7,246705915;112,5807039;timur (90°);terang / jelas;cerah;lokal / lingkungan;ii (jalan sedang utk beban s/d 10 ton & 12m  panjang ran);lurus;2/2 tb (2 lajur/2 arah tanpa batas median);50;jalan kota / kabupaten;jalan raya ds. hendrosari kec. menganti kab. gresik;menganti;kecelakaan ringan;46-65;laki-laki;r2 (sepeda motor);0;tinggi
tabrakan saat menyalip dari kanan;0;1;0;-6,963810419;112,4153261;timur (90°);terang / jelas;cerah;lokal / lingkungan;ii (jalan sedang utk beban s/d 10 ton & 12m  panjang ran);lurus;2/2 tb (2 lajur/2 arah tanpa batas median);40;jalan kota / kabupaten;jalan raya ds. lowayu kec dukun kab. gresik;dukun;kecelakaan ringan;26-45;perempuan;r2 (sepeda motor);1;sedang
tabrakan saat menyalip dari kanan;0;1;0;-7,296859187;112,6020706;timur (90°);terang / jelas;cerah;lokal / lingkungan;ii (jalan sedang utk beban s/d 10 ton & 12m  panjang ran);lurus;2/2 tb (2 lajur/2 arah tanpa batas median);50;jalan kota / kabupaten;jalan raya ds. sidowungu kec. menganti kab. gresik;menganti;kecelakaan ringan;46-65;perempuan;r2 (sepeda motor);0;tinggi
tabrakan saat menyalip dari kanan;0;1;0;-7,072469322;112,5611538;selatan (180°);terang / jelas;cerah;lokal / lingkungan;ii (jalan sedang utk beban s/d 10 ton & 12m  panjang ran);lurus;2/2 tb (2 lajur/2 arah tanpa batas median);50;jalan kota / kabupaten;jalan raya ds. gumeno kec. manyar kab. gresik;manyar;kecelakaan ringan;26-45;laki-laki;r2 (sepeda motor);0;tinggi
tabrakan saat menyalip dari kanan;0;1;0;-7,33922131;112,6302058;selatan (180°);terang / jelas;cerah;lokal / lingkungan;ii (jalan sedang utk beban s/d 10 ton & 12m  panjang ran);lurus;2/2 tb (2 lajur/2 arah tanpa batas median);40;jalan kota / kabupaten;jalan raya ds. petiken kec. driyorejo kab. gresik;driyorejo;kecelakaan ringan;26-45;perempuan;jeep ( suv );0;tinggi
tabrakan saat menyalip dari kanan;0;2;0;-7,167048218;112,6424673;barat (270°);terang / jelas;cerah;lokal / lingkungan;ii (jalan sedang utk beban s/d 10 ton & 12m  panjang ran);lurus;2/2 tb (2 lajur/2 arah tanpa batas median);40;jalan kota / kabupaten;jalan raya ra kartini kel. sidomoro kec. kebomas kab. gresik;kebomas;kecelakaan ringan;<17;perempuan;r2 (sepeda motor);0;tinggi
tabrakan saat menyalip dari kanan;0;2;0;-7,223254808;112,5264912;barat (270°);terang / jelas;cerah;lokal / lingkungan;ii (jalan sedang utk beban s/d 10 ton & 12m  panjang ran);lurus;2/2 tb (2 lajur/2 arah tanpa batas median);40;jalan kota / kabupaten;jalan raya ds. kandangan kec. cerme kab. gresik;cerme;kecelakaan ringan;26-45;laki-laki;mini bus;1;sedang
tabrakan saat menyalip dari kanan;0;1;0;-7,269773212;112,4294374;barat (270°);terang / jelas;cerah;lokal / lingkungan;ii (jalan sedang utk beban s/d 10 ton & 12m  panjang ran);lurus;2/2 tb (2 lajur/2 arah tanpa batas median);40;jalan kota / kabupaten;jalan raya ds. kedungsumber kec. balongpanggang kab. gresik;balongpanggang;kecelakaan ringan;26-45;laki-laki;pick up;1;sedang
tabrakan saat menyalip dari kanan;0;1;0;-7,365584792;112,6158573;barat (270°);terang / jelas;cerah;lokal / lingkungan;ii (jalan sedang utk beban s/d 10 ton & 12m  panjang ran);lurus;2/2 tb (2 lajur/2 arah tanpa batas median);40;jalan kota / kabupaten;jalan raya ds. driyorejo kec. driyorejo kab. gresik;driyorejo;kecelakaan ringan;<17;laki-laki;mini truk;0;tinggi
tabrakan saat menyalip dari kanan;0;1;0;-7,29094032;112,567371;timur (90°);gelap / sulit terlihat;cerah;kolektor;i (jalan besar utk beban 10 ton & max 18 m panjang ran);lurus;2/2 tb (2 lajur/2 arah tanpa batas median);40;jalan propinsi;jalan raya desa bringkang kecamatan menganti kabupaten gresik;menganti;kecelakaan ringan;nan;laki-laki;r2 (sepeda motor);0;tinggi
tabrakan saat menyalip dari kanan;0;1;0;-7,260900655;112,567417;utara (0°);terang / jelas;cerah;kolektor;i (jalan besar utk beban 10 ton & max 18 m panjang ran);lurus;2/2 tb (2 lajur/2 arah tanpa batas median);50;jalan propinsi;jalan raya ds. putat lor kec. menganti kab. gresik;menganti;kecelakaan ringan;17-25;laki-laki;trailer 20 feet;0;tinggi
tabrakan saat menyalip dari kanan;0;2;0;-7,027288176;112,5692279;selatan (180°);terang / jelas;cerah;arteri;i (jalan besar utk beban 10 ton & max 18 m panjang ran);lurus;2/2 tb (2 lajur/2 arah tanpa batas median);60;jalan nasional;jalan raya ds. kemangi kec. bungah kab. gresik;bungah;kecelakaan ringan;26-45;perempuan;r2 (sepeda motor);0;tinggi
tabrakan saat menyalip dari kanan;0;1;0;-7,346326192;112,5683355;utara (0°);terang / jelas;cerah;kolektor;i (jalan besar utk beban 10 ton & max 18 m panjang ran);lurus;2/2 tb (2 lajur/2 arah tanpa batas median);60;jalan propinsi;jalan raya ds. karangandong kec. driyorejo kab. gresik;driyorejo;kecelakaan ringan;17-25;laki-laki;trailer 20 feet;0;tinggi
tabrakan saat menyalip dari kanan;0;1;0;-7,359767809;112,6516903;timur (90°);terang / jelas;cerah;lokal / lingkungan;ii (jalan sedang utk beban s/d 10 ton & 12m  panjang ran);lurus;2/2 tb (2 lajur/2 arah tanpa batas median);40;jalan desa;jalan umum ds. bambe kec. driyorejo kab. gresik;driyorejo;kecelakaan ringan;26-45;perempuan;r2 (sepeda motor);0;tinggi
tabrakan saat menyalip dari kanan;0;1;0;-7,167587206;112,652328;barat (270°);terang / jelas;cerah;lokal / lingkungan;ii (jalan sedang utk beban s/d 10 ton & 12m  panjang ran);lurus;2/2 tb (2 lajur/2 arah tanpa batas median);40;jalan kota / kabupaten;jalan arif rahman hakim kel. gapurosukolilo kec. gresik;gresik;kecelakaan ringan;<17;laki-laki;r2 (sepeda motor);0;tinggi
tabrakan saat menyalip dari kanan;0;2;0;-7,089602844;112,5768168;barat (270°);terang / jelas;cerah;arteri;i (jalan besar utk beban 10 ton & max 18 m panjang ran);lurus;2/2 tb (2 lajur/2 arah tanpa batas median);50;jalan nasional;jalan raya desa banyuwangi kecamatan manyar kabupaten gresik;manyar;kecelakaan ringan;17-25;laki-laki;trailer 20 feet;0;tinggi
tabrakan saat menyalip dari kanan;0;1;0;-7,221891231;112,5048908;utara (0°);terang / jelas;cerah;lokal / lingkungan;ii (jalan sedang utk beban s/d 10 ton & 12m  panjang ran);lurus;2/2 tb (2 lajur/2 arah tanpa batas median);50;jalan kota / kabupaten;jalan raya ds metatu  kec. benjeng kab. gresik;benjeng;kecelakaan ringan;26-45;laki-laki;mini truk;1;sedang
tabrakan saat menyalip dari kanan;0;1;0;-7,300621112;112,6140198;timur (90°);terang / jelas;cerah;lokal / lingkungan;ii (jalan sedang utk beban s/d 10 ton & 12m  panjang ran);lurus;2/2 tb (2 lajur/2 arah tanpa batas median);50;jalan kota / kabupaten;jalan raya ds. laban  kec. menganti kab. gresik;menganti;kecelakaan ringan;<17;laki-laki;r2 (sepeda motor);0;tinggi
tabrakan saat menyalip dari kanan;0;2;0;-7,326642335;112,5662736;selatan (180°);terang / jelas;cerah;lokal / lingkungan;ii (jalan sedang utk beban s/d 10 ton & 12m  panjang ran);lurus;2/2 tb (2 lajur/2 arah tanpa batas median);40;jalan kota / kabupaten;jalan raya ds. kedamean kec. kedamean kab. gresik;kedamean;kecelakaan ringan;26-45;laki-laki;mini bus;0;tinggi
tabrakan saat menyalip dari kanan;1;0;0;-7,24015675;112,5969252;barat (270°);terang / jelas;cerah;lokal / lingkungan;ii (jalan sedang utk beban s/d 10 ton & 12m  panjang ran);lurus;2/2 tb (2 lajur/2 arah tanpa batas median);40;jalan kota / kabupaten;jalan raya ds. kepatihan kec. menganti kab. gresik;menganti;kecelakaan berat;26-45;laki-laki;trailer 20 feet;2;rendah
tabrakan saat menyalip dari kanan;1;0;0;-7,323502826;112,5661093;selatan (180°);terang / jelas;cerah;kolektor;i (jalan besar utk beban 10 ton & max 18 m panjang ran);lurus;2/2 tb (2 lajur/2 arah tanpa batas median);40;jalan propinsi;jalan raya ds. kedamean kec. kedamean kab. gresik;kedamean;kecelakaan berat;<17;laki-laki;medium truk;2;rendah
tabrakan saat menyalip dari kanan;0;1;0;-7,223319875;112,5251963;barat (270°);gelap / sulit terlihat;cerah;lokal / lingkungan;ii (jalan sedang utk beban s/d 10 ton & 12m  panjang ran);lurus;2/2 tb (2 lajur/2 arah tanpa batas median);40;jalan kota / kabupaten;jalan raya ds. kandangan kec. cerme kab. gresik;cerme;kecelakaan ringan;17-25;perempuan;r2 (sepeda motor);1;sedang
tabrakan saat menyalip dari kanan;0;1;0;-7,283648165;112,564008;selatan (180°);terang / jelas;cerah;kolektor;i (jalan besar utk beban 10 ton & max 18 m panjang ran);lurus;2/2 tb (2 lajur/2 arah tanpa batas median);40;jalan propinsi;jalan raya ds. domas kec. menganti kab. gresik;menganti;kecelakaan ringan;<17;perempuan;mini truk;0;tinggi
tabrakan saat menyalip dari kanan;0;1;0;-7,169432851;112,5833614;barat (270°);terang / jelas;cerah;arteri;i (jalan besar utk beban 10 ton & max 18 m panjang ran);lurus;4/1 (4 lajur/1 arah);50;jalan nasional;jalan raya ds. banjarsari kec. cerme kab. gresik;cerme;kecelakaan ringan;46-65;perempuan;r2 (sepeda motor);0;tinggi
tabrakan saat menyalip dari kanan;0;2;0;-7,362946792;112,6275993;utara (0°);terang / jelas;cerah;lokal / lingkungan;ii (jalan sedang utk beban s/d 10 ton & 12m  panjang ran);lurus;2/2 tb (2 lajur/2 arah tanpa batas median);50;jalan kota / kabupaten;jalan raya desa cangkir kecamatan driyorejo kabupaten gresik;driyorejo;kecelakaan ringan;46-65;laki-laki;r2 (sepeda motor);0;tinggi
di ruas jalan, pejalan kaki menyeberang dari kiri ke kanan;0;1;0;-7,228687303;112,5002923;selatan (180°);terang / jelas;cerah;lokal / lingkungan;ii (jalan sedang utk beban s/d 10 ton & 12m  panjang ran);lurus;2/2 tb (2 lajur/2 arah tanpa batas median);40;jalan kota / kabupaten;jalan raya desa metatu kecamatan benjeng kabupaten gresik;benjeng;kecelakaan ringan;nan;laki-laki;r2 (sepeda motor);1;sedang
di ruas jalan, pejalan kaki menyeberang dari kiri ke kanan;0;1;0;-7,265217644;112,4760751;timur (90°);terang / jelas;cerah;lokal / lingkungan;ii (jalan sedang utk beban s/d 10 ton & 12m  panjang ran);lurus;2/2 tb (2 lajur/2 arah tanpa batas median);40;jalan kota / kabupaten;jalan raya desa kalipadang kecamatan benjeng kabupaten gresik;benjeng;kecelakaan ringan;26-45;laki-laki;r2 (sepeda motor);1;sedang
di ruas jalan, pejalan kaki menyeberang dari kiri ke kanan;0;1;0;-7,35369248;112,554633;timur (90°);terang / jelas;cerah;lokal / lingkungan;iii (jalan kecil utk max beban 8 ton & 9 m panjang ran);lurus;2/2 tb (2 lajur/2 arah tanpa batas median);40;jalan desa;jalan umum ds. banyuurip kec. kedamean kab. gresik;kedamean;kecelakaan ringan;<17;perempuan;r2 (sepeda motor);0;tinggi
di ruas jalan, pejalan kaki menyeberang dari kiri ke kanan;0;3;0;-5,824265629;112,6343596;timur (90°);terang / jelas;cerah;lokal / lingkungan;iii (jalan kecil utk max beban 8 ton & 9 m panjang ran);lurus;2/2 tb (2 lajur/2 arah tanpa batas median);40;jalan kota / kabupaten;jalan raya desa bululanjang kecamatan sangkapura kabupaten gresik;sangkapura;kecelakaan ringan;17-25;laki-laki;r2 (sepeda motor);0;tinggi
di ruas jalan, pejalan kaki menyeberang dari kiri ke kanan;0;1;0;-7,393194425;112,5444633;timur (90°);terang / jelas;cerah;lokal / lingkungan;ii (jalan sedang utk beban s/d 10 ton & 12m  panjang ran);lurus;2/2 tb (2 lajur/2 arah tanpa batas median);40;jalan kota / kabupaten;jalan raya ds. labaniwaras kec. wringinanom kab. gresik;wringinanom;kecelakaan ringan;26-45;laki-laki;r2 (sepeda motor);0;tinggi
di ruas jalan, pejalan kaki menyeberang dari kiri ke kanan;0;1;0;-7,181080036;112,6494967;selatan (180°);terang / jelas;cerah;lokal / lingkungan;ii (jalan sedang utk beban s/d 10 ton & 12m  panjang ran);lurus;4/2 b (4 lajur/2 arah dengan batas median);50;jalan kota / kabupaten;jalan raya veteran kel. sidomoro kec. kebomas kab. gresik;kebomas;kecelakaan ringan;26-45;laki-laki;r2 (sepeda motor);0;tinggi
di ruas jalan, pejalan kaki menyeberang dari kiri ke kanan;0;2;0;-7,070233071;112,574974;utara (0°);terang / jelas;cerah;arteri;i (jalan besar utk beban 10 ton & max 18 m panjang ran);lurus;2/2 tb (2 lajur/2 arah tanpa batas median);40;jalan nasional;jalan raya desa sembayat kecamatan manyar kabupaten gresik;manyar;kecelakaan ringan;26-45;laki-laki;r2 (sepeda motor);0;tinggi
di ruas jalan, pejalan kaki menyeberang dari kiri ke kanan;0;1;0;-7,095924546;112,5900778;timur (90°);terang / jelas;cerah;arteri;i (jalan besar utk beban 10 ton & max 18 m panjang ran);lurus;2/2 tb (2 lajur/2 arah tanpa batas median);40;jalan nasional;jalan raya ds manyarejo kec manyar  kab. gresik;manyar;kecelakaan ringan;46-65;laki-laki;medium truk;0;tinggi
di ruas jalan, pejalan kaki menyeberang dari kiri ke kanan;0;1;0;-7,221075012;112,4994351;barat (270°);terang / jelas;cerah;lokal / lingkungan;ii (jalan sedang utk beban s/d 10 ton & 12m  panjang ran);lurus;2/2 tb (2 lajur/2 arah tanpa batas median);40;jalan kota / kabupaten;jalan raya ds. metatu kec. benjeng kab. gresik;benjeng;kecelakaan ringan;<17;laki-laki;r2 (sepeda motor);1;sedang
di ruas jalan, pejalan kaki menyeberang dari kiri ke kanan;0;1;0;-7,181040032;112,6571119;utara (0°);terang / jelas;cerah;lokal / lingkungan;ii (jalan sedang utk beban s/d 10 ton & 12m  panjang ran);lurus;2/2 tb (2 lajur/2 arah tanpa batas median);40;jalan kota / kabupaten;jalan raya ds. kramat inggil kec. gresik;gresik;kecelakaan ringan;26-45;perempuan;r2 (sepeda motor);0;tinggi
di ruas jalan, pejalan kaki menyeberang dari kiri ke kanan;0;1;0;-7,223444687;112,5245779;timur (90°);gelap / sulit terlihat;cerah;lokal / lingkungan;ii (jalan sedang utk beban s/d 10 ton & 12m  panjang ran);lurus;2/2 tb (2 lajur/2 arah tanpa batas median);40;jalan kota / kabupaten;jalan raya ds. kandangan kec. cerme kab. gresik;cerme;kecelakaan ringan;nan;laki-laki;r2 (sepeda motor);1;sedang
di ruas jalan, pejalan kaki menyeberang dari kiri ke kanan;0;1;0;-7,323405329;112,6337476;utara (0°);gelap / sulit terlihat;cerah;lokal / lingkungan;ii (jalan sedang utk beban s/d 10 ton & 12m  panjang ran);lurus;2/2 tb (2 lajur/2 arah tanpa batas median);40;jalan kota / kabupaten;jalan raya ds. randegansari kec. driyorejo kab. gresik;driyorejo;kecelakaan ringan;<17;laki-laki;r2 (sepeda motor);0;tinggi
di ruas jalan, pejalan kaki menyeberang dari kiri ke kanan;0;2;0;-7,156486439;112,5242517;timur (90°);terang / jelas;cerah;arteri;i (jalan besar utk beban 10 ton & max 18 m panjang ran);lurus;2/2 tb (2 lajur/2 arah tanpa batas median);40;jalan nasional;jalan raya desa duduksampeyan kecamatan duduksampeyan kabupaten gresik;duduk sampeyan;kecelakaan ringan;17-25;laki-laki;r2 (sepeda motor);1;sedang
di ruas jalan, pejalan kaki menyeberang dari kiri ke kanan;0;1;0;-7,343378984;112,6344605;timur (90°);terang / jelas;cerah;lokal / lingkungan;ii (jalan sedang utk beban s/d 10 ton & 12m  panjang ran);lurus;2/2 tb (2 lajur/2 arah tanpa batas median);40;jalan kota / kabupaten;jalan raya ds. petiken kec. driyorejo kab. gresik;driyorejo;kecelakaan ringan;17-25;perempuan;r2 (sepeda motor);0;tinggi
di ruas jalan, pejalan kaki menyeberang dari kiri ke kanan;0;3;0;-7,159942107;112,6196;barat (270°);terang / jelas;cerah;lokal / lingkungan;ii (jalan sedang utk beban s/d 10 ton & 12m  panjang ran);lurus;4/2 b (4 lajur/2 arah dengan batas median);40;jalan kota / kabupaten;jalan raya dr. wahidin sudirohusodo  kelurahan randuagung kecamatan kebomas kabupaten gresik;kebomas;kecelakaan ringan;<17;laki-laki;r2 (sepeda motor);0;tinggi
di ruas jalan, pejalan kaki menyeberang dari kiri ke kanan;0;2;0;-7,152133713;112,600917;utara (0°);terang / jelas;cerah;lokal / lingkungan;ii (jalan sedang utk beban s/d 10 ton & 12m  panjang ran);lurus;2/2 tb (2 lajur/2 arah tanpa batas median);50;jalan kota / kabupaten;jalan raya kh. syafii desa suci kecamatan manyar kabupaten gresik;manyar;kecelakaan ringan;17-25;perempuan;r2 (sepeda motor);0;tinggi
di ruas jalan, pejalan kaki menyeberang dari kiri ke kanan;1;0;0;-7,141492724;112,4974656;timur (90°);terang / jelas;cerah;arteri;i (jalan besar utk beban 10 ton & max 18 m panjang ran);lurus;2/2 tb (2 lajur/2 arah tanpa batas median);50;jalan nasional;jalan raya ds. palebon kec. duduksampeyan kab. gresik;duduk sampeyan;kecelakaan berat;<17;laki-laki;mini truk;2;rendah
di ruas jalan, pejalan kaki menyeberang dari kiri ke kanan;0;2;0;-7,241374725;112,5943571;timur (90°);terang / jelas;cerah;lokal / lingkungan;ii (jalan sedang utk beban s/d 10 ton & 12m  panjang ran);lurus;2/2 tb (2 lajur/2 arah tanpa batas median);40;jalan kota / kabupaten;jalan raya ds. kepatihan kec. menganti kab. gresik;menganti;kecelakaan ringan;26-45;perempuan;r2 (sepeda motor);0;tinggi
di ruas jalan, pejalan kaki menyeberang dari kiri ke kanan;0;1;0;-7,248050274;112,576516;timur (90°);terang / jelas;cerah;lokal / lingkungan;ii (jalan sedang utk beban s/d 10 ton & 12m  panjang ran);lurus;2/2 tb (2 lajur/2 arah tanpa batas median);40;jalan kota / kabupaten;jalan raya ds. hendrosari kec. menganti kab. gresik;menganti;kecelakaan ringan;26-45;laki-laki;r2 (sepeda motor);0;tinggi
di ruas jalan, pejalan kaki menyeberang dari kiri ke kanan;0;1;0;-7,163887977;112,642311;utara (0°);terang / jelas;cerah;lokal / lingkungan;ii (jalan sedang utk beban s/d 10 ton & 12m  panjang ran);lurus;2/2 tb (2 lajur/2 arah tanpa batas median);40;jalan kota / kabupaten;jalan raya dr soetomo kec gresik;gresik;kecelakaan ringan;17-25;laki-laki;r2 (sepeda motor);0;tinggi
di ruas jalan, pejalan kaki menyeberang dari kiri ke kanan;0;2;0;-7,159922813;112,6178036;barat (270°);terang / jelas;cerah;lokal / lingkungan;ii (jalan sedang utk beban s/d 10 ton & 12m  panjang ran);lurus;4/2 b (4 lajur/2 arah dengan batas median);50;jalan kota / kabupaten;jalan raya dr. wahidin sudirohusodo  kelurahan randuagung kecamatan kebomas kabupaten gresik;kebomas;kecelakaan ringan;nan;perempuan;r2 (sepeda motor);0;tinggi
di ruas jalan, pejalan kaki menyeberang dari kiri ke kanan;0;1;0;-7,18429746;112,6239464;barat (270°);terang / jelas;cerah;lokal / lingkungan;iii (jalan kecil utk max beban 8 ton & 9 m panjang ran);lurus;2/2 tb (2 lajur/2 arah tanpa batas median);50;jalan desa;jalan umum kel. sidomukti kec. kebomas kab. gresik;kebomas;kecelakaan ringan;26-45;perempuan;mini bus;0;tinggi
di ruas jalan, pejalan kaki menyeberang dari kiri ke kanan;0;1;0;-7,045112709;112,5538581;barat (270°);terang / jelas;cerah;lokal / lingkungan;ii (jalan sedang utk beban s/d 10 ton & 12m  panjang ran);lurus;2/2 tb (2 lajur/2 arah tanpa batas median);40;jalan kota / kabupaten;jalan raya ds. masangan kec. bungah  kab. gresik;bungah;kecelakaan ringan;17-25;laki-laki;r2 (sepeda motor);0;tinggi
di ruas jalan, pejalan kaki menyeberang dari kiri ke kanan;0;1;0;-7,290104289;112,5626608;selatan (180°);terang / jelas;cerah;lokal / lingkungan;ii (jalan sedang utk beban s/d 10 ton & 12m  panjang ran);lurus;2/2 tb (2 lajur/2 arah tanpa batas median);40;jalan kota / kabupaten;jalan raya ds. bringkang kec. menganti kab. gresik;menganti;kecelakaan ringan;26-45;laki-laki;r2 (sepeda motor);0;tinggi
di ruas jalan, pejalan kaki menyeberang dari kiri ke kanan;0;1;0;-6,978518631;112,5408025;barat (270°);terang / jelas;cerah;arteri;i (jalan besar utk beban 10 ton & max 18 m panjang ran);lurus;2/2 tb (2 lajur/2 arah tanpa batas median);50;jalan nasional;jalan raya ds golokan kec sidayu kab. gresik;sidayu;kecelakaan ringan;17-25;laki-laki;r2 (sepeda motor);1;sedang
di ruas jalan, pejalan kaki menyeberang dari kiri ke kanan;0;1;0;-7,226659938;112,5580742;timur (90°);terang / jelas;cerah;lokal / lingkungan;ii (jalan sedang utk beban s/d 10 ton & 12m  panjang ran);lurus;2/2 tb (2 lajur/2 arah tanpa batas median);40;jalan kota / kabupaten;jalan raya ds. cerme lor kec. cerme kab. gresik;cerme;kecelakaan ringan;<17;perempuan;r2 (sepeda motor);0;tinggi
di ruas jalan, pejalan kaki menyeberang dari kiri ke kanan;0;1;0;-7,177520837;112,581605;utara (0°);terang / jelas;cerah;kolektor;i (jalan besar utk beban 10 ton & max 18 m panjang ran);lurus;2/2 tb (2 lajur/2 arah tanpa batas median);50;jalan propinsi;jalan raya ds. banjarsari kec. cerme kab. gresik;cerme;kecelakaan ringan;nan;perempuan;pejalan kaki;0;tinggi
di ruas jalan, pejalan kaki menyeberang dari kiri ke kanan;0;2;0;-7,267576185;112,4461662;utara (0°);terang / jelas;cerah;lokal / lingkungan;ii (jalan sedang utk beban s/d 10 ton & 12m  panjang ran);lurus;2/2 tb (2 lajur/2 arah tanpa batas median);40;jalan kota / kabupaten;jalan raya ds. sambiroto kec. balongpanggang kab. gresik;balongpanggang;kecelakaan ringan;<17;laki-laki;r2 (sepeda motor);1;sedang
di ruas jalan, pejalan kaki menyeberang dari kiri ke kanan;0;1;0;-7,242849725;112,5910328;barat (270°);terang / jelas;cerah;lokal / lingkungan;ii (jalan sedang utk beban s/d 10 ton & 12m  panjang ran);lurus;2/2 tb (2 lajur/2 arah tanpa batas median);50;jalan kota / kabupaten;jalan raya desa kepatihan kecamatan menganti kabupaten gresik;menganti;kecelakaan ringan;<17;perempuan;r2 (sepeda motor);0;tinggi
di ruas jalan, pejalan kaki menyeberang dari kiri ke kanan;0;1;0;-7,182399928;112,5788862;utara (0°);terang / jelas;cerah;kolektor;i (jalan besar utk beban 10 ton & max 18 m panjang ran);lurus;2/2 tb (2 lajur/2 arah tanpa batas median);40;jalan propinsi;jalan raya ds. banjarsari kec. cerme kab. gresik;cerme;kecelakaan ringan;<17;perempuan;r2 (sepeda motor);0;tinggi
di ruas jalan, pejalan kaki menyeberang dari kiri ke kanan;0;1;0;-7,160341215;112,6125672;timur (90°);gelap / sulit terlihat;cerah;lokal / lingkungan;iii (jalan kecil utk max beban 8 ton & 9 m panjang ran);lurus;2/2 tb (2 lajur/2 arah tanpa batas median);40;jalan desa;jalan umum walet 1 perum gka ds. kembangan kec. kebomas kab. gresik;kebomas;kecelakaan ringan;46-65;perempuan;r2 (sepeda motor);0;tinggi
di ruas jalan, pejalan kaki menyeberang dari kiri ke kanan;0;3;0;-7,365876746;112,6279835;timur (90°);terang / jelas;cerah;kolektor;i (jalan besar utk beban 10 ton & max 18 m panjang ran);lurus;2/2 tb (2 lajur/2 arah tanpa batas median);60;jalan propinsi;jalan raya ds.cangkir kec driyorejo kab gresik;driyorejo;kecelakaan ringan;17-25;perempuan;r2 (sepeda motor);0;tinggi
di ruas jalan, pejalan kaki menyeberang dari kiri ke kanan;0;2;0;-7,135429009;112,6162567;timur (90°);terang / jelas;cerah;arteri;i (jalan besar utk beban 10 ton & max 18 m panjang ran);lurus;2/2 tb (2 lajur/2 arah tanpa batas median);40;jalan nasional;jalan raya ds. sukomulyo kec. manyar kab. gresik;manyar;kecelakaan ringan;26-45;laki-laki;r2 (sepeda motor);0;tinggi
di ruas jalan, pejalan kaki menyeberang dari kiri ke kanan;0;1;0;-7,365680218;112,6258287;barat (270°);terang / jelas;cerah;lokal / lingkungan;ii (jalan sedang utk beban s/d 10 ton & 12m  panjang ran);lurus;2/2 tb (2 lajur/2 arah tanpa batas median);50;jalan kota / kabupaten;jalan raya ds. cangkir kec. driyorejo kab. gresik;driyorejo;kecelakaan ringan;17-25;laki-laki;r2 (sepeda motor);0;tinggi
di ruas jalan, pejalan kaki menyeberang dari kiri ke kanan;0;1;0;-7,329013288;112,6334533;barat (270°);terang / jelas;cerah;lokal / lingkungan;ii (jalan sedang utk beban s/d 10 ton & 12m  panjang ran);lurus;2/2 tb (2 lajur/2 arah tanpa batas median);50;jalan kota / kabupaten;jalan raya ds. mulung kec. driyorejo kab. gresik;driyorejo;kecelakaan ringan;26-45;perempuan;r2 (sepeda motor);0;tinggi
di ruas jalan, pejalan kaki menyeberang dari kiri ke kanan;0;1;0;-7,176431756;112,6085708;selatan (180°);terang / jelas;cerah;lokal / lingkungan;iii (jalan kecil utk max beban 8 ton & 9 m panjang ran);lurus;2/2 tb (2 lajur/2 arah tanpa batas median);40;jalan desa;jalan umum ds. kedanyang kec. kebomas kab. gresik;kebomas;kecelakaan ringan;<17;perempuan;r2 (sepeda motor);0;tinggi
di ruas jalan, pejalan kaki menyeberang dari kiri ke kanan;0;1;0;-6,95727387;112,505883;barat (270°);terang / jelas;cerah;arteri;i (jalan besar utk beban 10 ton & max 18 m panjang ran);lurus;2/2 tb (2 lajur/2 arah tanpa batas median);40;jalan nasional;jalan raya ds. doudo kec. panceng kab. gresik;panceng;kecelakaan ringan;17-25;laki-laki;r2 (sepeda motor);1;sedang
di ruas jalan, pejalan kaki menyeberang dari kiri ke kanan;0;1;0;-7,158963616;112,6477837;selatan (180°);gelap / sulit terlihat;cerah;lokal / lingkungan;ii (jalan sedang utk beban s/d 10 ton & 12m  panjang ran);lurus;2/2 tb (2 lajur/2 arah tanpa batas median);40;jalan kota / kabupaten;jalan raya usman sadar ds. sukorame kec. gresik;gresik;kecelakaan ringan;17-25;laki-laki;r2 (sepeda motor);0;tinggi
di ruas jalan, pejalan kaki menyeberang dari kiri ke kanan;0;1;0;-7,040112293;112,5334513;timur (90°);terang / jelas;cerah;lokal / lingkungan;ii (jalan sedang utk beban s/d 10 ton & 12m  panjang ran);lurus;2/2 tb (2 lajur/2 arah tanpa batas median);40;jalan kota / kabupaten;jalan raya ds. melirang kec. bungah kab. gresik;bungah;kecelakaan ringan;<17;laki-laki;r2 (sepeda motor);1;sedang
di ruas jalan, pejalan kaki menyeberang dari kiri ke kanan;0;1;0;-7,223270876;112,5256962;barat (270°);terang / jelas;cerah;lokal / lingkungan;ii (jalan sedang utk beban s/d 10 ton & 12m  panjang ran);lurus;2/2 tb (2 lajur/2 arah tanpa batas median);40;jalan kota / kabupaten;jalan raya ds. kandangan kec. cerme kab. gresik;cerme;kecelakaan ringan;26-45;laki-laki;r2 (sepeda motor);1;sedang
di ruas jalan, pejalan kaki menyeberang dari kiri ke kanan;0;1;0;-7,223444564;112,5288733;barat (270°);terang / jelas;cerah;lokal / lingkungan;ii (jalan sedang utk beban s/d 10 ton & 12m  panjang ran);lurus;2/2 tb (2 lajur/2 arah tanpa batas median);40;jalan kota / kabupaten;jalan raya ds. dungus kec. cerme kab. gresik;cerme;kecelakaan ringan;nan;perempuan;pejalan kaki;1;sedang
di ruas jalan, pejalan kaki menyeberang dari kiri ke kanan;0;2;0;-7,324701538;112,4961295;barat (270°);terang / jelas;cerah;lokal / lingkungan;ii (jalan sedang utk beban s/d 10 ton & 12m  panjang ran);lurus;2/2 tb (2 lajur/2 arah tanpa batas median);50;jalan kota / kabupaten;jalan raya ds. sidoraharjo kec. kedamean kab. gresik;kedamean;kecelakaan ringan;26-45;perempuan;r2 (sepeda motor);1;sedang
di ruas jalan, pejalan kaki menyeberang dari kiri ke kanan;0;1;0;-7,169493563;112,5680429;barat (270°);terang / jelas;cerah;arteri;i (jalan besar utk beban 10 ton & max 18 m panjang ran);lurus;4/2 b (4 lajur/2 arah dengan batas median);50;jalan nasional;jalan raya ds. duduksampeyan kec. duduksampeyan kab. gresik;duduk sampeyan;kecelakaan ringan;17-25;perempuan;r2 (sepeda motor);0;tinggi
di ruas jalan, pejalan kaki menyeberang dari kiri ke kanan;0;1;0;-7,156509866;112,5883296;utara (0°);terang / jelas;cerah;lokal / lingkungan;iii (jalan kecil utk max beban 8 ton & 9 m panjang ran);lurus;2/2 tb (2 lajur/2 arah tanpa batas median);40;jalan desa;jalan umum ds. tebalo kec. manyar kab. gresik;manyar;kecelakaan ringan;<17;laki-laki;r2 (sepeda motor);0;tinggi
di ruas jalan, pejalan kaki menyeberang dari kiri ke kanan;0;1;0;-7,369510152;112,5984906;timur (90°);gelap / sulit terlihat;cerah;kolektor;i (jalan besar utk beban 10 ton & max 18 m panjang ran);lurus;2/2 tb (2 lajur/2 arah tanpa batas median);50;jalan propinsi;jalan raya desa krikilan kecamatan driyorejo kabupaten gresik;driyorejo;kecelakaan ringan;nan;laki-laki;truck;0;tinggi
di ruas jalan, pejalan kaki menyeberang dari kiri ke kanan;0;1;0;-7,36235364;112,6276243;utara (0°);terang / jelas;cerah;lokal / lingkungan;ii (jalan sedang utk beban s/d 10 ton & 12m  panjang ran);lurus;2/2 tb (2 lajur/2 arah tanpa batas median);40;jalan kota / kabupaten;jalan raya ds. tenaru kec. driyorejo kab. gresik;driyorejo;kecelakaan ringan;17-25;perempuan;r2 (sepeda motor);0;tinggi
di ruas jalan, pejalan kaki menyeberang dari kiri ke kanan;0;2;0;-7,35593089;112,5504639;timur (90°);terang / jelas;cerah;lokal / lingkungan;ii (jalan sedang utk beban s/d 10 ton & 12m  panjang ran);lurus;2/2 tb (2 lajur/2 arah tanpa batas median);40;jalan kota / kabupaten;jalan raya desa banyuurip kecamatan kedamean kabupaten gresik;kedamean;kecelakaan ringan;<17;laki-laki;r2 (sepeda motor);0;tinggi
di ruas jalan, pejalan kaki menyeberang dari kiri ke kanan;0;1;0;-7,067208815;112,5800052;timur (90°);terang / jelas;cerah;lokal / lingkungan;iii (jalan kecil utk max beban 8 ton & 9 m panjang ran);lurus;2/2 tb (2 lajur/2 arah tanpa batas median);50;jalan desa;jalan umum ds. karangrejo kec. manyar kab. gresik;manyar;kecelakaan ringan;46-65;laki-laki;r2 (sepeda motor);0;tinggi
di ruas jalan, pejalan kaki menyeberang dari kiri ke kanan;0;1;0;-7,183409611;112,6510482;barat (270°);terang / jelas;cerah;lokal / lingkungan;ii (jalan sedang utk beban s/d 10 ton & 12m  panjang ran);lurus;2/2 tb (2 lajur/2 arah tanpa batas median);40;jalan kota / kabupaten;jalan raya kel. singosari kec. kebomas kab. gresik;kebomas;kecelakaan ringan;26-45;laki-laki;r2 (sepeda motor);0;tinggi
tabrakan dengan kendaraan parkir di kiri;0;1;0;-7,151019938;112,5141936;barat (270°);terang / jelas;cerah;arteri;i (jalan besar utk beban 10 ton & max 18 m panjang ran);lurus;4/2 b (4 lajur/2 arah dengan batas median);50;jalan nasional;jalan raya desa setrohadi kecamatan duduksampeyan kabupaten gresik;duduk sampeyan;kecelakaan ringan;26-45;laki-laki;truk berat / tronton;1;sedang
tabrakan dengan kendaraan parkir di kiri;1;0;0;-7,034731382;112,578201;utara (0°);terang / jelas;cerah;lokal / lingkungan;ii (jalan sedang utk beban s/d 10 ton & 12m  panjang ran);lurus;2/2 tb (2 lajur/2 arah tanpa batas median);50;jalan kota / kabupaten;jalan raya desa kisik kecamatan bungah kabupaten gresik;bungah;kecelakaan berat;17-25;laki-laki;truk berat / tronton;2;rendah
tabrakan dengan kendaraan parkir di kiri;0;2;0;-7,148913501;112,5104077;timur (90°);terang / jelas;cerah;arteri;i (jalan besar utk beban 10 ton & max 18 m panjang ran);lurus;4/2 b (4 lajur/2 arah dengan batas median);40;jalan nasional;jalan raya ds. setrohadi kec. duduksampeyan kab. gresik;duduk sampeyan;kecelakaan ringan;26-45;laki-laki;medium truk;1;sedang
tabrakan dengan kendaraan parkir di kiri;0;1;0;-7,363440546;112,635641;timur (90°);terang / jelas;cerah;lokal / lingkungan;ii (jalan sedang utk beban s/d 10 ton & 12m  panjang ran);lurus;2/2 tb (2 lajur/2 arah tanpa batas median);40;jalan kota / kabupaten;jalan raya ds. cangkir kec. driyorejo kab. gresik;driyorejo;kecelakaan ringan;<17;laki-laki;mini truk;0;tinggi
tabrakan dengan kendaraan parkir di kiri;0;1;0;-6,968252965;112,4817103;timur (90°);terang / jelas;cerah;lokal / lingkungan;ii (jalan sedang utk beban s/d 10 ton & 12m  panjang ran);lurus;2/2 tb (2 lajur/2 arah tanpa batas median);40;jalan kota / kabupaten;jalan raya ds. petung kec. panceng kab. gresik;panceng;kecelakaan ringan;26-45;laki-laki;truk berat / tronton;1;sedang
tabrakan dengan kendaraan parkir di kiri;0;1;0;-7,339009425;112,5673675;selatan (180°);gelap / sulit terlihat;hujan/ grimis;kolektor;i (jalan besar utk beban 10 ton & max 18 m panjang ran);lurus;2/2 tb (2 lajur/2 arah tanpa batas median);40;jalan propinsi;jalan raya ds. kedamean kec. kedamean kab. gresik;kedamean;kecelakaan ringan;17-25;laki-laki;r2 (sepeda motor);0;tinggi
tabrakan dengan kendaraan parkir di kiri;0;1;0;-6,966963286;112,4395644;timur (90°);terang / jelas;cerah;lokal / lingkungan;ii (jalan sedang utk beban s/d 10 ton & 12m  panjang ran);lurus;2/2 tb (2 lajur/2 arah tanpa batas median);50;jalan kota / kabupaten;jalan raya ds. petiyin tunggal kec. dukun kab. gresik;dukun;kecelakaan ringan;26-45;laki-laki;medium truk;1;sedang
tabrakan dengan kendaraan parkir di kiri;0;1;0;-7,164111469;112,5428377;barat (270°);terang / jelas;cerah;arteri;i (jalan besar utk beban 10 ton & max 18 m panjang ran);lurus;4/2 b (4 lajur/2 arah dengan batas median);40;jalan nasional;jalan raya desa tebaloan kecamatan duduksampeyan kabupaten gresik;duduk sampeyan;kecelakaan ringan;nan;laki-laki;r2 (sepeda motor);1;sedang
tabrakan dengan kendaraan parkir di kiri;0;1;0;-7,390341794;112,5570074;barat (270°);terang / jelas;cerah;lokal / lingkungan;ii (jalan sedang utk beban s/d 10 ton & 12m  panjang ran);lurus;2/2 tb (2 lajur/2 arah tanpa batas median);50;jalan kota / kabupaten;jalan raya ds. sumengko kec. wringinanom kab. gresik;wringinanom;kecelakaan ringan;nan;perempuan;r2 (sepeda motor);0;tinggi
tabrakan dengan kendaraan parkir di kiri;0;1;0;-7,165357263;112,5519343;timur (90°);terang / jelas;cerah;arteri;i (jalan besar utk beban 10 ton & max 18 m panjang ran);lurus;4/2 b (4 lajur/2 arah dengan batas median);50;jalan nasional;jalan raya ds. tebaloan kec. duduksampeyan kab. gresik;duduk sampeyan;kecelakaan ringan;46-65;laki-laki;r2 (sepeda motor);0;tinggi
tabrakan dengan kendaraan parkir di kiri;1;0;0;-7,166377876;112,5602809;timur (90°);terang / jelas;cerah;arteri;i (jalan besar utk beban 10 ton & max 18 m panjang ran);lurus;4/2 b (4 lajur/2 arah dengan batas median);40;jalan nasional;jalan raya ds. ambeng-ambeng watangrejo kec. duduksampeyan kab. gresik;duduk sampeyan;kecelakaan berat;<17;laki-laki;mini truk;2;rendah
tabrakan dengan kendaraan parkir di kiri;1;0;0;-7,381042846;112,5802754;barat (270°);terang / jelas;cerah;lokal / lingkungan;ii (jalan sedang utk beban s/d 10 ton & 12m  panjang ran);lurus;2/2 tb (2 lajur/2 arah tanpa batas median);50;jalan kota / kabupaten;jalan raya desa krikilan kecamatan driyorejo kabupaten gresik;driyorejo;kecelakaan berat;26-45;laki-laki;truk berat / tronton;2;rendah
tabrakan dengan kendaraan parkir di kiri;0;1;0;-7,171001908;112,6607557;selatan (180°);gelap / sulit terlihat;cerah;lokal / lingkungan;ii (jalan sedang utk beban s/d 10 ton & 12m  panjang ran);lurus;2/2 tb (2 lajur/2 arah tanpa batas median);50;jalan kota / kabupaten;jalan ibrahim zahir kel. sidorukun kec. gresik;gresik;kecelakaan ringan;46-65;laki-laki;r2 (sepeda motor);0;tinggi
tabrakan dengan kendaraan parkir di kiri;0;1;0;-7,381044208;112,58025;timur (90°);gelap / sulit terlihat;cerah;kolektor;i (jalan besar utk beban 10 ton & max 18 m panjang ran);lurus;2/2 tb (2 lajur/2 arah tanpa batas median);40;jalan propinsi;jalan raya ds. krikilan kec. driyorejo kab. gresik;driyorejo;kecelakaan ringan;26-45;laki-laki;r2 (sepeda motor);0;tinggi
tabrakan dengan kendaraan parkir di kiri;0;1;0;-7,389390101;112,5612422;barat (270°);terang / jelas;cerah;kolektor;i (jalan besar utk beban 10 ton & max 18 m panjang ran);lurus;2/2 tb (2 lajur/2 arah tanpa batas median);50;jalan propinsi;jalan raya ds. pasinan lemahputih kec. wringinanom kab. gresik;wringinanom;kecelakaan ringan;26-45;laki-laki;truk berat / tronton;0;tinggi
tabrakan dengan kendaraan parkir di kiri;0;2;0;-6,991424712;112,5639829;utara (0°);terang / jelas;cerah;lokal / lingkungan;ii (jalan sedang utk beban s/d 10 ton & 12m  panjang ran);lurus;2/2 tb (2 lajur/2 arah tanpa batas median);60;jalan kota / kabupaten;jalan raya desa mriyunan kecamatan sidayu kabupaten gresik;sidayu;kecelakaan ringan;nan;laki-laki;r2 (sepeda motor);0;tinggi
tabrakan dengan kendaraan parkir di kiri;0;1;0;-7,045320939;112,5752243;utara (0°);terang / jelas;cerah;arteri;i (jalan besar utk beban 10 ton & max 18 m panjang ran);lurus;2/2 tb (2 lajur/2 arah tanpa batas median);50;jalan nasional;jalan raya ds. kisik kec. bungah kab. gresik;bungah;kecelakaan ringan;17-25;laki-laki;truk berat / tronton;0;tinggi
tabrakan dengan kendaraan parkir di kiri;1;0;0;-7,186330836;112,6207157;utara (0°);gelap / sulit terlihat;cerah;lokal / lingkungan;ii (jalan sedang utk beban s/d 10 ton & 12m  panjang ran);lurus;2/2 tb (2 lajur/2 arah tanpa batas median);40;jalan kota / kabupaten;jalan raya mayjend sungkono desa kedanyang kecamatan kebomas kabupaten gresik;kebomas;kecelakaan berat;26-45;laki-laki;truk berat / tronton;2;rendah
tabrakan dengan kendaraan parkir di kiri;0;1;0;-7,26202378;112,586098;utara (0°);terang / jelas;cerah;lokal / lingkungan;ii (jalan sedang utk beban s/d 10 ton & 12m  panjang ran);lurus;2/2 tb (2 lajur/2 arah tanpa batas median);50;jalan kota / kabupaten;jalan raya ds. pelemwatu kec. menganti kab. gresik;menganti;kecelakaan ringan;17-25;laki-laki;r2 (sepeda motor);0;tinggi
tabrakan dengan kendaraan parkir di kiri;0;1;0;-7,159354762;112,6361057;selatan (180°);terang / jelas;cerah;lokal / lingkungan;ii (jalan sedang utk beban s/d 10 ton & 12m  panjang ran);lurus;2/2 tb (2 lajur/2 arah tanpa batas median);40;jalan kota / kabupaten;jalan tridarma  kel. putat kec. kebomas kab. gresik;kebomas;kecelakaan ringan;nan;laki-laki;r2 (sepeda motor);0;tinggi
tabrakan dengan kendaraan parkir di kiri;1;0;0;-7,168901252;112,5670854;barat (270°);terang / jelas;cerah;arteri;i (jalan besar utk beban 10 ton & max 18 m panjang ran);lurus;4/2 tb (4 lajur/2 arah tanpa batas median);50;jalan nasional;jalan raya desa ambeng-ambeng watangrejo kecamatan duduksampeyan kabupaten gresik;duduk sampeyan;kecelakaan berat;26-45;laki-laki;medium truk;2;rendah
tabrakan dengan kendaraan parkir di kiri;0;1;0;-7,169419323;112,5833436;barat (270°);terang / jelas;cerah;arteri;i (jalan besar utk beban 10 ton & max 18 m panjang ran);lurus;2/1 (2 lajur/1 arah);40;jalan nasional;jalan raya ds banjarsari kec cerme kab gresik;cerme;kecelakaan ringan;17-25;laki-laki;r2 (sepeda motor);0;tinggi
tabrakan dengan kendaraan parkir di kiri;0;1;0;-7,288104973;112,5855819;utara (0°);terang / jelas;cerah;lokal / lingkungan;ii (jalan sedang utk beban s/d 10 ton & 12m  panjang ran);lurus;2/2 tb (2 lajur/2 arah tanpa batas median);40;jalan kota / kabupaten;jalan raya desa hulaan kecamatan menganti kabupaten gresik;menganti;kecelakaan ringan;<17;laki-laki;r2 (sepeda motor);0;tinggi
tabrakan dengan kendaraan parkir di kiri;0;1;0;-7,150134819;112,6529424;utara (0°);terang / jelas;cerah;lokal / lingkungan;ii (jalan sedang utk beban s/d 10 ton & 12m  panjang ran);lurus;2/2 tb (2 lajur/2 arah tanpa batas median);40;jalan kota / kabupaten;jalan raya sindujoyo ds. lumpur kec. gresik;gresik;kecelakaan ringan;26-45;laki-laki;r2 (sepeda motor);0;tinggi
tabrakan dengan kendaraan parkir di kiri;0;4;0;-7,311408442;112,5652452;selatan (180°);terang / jelas;cerah;kolektor;i (jalan besar utk beban 10 ton & max 18 m panjang ran);lurus;2/2 tb (2 lajur/2 arah tanpa batas median);50;jalan propinsi;jalan raya ds. kedamean kec. kedamean kab. gresik;kedamean;kecelakaan ringan;46-65;laki-laki;r2 (sepeda motor);0;tinggi
tabrakan dengan kendaraan parkir di kiri;0;1;1;-7,365164682;112,61756;barat (270°);terang / jelas;cerah;kolektor;i (jalan besar utk beban 10 ton & max 18 m panjang ran);lurus;2/2 tb (2 lajur/2 arah tanpa batas median);50;jalan propinsi;jalan raya ds. driyorejo kec. driyorejo kab. gresik;driyorejo;kecelakaan fatal;26-45;laki-laki;r2 (sepeda motor);0;tinggi
tabrakan dengan kendaraan parkir di kiri;0;1;0;-7,390638039;112,4836637;selatan (180°);gelap / sulit terlihat;cerah;lokal / lingkungan;ii (jalan sedang utk beban s/d 10 ton & 12m  panjang ran);lurus;2/2 tb (2 lajur/2 arah tanpa batas median);40;jalan kota / kabupaten;jalan raya ds. kepuhlagen kec. wringinanom kab. gresik;wringinanom;kecelakaan ringan;26-45;laki-laki;r2 (sepeda motor);1;sedang
tabrakan dengan kendaraan parkir di kiri;0;1;0;-7,129757175;112,6115783;barat (270°);terang / jelas;cerah;arteri;i (jalan besar utk beban 10 ton & max 18 m panjang ran);lurus;2/2 tb (2 lajur/2 arah tanpa batas median);50;jalan nasional;jalan raya ds. sukomulyo kec. manyar kab. gresik;manyar;kecelakaan ringan;<17;laki-laki;mini truk;0;tinggi
tabrakan dengan kendaraan parkir di kiri;0;1;0;-7,064865825;112,5753069;barat (270°);terang / jelas;cerah;lokal / lingkungan;iii (jalan kecil utk max beban 8 ton & 9 m panjang ran);lurus;2/2 tb (2 lajur/2 arah tanpa batas median);40;jalan desa;jalan umum ds. sembayat kec. manyar kab. gresik;manyar;kecelakaan ringan;<17;laki-laki;pick up;0;tinggi
tabrakan dengan kendaraan parkir di kiri;0;1;0;-7,085954353;112,5576044;timur (90°);terang / jelas;cerah;lokal / lingkungan;ii (jalan sedang utk beban s/d 10 ton & 12m  panjang ran);lurus;2/2 tb (2 lajur/2 arah tanpa batas median);50;jalan kota / kabupaten;jalan raya ds. betoyo kec. manyar kab. gresik;manyar;kecelakaan ringan;26-45;laki-laki;mini bus;0;tinggi
tabrakan dengan kendaraan parkir di kiri;0;1;0;-7,356684372;112,5540889;barat (270°);gelap / sulit terlihat;cerah;lokal / lingkungan;ii (jalan sedang utk beban s/d 10 ton & 12m  panjang ran);lurus;2/2 tb (2 lajur/2 arah tanpa batas median);50;jalan kota / kabupaten;jalan raya ds. banyuurip kec. kedamean kab. gresik;kedamean;kecelakaan ringan;26-45;laki-laki;r3 (bentor / bajaj / bemo);0;tinggi
tabrakan dengan kendaraan parkir di kiri;0;1;0;-7,080464261;112,5720115;barat (270°);terang / jelas;cerah;arteri;i (jalan besar utk beban 10 ton & max 18 m panjang ran);lurus;2/2 tb (2 lajur/2 arah tanpa batas median);40;jalan nasional;jalan raya ds. betoyoguci kec. manyar kab. gresik;manyar;kecelakaan ringan;<17;laki-laki;r2 (sepeda motor);0;tinggi
tabrakan dengan kendaraan parkir di kiri;0;1;0;-7,178206817;112,5812746;utara (0°);gelap / sulit terlihat;cerah;arteri;i (jalan besar utk beban 10 ton & max 18 m panjang ran);lurus;2/2 tb (2 lajur/2 arah tanpa batas median);40;jalan nasional;jalan raya ds. banjarsari kec. cerme kab. gresik;cerme;kecelakaan ringan;26-45;laki-laki;truk berat / tronton;0;tinggi
tabrakan dengan kendaraan parkir di kiri;0;2;0;-6,990047079;112,5620319;barat (270°);gelap / sulit terlihat;cerah;lokal / lingkungan;ii (jalan sedang utk beban s/d 10 ton & 12m  panjang ran);lurus;2/2 tb (2 lajur/2 arah tanpa batas median);40;jalan kota / kabupaten;jalan raya ds. bunderan kec. sidayu kab. gresik;sidayu;kecelakaan ringan;46-65;laki-laki;r2 (sepeda motor);0;tinggi
tabrakan dengan kendaraan parkir di kiri;0;1;0;-7,152113558;112,5161637;timur (90°);terang / jelas;cerah;arteri;i (jalan besar utk beban 10 ton & max 18 m panjang ran);lurus;2/2 tb (2 lajur/2 arah tanpa batas median);50;jalan nasional;jalan raya ds. duduksampeyan kec. duduksampeyan kab. gresik;duduk sampeyan;kecelakaan ringan;<17;laki-laki;mini truk;1;sedang
tabrakan dengan kendaraan parkir di kiri;0;1;0;-7,297537632;112,5642725;timur (90°);terang / jelas;cerah;kolektor;i (jalan besar utk beban 10 ton & max 18 m panjang ran);lurus;2/2 tb (2 lajur/2 arah tanpa batas median);50;jalan propinsi;jalan raya ds. bringkang kec. menganti kab. gresik;menganti;kecelakaan ringan;<17;laki-laki;r2 (sepeda motor);0;tinggi
tabrakan dengan kendaraan parkir di kiri;1;0;0;-7,171493515;112,5841821;selatan (180°);terang / jelas;cerah;arteri;i (jalan besar utk beban 10 ton & max 18 m panjang ran);lurus;2/2 tb (2 lajur/2 arah tanpa batas median);40;jalan nasional;jalan raya ds. banjarsari kec. cerme kab. gresik;cerme;kecelakaan fatal;26-45;laki-laki;r2 (sepeda motor);2;rendah
tabrakan dengan kendaraan parkir di kiri;0;1;0;-7,190918982;112,6307637;selatan (180°);terang / jelas;cerah;lokal / lingkungan;ii (jalan sedang utk beban s/d 10 ton & 12m  panjang ran);lurus;2/2 tb (2 lajur/2 arah tanpa batas median);50;jalan kota / kabupaten;jalan raya mayjend sungkono ds. gulomantung kec. kebomas kab. gresik;kebomas;kecelakaan ringan;nan;perempuan;r2 (sepeda motor);0;tinggi
tabrakan dengan kendaraan parkir di kiri;0;1;0;-7,15600208;112,5233525;timur (90°);terang / jelas;cerah;arteri;i (jalan besar utk beban 10 ton & max 18 m panjang ran);lurus;4/2 b (4 lajur/2 arah dengan batas median);50;jalan nasional;jalan raya ds. duduksampeyan kec. duduksampeyan kab. gresik;duduk sampeyan;kecelakaan ringan;46-65;laki-laki;truk berat / tronton;1;sedang
tabrakan dengan kendaraan parkir di kiri;0;1;0;-7,135144494;112,6158864;timur (90°);terang / jelas;cerah;arteri;i (jalan besar utk beban 10 ton & max 18 m panjang ran);lurus;2/2 tb (2 lajur/2 arah tanpa batas median);40;jalan nasional;jalan raya ds. sukomulyo kec. manyar kab. gresik;manyar;kecelakaan ringan;nan;laki-laki;r2 (sepeda motor);0;tinggi
tabrakan dengan kendaraan parkir di kiri;0;1;0;-7,223580603;112,5325815;timur (90°);terang / jelas;cerah;lokal / lingkungan;iii (jalan kecil utk max beban 8 ton & 9 m panjang ran);lurus;2/2 tb (2 lajur/2 arah tanpa batas median);40;jalan desa;jalan umum ds. dungus kec. cerme kab. gresik;cerme;kecelakaan ringan;46-65;laki-laki;sepeda angin;1;sedang
tabrakan dengan kendaraan parkir di kiri;0;1;0;-7,144768328;112,5031445;barat (270°);terang / jelas;cerah;arteri;i (jalan besar utk beban 10 ton & max 18 m panjang ran);lurus;4/2 b (4 lajur/2 arah dengan batas median);50;jalan nasional;jalan raya desa tambakrejo kecamatan duduksampeyan kabupaten gresik;duduk sampeyan;kecelakaan fatal;26-45;laki-laki;r2 (sepeda motor);1;sedang
tabrakan dengan kendaraan parkir di kiri;1;0;0;-7,146110227;112,6327675;timur (90°);terang / jelas;cerah;lokal / lingkungan;ii (jalan sedang utk beban s/d 10 ton & 12m  panjang ran);lurus;2/2 tb (2 lajur/2 arah tanpa batas median);40;jalan kota / kabupaten;jalan raya desa roomo kecamatan manyar kabupaten gresik;manyar;kecelakaan berat;46-65;laki-laki;r2 (sepeda motor);2;rendah
tabrakan dengan kendaraan parkir di kiri;0;1;0;-7,020870777;112,5684432;selatan (180°);terang / jelas;cerah;arteri;i (jalan besar utk beban 10 ton & max 18 m panjang ran);lurus;2/2 tb (2 lajur/2 arah tanpa batas median);40;jalan nasional;jalan raya desa kemangi kecamatan bungah kabupaten gresik;bungah;kecelakaan ringan;46-65;laki-laki;truk berat / tronton;0;tinggi
tabrakan dengan kendaraan parkir di kiri;0;1;0;-7,343016165;112,6374938;selatan (180°);terang / jelas;cerah;lokal / lingkungan;ii (jalan sedang utk beban s/d 10 ton & 12m  panjang ran);lurus;2/2 tb (2 lajur/2 arah tanpa batas median);40;jalan kota / kabupaten;jalan raya desa petiken kecamatan driyorejo kabupaten gresik;driyorejo;kecelakaan ringan;26-45;laki-laki;r3 (bentor / bajaj / bemo);0;tinggi
tabrakan dengan kendaraan parkir di kiri;0;1;0;-6,955770471;112,4259144;utara (0°);terang / jelas;cerah;lokal / lingkungan;iii (jalan kecil utk max beban 8 ton & 9 m panjang ran);lurus;2/2 tb (2 lajur/2 arah tanpa batas median);50;jalan desa;jalan umum ds. lowayu kec. dukun kab. gresik;dukun;kecelakaan ringan;46-65;perempuan;r2 (sepeda motor);1;sedang
tabrakan dengan kendaraan parkir di kiri;0;1;0;-7,22172019;112,4692383;timur (90°);gelap / sulit terlihat;cerah;lokal / lingkungan;ii (jalan sedang utk beban s/d 10 ton & 12m  panjang ran);lurus;2/2 tb (2 lajur/2 arah tanpa batas median);50;jalan kota / kabupaten;jalan raya ds. ngasin kec. balongpanggang kab. gresik;balongpanggang;kecelakaan ringan;<17;laki-laki;mini truk;1;sedang
tabrakan dengan kendaraan parkir di kiri;1;0;0;-7,241646794;112,5937509;barat (270°);terang / jelas;cerah;kolektor;i (jalan besar utk beban 10 ton & max 18 m panjang ran);lurus;2/2 tb (2 lajur/2 arah tanpa batas median);40;jalan propinsi;jalan raya ds. kepatihan kec. menganti kab. gresik;menganti;kecelakaan berat;46-65;laki-laki;mini truk;2;rendah
tabrakan dengan kendaraan parkir di kiri;0;1;0;-7,304592813;112,4301951;selatan (180°);terang / jelas;cerah;lokal / lingkungan;ii (jalan sedang utk beban s/d 10 ton & 12m  panjang ran);lurus;2/2 tb (2 lajur/2 arah tanpa batas median);50;jalan kota / kabupaten;jalan raya ds. dapet kec. balongpanggang kab. gresik;balongpanggang;kecelakaan ringan;46-65;laki-laki;mini bus;1;sedang
tabrakan dengan kendaraan parkir di kiri;0;1;0;-7,146301447;112,6330892;barat (270°);terang / jelas;cerah;lokal / lingkungan;ii (jalan sedang utk beban s/d 10 ton & 12m  panjang ran);lurus;2/2 tb (2 lajur/2 arah tanpa batas median);40;jalan kota / kabupaten;jalan raya ds. roomo kec. manyar kab. gresik;manyar;kecelakaan ringan;26-45;laki-laki;trailer 20 feet;0;tinggi
di ruas jalan, pejalan kaki menyeberang dari kanan ke kiri;0;1;0;-7,247902582;112,5000293;selatan (180°);terang / jelas;cerah;lokal / lingkungan;ii (jalan sedang utk beban s/d 10 ton & 12m  panjang ran);lurus;2/2 tb (2 lajur/2 arah tanpa batas median);50;jalan kota / kabupaten;jalan raya ds. klampok kec. benjeng kab. gresik;benjeng;kecelakaan ringan;nan;laki-laki;pick up;1;sedang
di ruas jalan, pejalan kaki menyeberang dari kanan ke kiri;0;1;0;-7,167343781;112,6022914;barat (270°);terang / jelas;cerah;lokal / lingkungan;ii (jalan sedang utk beban s/d 10 ton & 12m  panjang ran);lurus;4/2 b (4 lajur/2 arah dengan batas median);40;jalan kota / kabupaten;jalan raya dr. wahidin sudirohusodo  ds. kembangan kec. kebomas kab. gresik;kebomas;kecelakaan ringan;26-45;perempuan;r2 (sepeda motor);0;tinggi
di ruas jalan, pejalan kaki menyeberang dari kanan ke kiri;0;1;0;-7,218473771;112,5567028;timur (90°);terang / jelas;cerah;lokal / lingkungan;ii (jalan sedang utk beban s/d 10 ton & 12m  panjang ran);lurus;2/2 tb (2 lajur/2 arah tanpa batas median);40;jalan kota / kabupaten;jalan raya ds. wedani kec. cerme kab. gresik;cerme;kecelakaan ringan;17-25;laki-laki;r2 (sepeda motor);0;tinggi
di ruas jalan, pejalan kaki menyeberang dari kanan ke kiri;0;2;0;-7,223720699;112,5405211;barat (270°);terang / jelas;cerah;lokal / lingkungan;ii (jalan sedang utk beban s/d 10 ton & 12m  panjang ran);lurus;2/2 tb (2 lajur/2 arah tanpa batas median);50;jalan kota / kabupaten;jalan raya ds. dungus kec. cerme kab. gresik;cerme;kecelakaan ringan;26-45;laki-laki;r2 (sepeda motor);1;sedang
di ruas jalan, pejalan kaki menyeberang dari kanan ke kiri;1;0;0;-7,167882152;112,5952133;utara (0°);terang / jelas;cerah;arteri;i (jalan besar utk beban 10 ton & max 18 m panjang ran);lurus;4/2 b (4 lajur/2 arah dengan batas median);40;jalan nasional;jalan raya dr. wahidin sudirohusodo  ds. dahanrejo kec. kebomas kab. gresik;kebomas;kecelakaan berat;<17;laki-laki;mini truk;2;rendah
di ruas jalan, pejalan kaki menyeberang dari kanan ke kiri;0;1;0;-7,001765732;112,4733433;barat (270°);terang / jelas;cerah;lokal / lingkungan;iii (jalan kecil utk max beban 8 ton & 9 m panjang ran);lurus;2/2 tb (2 lajur/2 arah tanpa batas median);40;jalan desa;jalan umum ds. sekargadung kec. dukun kab. gresik;dukun;kecelakaan ringan;<17;laki-laki;r2 (sepeda motor);1;sedang
di ruas jalan, pejalan kaki menyeberang dari kanan ke kiri;0;2;0;-7,219288563;112,5025354;utara (0°);terang / jelas;cerah;lokal / lingkungan;ii (jalan sedang utk beban s/d 10 ton & 12m  panjang ran);lurus;2/2 tb (2 lajur/2 arah tanpa batas median);40;jalan kota / kabupaten;jalan raya ds. metatu kec. benjeng kab. gresik;benjeng;kecelakaan ringan;26-45;laki-laki;r2 (sepeda motor);1;sedang
di ruas jalan, pejalan kaki menyeberang dari kanan ke kiri;0;1;0;-7,160426697;112,6470221;utara (0°);terang / jelas;cerah;lokal / lingkungan;ii (jalan sedang utk beban s/d 10 ton & 12m  panjang ran);lurus;2/2 tb (2 lajur/2 arah tanpa batas median);50;jalan kota / kabupaten;jalan raya usman sadar kel. karang turi kec. gresik;gresik;kecelakaan ringan;46-65;laki-laki;mini bus;0;tinggi
di ruas jalan, pejalan kaki menyeberang dari kanan ke kiri;0;2;0;-7,238580218;112,5636612;utara (0°);terang / jelas;cerah;kolektor;i (jalan besar utk beban 10 ton & max 18 m panjang ran);lurus;2/2 tb (2 lajur/2 arah tanpa batas median);40;jalan propinsi;jalan raya ds. cerme kidul kec. cerme kab. gresik;cerme;kecelakaan ringan;26-45;laki-laki;r2 (sepeda motor);0;tinggi
di ruas jalan, pejalan kaki menyeberang dari kanan ke kiri;0;1;0;-7,055709853;112,5789625;timur (90°);gelap / sulit terlihat;cerah;lokal / lingkungan;ii (jalan sedang utk beban s/d 10 ton & 12m  panjang ran);lurus;2/2 tb (2 lajur/2 arah tanpa batas median);50;jalan kota / kabupaten;jalan raya desa sukorejo kecamatan bungah kabupaten gresik;bungah;kecelakaan ringan;<17;laki-laki;r2 (sepeda motor);0;tinggi
di ruas jalan, pejalan kaki menyeberang dari kanan ke kiri;0;2;0;-7,352554443;112,6070126;barat (270°);terang / jelas;cerah;lokal / lingkungan;iii (jalan kecil utk max beban 8 ton & 9 m panjang ran);lurus;2/2 tb (2 lajur/2 arah tanpa batas median);40;jalan desa;jalan umum desa kesamben wetan kecamatan driyorejo kabupaten gresik;driyorejo;kecelakaan ringan;17-25;perempuan;r2 (sepeda motor);0;tinggi
di ruas jalan, pejalan kaki menyeberang dari kanan ke kiri;0;2;0;-7,166366143;112,5601834;timur (90°);terang / jelas;cerah;arteri;i (jalan besar utk beban 10 ton & max 18 m panjang ran);lurus;4/2 b (4 lajur/2 arah dengan batas median);50;jalan nasional;jalan raya desa ambeng-ambeng kecamatan duduksampeyan kabupaten gresik;duduk sampeyan;kecelakaan ringan;26-45;laki-laki;r2 (sepeda motor);0;tinggi
di ruas jalan, pejalan kaki menyeberang dari kanan ke kiri;0;1;0;-7,128706642;112,6101523;selatan (180°);terang / jelas;cerah;lokal / lingkungan;ii (jalan sedang utk beban s/d 10 ton & 12m  panjang ran);lurus;2/2 tb (2 lajur/2 arah tanpa batas median);50;jalan kota / kabupaten;jalan raya ds. pongangan kec. manyar kab. gresik;manyar;kecelakaan ringan;<17;laki-laki;r2 (sepeda motor);0;tinggi
di ruas jalan, pejalan kaki menyeberang dari kanan ke kiri;0;1;0;-7,106144229;112,591258;barat (270°);terang / jelas;cerah;arteri;i (jalan besar utk beban 10 ton & max 18 m panjang ran);lurus;2/2 tb (2 lajur/2 arah tanpa batas median);50;jalan nasional;jalan raya ds. manyarejo kec. manyar kab. gresik;manyar;kecelakaan ringan;<17;perempuan;r2 (sepeda motor);0;tinggi
di ruas jalan, pejalan kaki menyeberang dari kanan ke kiri;0;2;0;-7,361597645;112,5208896;selatan (180°);terang / jelas;cerah;lokal / lingkungan;iii (jalan kecil utk max beban 8 ton & 9 m panjang ran);lurus;2/2 tb (2 lajur/2 arah tanpa batas median);40;jalan desa;jalan umum ds. pedagangan kec. wringinanom kab. gresik;wringinanom;kecelakaan ringan;17-25;laki-laki;r2 (sepeda motor);1;sedang
di ruas jalan, pejalan kaki menyeberang dari kanan ke kiri;0;1;0;-7,369720502;112,5974615;barat (270°);terang / jelas;cerah;lokal / lingkungan;ii (jalan sedang utk beban s/d 10 ton & 12m  panjang ran);lurus;2/2 tb (2 lajur/2 arah tanpa batas median);40;jalan kota / kabupaten;jalan raya desa driyorejo kecamatan driyorejo kabupaten gresik;driyorejo;kecelakaan ringan;26-45;laki-laki;r2 (sepeda motor);0;tinggi
di ruas jalan, pejalan kaki menyeberang dari kanan ke kiri;0;1;0;-7,153365536;112,5183856;timur (90°);terang / jelas;cerah;arteri;i (jalan besar utk beban 10 ton & max 18 m panjang ran);lurus;4/2 b (4 lajur/2 arah dengan batas median);50;jalan nasional;jalan raya ds. duduksampeyan kec. duduksampeyan kab. gresik;duduk sampeyan;kecelakaan ringan;17-25;laki-laki;r2 (sepeda motor);1;sedang
di ruas jalan, pejalan kaki menyeberang dari kanan ke kiri;0;2;0;-7,326115235;112,5768843;utara (0°);terang / jelas;cerah;lokal / lingkungan;iii (jalan kecil utk max beban 8 ton & 9 m panjang ran);lurus;2/2 tb (2 lajur/2 arah tanpa batas median);40;jalan desa;jalan umum ds. ngepung kec. kedamean kab. gresik;kedamean;kecelakaan ringan;17-25;perempuan;r2 (sepeda motor);0;tinggi
di ruas jalan, pejalan kaki menyeberang dari kanan ke kiri;0;1;0;-7,160440356;112,5315423;timur (90°);terang / jelas;cerah;arteri;i (jalan besar utk beban 10 ton & max 18 m panjang ran);lurus;4/2 b (4 lajur/2 arah dengan batas median);50;jalan nasional;jalan raya ds. samirplapan kec. duduksampeyan kab. gresik;duduk sampeyan;kecelakaan ringan;26-45;laki-laki;r2 (sepeda motor);1;sedang
di ruas jalan, pejalan kaki menyeberang dari kanan ke kiri;0;1;0;-7,066203811;112,5757974;utara (0°);gelap / sulit terlihat;cerah;arteri;i (jalan besar utk beban 10 ton & max 18 m panjang ran);lurus;2/2 tb (2 lajur/2 arah tanpa batas median);40;jalan nasional;jalan raya ds. sembayat kec. manyar kab. gresik;manyar;kecelakaan ringan;<17;laki-laki;r2 (sepeda motor);0;tinggi
di ruas jalan, pejalan kaki menyeberang dari kanan ke kiri;0;1;0;-7,265210411;112,4762286;barat (270°);terang / jelas;cerah;lokal / lingkungan;ii (jalan sedang utk beban s/d 10 ton & 12m  panjang ran);lurus;2/2 tb (2 lajur/2 arah tanpa batas median);40;jalan kota / kabupaten;jalan raya ds. kedungrukem kec. benjeng kab. gresik;benjeng;kecelakaan ringan;<17;laki-laki;r2 (sepeda motor);1;sedang
di ruas jalan, pejalan kaki menyeberang dari kanan ke kiri;0;1;0;-7,154284982;112,520276;barat (270°);terang / jelas;cerah;arteri;i (jalan besar utk beban 10 ton & max 18 m panjang ran);lurus;2/2 tb (2 lajur/2 arah tanpa batas median);40;jalan nasional;jalan raya duduksampeyan kec duduksampeyan  kab. gresik;duduk sampeyan;kecelakaan ringan;nan;laki-laki;r2 (sepeda motor);1;sedang
di ruas jalan, pejalan kaki menyeberang dari kanan ke kiri;0;2;0;-7,167216188;112,6032357;barat (270°);terang / jelas;cerah;lokal / lingkungan;ii (jalan sedang utk beban s/d 10 ton & 12m  panjang ran);lurus;4/2 b (4 lajur/2 arah dengan batas median);40;jalan kota / kabupaten;jalan raya dr. wahidin sudirohusodo  kel. kembangan kec. kebomas kab. gresik;kebomas;kecelakaan ringan;17-25;laki-laki;r2 (sepeda motor);0;tinggi
di ruas jalan, pejalan kaki menyeberang dari kanan ke kiri;0;1;0;-7,010091047;112,5184135;timur (90°);terang / jelas;cerah;lokal / lingkungan;ii (jalan sedang utk beban s/d 10 ton & 12m  panjang ran);lurus;2/2 tb (2 lajur/2 arah tanpa batas median);40;jalan kota / kabupaten;jalan raya ds. padang bandung kec. dukun kab. gresik;dukun;kecelakaan ringan;26-45;laki-laki;r2 (sepeda motor);1;sedang
di ruas jalan, pejalan kaki menyeberang dari kanan ke kiri;0;1;0;-7,159245497;112,6550402;selatan (180°);terang / jelas;cerah;lokal / lingkungan;ii (jalan sedang utk beban s/d 10 ton & 12m  panjang ran);lurus;2/2 tb (2 lajur/2 arah tanpa batas median);50;jalan kota / kabupaten;jalan raya pahlawan kel. tlogobendung kec. gresik;gresik;kecelakaan ringan;17-25;laki-laki;r2 (sepeda motor);0;tinggi
di ruas jalan, pejalan kaki menyeberang dari kanan ke kiri;0;1;0;-7,406414211;112,5009526;barat (270°);terang / jelas;cerah;lokal / lingkungan;ii (jalan sedang utk beban s/d 10 ton & 12m  panjang ran);lurus;2/2 tb (2 lajur/2 arah tanpa batas median);40;jalan kota / kabupaten;jalan raya ds. kedunganyar kec. wringinanom kab. gresik;wringinanom;kecelakaan ringan;nan;perempuan;r2 (sepeda motor);1;sedang
di ruas jalan, pejalan kaki menyeberang dari kanan ke kiri;0;1;0;-7,152454663;112,6505719;barat (270°);terang / jelas;cerah;lokal / lingkungan;ii (jalan sedang utk beban s/d 10 ton & 12m  panjang ran);lurus;2/1 (2 lajur/1 arah);40;jalan kota / kabupaten;jalan raya gubernur suryo ds. lumpur kec. gresik;gresik;kecelakaan ringan;26-45;laki-laki;r2 (sepeda motor);0;tinggi
di ruas jalan, pejalan kaki menyeberang dari kanan ke kiri;0;2;0;-7,295426277;112,5968158;barat (270°);terang / jelas;cerah;lokal / lingkungan;ii (jalan sedang utk beban s/d 10 ton & 12m  panjang ran);lurus;2/2 tb (2 lajur/2 arah tanpa batas median);40;jalan kota / kabupaten;jalan raya balongdinding ds. sidowungu kec. menganti kab. gresik;menganti;kecelakaan ringan;26-45;laki-laki;r2 (sepeda motor);0;tinggi
di ruas jalan, pejalan kaki menyeberang dari kanan ke kiri;0;1;0;-7,140122282;112,4951089;barat (270°);terang / jelas;cerah;arteri;i (jalan besar utk beban 10 ton & max 18 m panjang ran);lurus;4/2 b (4 lajur/2 arah dengan batas median);50;jalan nasional;jalan raya ds. tumapel kec. duduksampeyan kab. gresik;duduk sampeyan;kecelakaan ringan;17-25;laki-laki;r2 (sepeda motor);1;sedang
di ruas jalan, pejalan kaki menyeberang dari kanan ke kiri;0;1;0;-7,14137099;112,6042799;timur (90°);terang / jelas;cerah;lokal / lingkungan;ii (jalan sedang utk beban s/d 10 ton & 12m  panjang ran);lurus;2/2 tb (2 lajur/2 arah tanpa batas median);40;jalan kota / kabupaten;jalan kyai h. syafii kel. pongangan kec. manyar kab. gresik;manyar;kecelakaan ringan;<17;laki-laki;r2 (sepeda motor);0;tinggi
di ruas jalan, pejalan kaki menyeberang dari kanan ke kiri;0;2;0;-7,234811799;112,5647126;selatan (180°);terang / jelas;cerah;kolektor;i (jalan besar utk beban 10 ton & max 18 m panjang ran);lurus;2/2 tb (2 lajur/2 arah tanpa batas median);40;jalan propinsi;jalan raya ds. cerme kidul kec. cerme kab. gresik;cerme;kecelakaan ringan;17-25;perempuan;r2 (sepeda motor);0;tinggi
di ruas jalan, pejalan kaki menyeberang dari kanan ke kiri;0;1;0;-7,265131316;112,4772172;timur (90°);terang / jelas;cerah;lokal / lingkungan;ii (jalan sedang utk beban s/d 10 ton & 12m  panjang ran);lurus;2/2 tb (2 lajur/2 arah tanpa batas median);50;jalan kota / kabupaten;jalan raya ds. kedungrukem kec. benjeng kab. gresik;benjeng;kecelakaan ringan;17-25;laki-laki;r2 (sepeda motor);1;sedang
di ruas jalan, pejalan kaki menyeberang dari kanan ke kiri;0;1;0;-7,15789174;112,6536497;timur (90°);terang / jelas;cerah;lokal / lingkungan;ii (jalan sedang utk beban s/d 10 ton & 12m  panjang ran);lurus;2/2 tb (2 lajur/2 arah tanpa batas median);40;jalan kota / kabupaten;jalan mh. thamrin kel. tlogobendung kec. gresik;gresik;kecelakaan ringan;nan;laki-laki;r2 (sepeda motor);0;tinggi
di ruas jalan, pejalan kaki menyeberang dari kanan ke kiri;0;1;0;-7,263436559;112,4953786;timur (90°);terang / jelas;cerah;lokal / lingkungan;ii (jalan sedang utk beban s/d 10 ton & 12m  panjang ran);lurus;2/2 tb (2 lajur/2 arah tanpa batas median);50;jalan kota / kabupaten;jalan raya ds. bulurejo kec. benjeng kab. gresik;benjeng;kecelakaan ringan;26-45;laki-laki;r2 (sepeda motor);1;sedang
di ruas jalan, pejalan kaki menyeberang dari kanan ke kiri;0;1;0;-6,926314976;112,4668482;timur (90°);terang / jelas;cerah;arteri;i (jalan besar utk beban 10 ton & max 18 m panjang ran);lurus;2/2 tb (2 lajur/2 arah tanpa batas median);40;jalan nasional;jalan raya ds. surowiti kec. panceng kab. gresik;panceng;kecelakaan ringan;17-25;laki-laki;r2 (sepeda motor);1;sedang
di ruas jalan, pejalan kaki menyeberang dari kanan ke kiri;0;1;0;-7,150126272;112,6576307;timur (90°);terang / jelas;cerah;lokal / lingkungan;ii (jalan sedang utk beban s/d 10 ton & 12m  panjang ran);lurus;2/2 tb (2 lajur/2 arah tanpa batas median);40;jalan kota / kabupaten;jalan martadinata kel. pekeling kec. gresik;gresik;kecelakaan ringan;26-45;laki-laki;r2 (sepeda motor);0;tinggi
di ruas jalan, pejalan kaki menyeberang dari kanan ke kiri;0;2;0;-7,173679545;112,5835519;selatan (180°);terang / jelas;cerah;arteri;i (jalan besar utk beban 10 ton & max 18 m panjang ran);lurus;2/2 tb (2 lajur/2 arah tanpa batas median);40;jalan nasional;jalan raya ds. banjarsari kec. cerme kab. gresik;cerme;kecelakaan ringan;17-25;perempuan;r2 (sepeda motor);0;tinggi
di ruas jalan, pejalan kaki menyeberang dari kanan ke kiri;0;1;0;-7,169629665;112,6612482;utara (0°);terang / jelas;cerah;lokal / lingkungan;ii (jalan sedang utk beban s/d 10 ton & 12m  panjang ran);lurus;2/2 tb (2 lajur/2 arah tanpa batas median);50;jalan kota / kabupaten;jalan raya harun tohir kelurahan pulopancikan kecamatan gresik;gresik;kecelakaan ringan;46-65;laki-laki;r2 (sepeda motor);0;tinggi
tabrakan dengan kendaraan menyebrang dari sisi kiri jalan;0;1;0;-7,369521125;112,5985268;selatan (180°);terang / jelas;cerah;lokal / lingkungan;ii (jalan sedang utk beban s/d 10 ton & 12m  panjang ran);lurus;2/2 tb (2 lajur/2 arah tanpa batas median);40;jalan kota / kabupaten;jalan raya ds. semambung kec. driyorejo kab. gresik;driyorejo;kecelakaan ringan;26-45;laki-laki;r2 (sepeda motor);0;tinggi
tabrakan dengan kendaraan menyebrang dari sisi kiri jalan;0;1;0;-7,257303756;112,5162478;utara (0°);terang / jelas;cerah;lokal / lingkungan;ii (jalan sedang utk beban s/d 10 ton & 12m  panjang ran);lurus;2/2 tb (2 lajur/2 arah tanpa batas median);40;jalan kota / kabupaten;jalan raya ds. dadapkuning kec. cerme kab. gresik;cerme;kecelakaan ringan;nan;laki-laki;r2 (sepeda motor);1;sedang
tabrakan dengan kendaraan menyebrang dari sisi kiri jalan;0;1;0;-7,265451144;112,4734065;selatan (180°);terang / jelas;cerah;lokal / lingkungan;ii (jalan sedang utk beban s/d 10 ton & 12m  panjang ran);lurus;2/2 tb (2 lajur/2 arah tanpa batas median);40;jalan kota / kabupaten;jalan raya desa kedungrukem kecamatan benjeng kabupaten gresik;benjeng;kecelakaan ringan;46-65;laki-laki;r2 (sepeda motor);1;sedang
tabrakan dengan kendaraan menyebrang dari sisi kiri jalan;0;2;0;-7,257911899;112,5142457;utara (0°);gelap / sulit terlihat;cerah;lokal / lingkungan;ii (jalan sedang utk beban s/d 10 ton & 12m  panjang ran);lurus;2/2 tb (2 lajur/2 arah tanpa batas median);40;jalan kota / kabupaten;jalan raya desa dadapkuning kecamatan cerme kabupaten gresik;cerme;kecelakaan ringan;17-25;laki-laki;r2 (sepeda motor);1;sedang
tabrakan dengan kendaraan menyebrang dari sisi kiri jalan;0;2;0;-7,252410914;112,4996387;timur (90°);terang / jelas;cerah;lokal / lingkungan;ii (jalan sedang utk beban s/d 10 ton & 12m  panjang ran);lurus;2/2 tb (2 lajur/2 arah tanpa batas median);40;jalan kota / kabupaten;jalan raya ds. klampok kec. benjeng kab. gresik;benjeng;kecelakaan ringan;46-65;perempuan;r2 (sepeda motor);1;sedang
tabrakan dengan kendaraan menyebrang dari sisi kiri jalan;0;2;0;-7,380369895;112,5114783;utara (0°);terang / jelas;cerah;lokal / lingkungan;ii (jalan sedang utk beban s/d 10 ton & 12m  panjang ran);lurus;2/2 tb (2 lajur/2 arah tanpa batas median);40;jalan kota / kabupaten;jalan raya desa sumberrame kecamatan wringinanom kabupaten gresik;wringinanom;kecelakaan ringan;46-65;laki-laki;r2 (sepeda motor);1;sedang
tabrakan dengan kendaraan menyebrang dari sisi kiri jalan;0;2;0;-7,28455926;112,5637962;timur (90°);terang / jelas;cerah;kolektor;i (jalan besar utk beban 10 ton & max 18 m panjang ran);lurus;2/2 tb (2 lajur/2 arah tanpa batas median);40;jalan propinsi;jalan raya ds. domas kec. menganti kab. gresik;menganti;kecelakaan ringan;<17;perempuan;r2 (sepeda motor);0;tinggi
tabrakan dengan kendaraan menyebrang dari sisi kiri jalan;0;1;0;-7,131596961;112,612805;timur (90°);terang / jelas;cerah;lokal / lingkungan;ii (jalan sedang utk beban s/d 10 ton & 12m  panjang ran);lurus;2/2 tb (2 lajur/2 arah tanpa batas median);40;jalan kota / kabupaten;jalan raya ds. sukomulyo kec. manyar kab. gresik;manyar;kecelakaan ringan;17-25;laki-laki;r2 (sepeda motor);0;tinggi
tabrakan dengan kendaraan menyebrang dari sisi kiri jalan;0;1;0;-7,160850807;112,6227006;utara (0°);terang / jelas;cerah;lokal / lingkungan;ii (jalan sedang utk beban s/d 10 ton & 12m  panjang ran);lurus;4/2 b (4 lajur/2 arah dengan batas median);40;jalan kota / kabupaten;jalan raya dr. wahidin sudirohusodo  kelurahan randuagung kecamatan kebomas kabupaten gresik;kebomas;kecelakaan ringan;17-25;perempuan;r2 (sepeda motor);0;tinggi
tabrakan dengan kendaraan menyebrang dari sisi kiri jalan;0;3;0;-7,370783171;112,5875355;selatan (180°);terang / jelas;cerah;lokal / lingkungan;ii (jalan sedang utk beban s/d 10 ton & 12m  panjang ran);lurus;2/2 tb (2 lajur/2 arah tanpa batas median);50;jalan kota / kabupaten;jalan raya desa krikilan kecamatan driyorejo kabupaten gresik;driyorejo;kecelakaan ringan;17-25;perempuan;r2 (sepeda motor);0;tinggi
tabrakan dengan kendaraan menyebrang dari sisi kiri jalan;0;1;0;-7,349181982;112,4936431;barat (270°);terang / jelas;cerah;lokal / lingkungan;iii (jalan kecil utk max beban 8 ton & 9 m panjang ran);lurus;2/2 tb (2 lajur/2 arah tanpa batas median);40;jalan desa;jalan umum ds. kesamben kulon kec. wringinanom kab. gresik;wringinanom;kecelakaan ringan;46-65;perempuan;r2 (sepeda motor);1;sedang
tabrakan dengan kendaraan menyebrang dari sisi kiri jalan;0;3;0;-7,1652079;112,5508168;utara (0°);terang / jelas;cerah;arteri;i (jalan besar utk beban 10 ton & max 18 m panjang ran);lurus;2/2 tb (2 lajur/2 arah tanpa batas median);40;jalan nasional;jalan raya ds. tebaloan kec. duduksampeyan kab. gresik;duduk sampeyan;kecelakaan ringan;17-25;laki-laki;r2 (sepeda motor);0;tinggi
tabrakan dengan kendaraan menyebrang dari sisi kiri jalan;0;1;0;-7,13896859;112,4917282;selatan (180°);terang / jelas;cerah;lokal / lingkungan;ii (jalan sedang utk beban s/d 10 ton & 12m  panjang ran);lurus;2/2 tb (2 lajur/2 arah tanpa batas median);40;jalan kota / kabupaten;jalan raya ds. tambakrejo kec. duduk sampeyan kab. gresik;duduk sampeyan;kecelakaan ringan;<17;perempuan;r2 (sepeda motor);1;sedang
tabrakan dengan kendaraan menyebrang dari sisi kiri jalan;0;2;0;-7,290577754;112,5652082;selatan (180°);terang / jelas;cerah;lokal / lingkungan;ii (jalan sedang utk beban s/d 10 ton & 12m  panjang ran);lurus;2/2 tb (2 lajur/2 arah tanpa batas median);50;jalan kota / kabupaten;jalan raya ds. bringkang kec. menganti kab. gresik;menganti;kecelakaan ringan;nan;laki-laki;r2 (sepeda motor);0;tinggi
tabrakan dengan kendaraan menyebrang dari sisi kiri jalan;0;2;0;-7,159631939;112,6183887;barat (270°);terang / jelas;cerah;lokal / lingkungan;ii (jalan sedang utk beban s/d 10 ton & 12m  panjang ran);lurus;2/2 tb (2 lajur/2 arah tanpa batas median);40;jalan kota / kabupaten;jalan raya dr. wahidin sudirohusodo  ds. randuagung kec. kebomas kab. gresik;kebomas;kecelakaan ringan;46-65;laki-laki;r2 (sepeda motor);0;tinggi
tabrakan dengan kendaraan menyebrang dari sisi kiri jalan;0;2;0;-7,349438474;112,5084633;utara (0°);terang / jelas;cerah;lokal / lingkungan;ii (jalan sedang utk beban s/d 10 ton & 12m  panjang ran);lurus;2/2 tb (2 lajur/2 arah tanpa batas median);40;jalan kota / kabupaten;jalan raya ds. sooko kec. wringinanom kab. gresik;wringinanom;kecelakaan ringan;<17;laki-laki;r2 (sepeda motor);1;sedang
tabrakan dengan kendaraan menyebrang dari sisi kiri jalan;0;2;0;-7,254916687;112,5301625;selatan (180°);terang / jelas;cerah;lokal / lingkungan;ii (jalan sedang utk beban s/d 10 ton & 12m  panjang ran);lurus;2/2 tb (2 lajur/2 arah tanpa batas median);50;jalan kota / kabupaten;jalan raya ds. ngembung kec. cerme kab. gresik;cerme;kecelakaan ringan;26-45;laki-laki;r2 (sepeda motor);1;sedang
tabrakan dengan kendaraan menyebrang dari sisi kiri jalan;0;1;0;-7,351281104;112,5696783;timur (90°);terang / jelas;cerah;kolektor;i (jalan besar utk beban 10 ton & max 18 m panjang ran);lurus;2/2 tb (2 lajur/2 arah tanpa batas median);40;jalan propinsi;jalan raya ds. karangandong kec. driyorejo kab. gresik;driyorejo;kecelakaan ringan;46-65;laki-laki;truk berat / tronton;0;tinggi
tabrakan dengan kendaraan menyebrang dari sisi kiri jalan;0;2;0;-7,325055457;112,5662344;barat (270°);terang / jelas;cerah;kolektor;i (jalan besar utk beban 10 ton & max 18 m panjang ran);lurus;2/2 tb (2 lajur/2 arah tanpa batas median);50;jalan propinsi;jalan raya desa kedamean kecamatan kedamean kabupaten gresik;kedamean;kecelakaan ringan;17-25;laki-laki;r2 (sepeda motor);0;tinggi
tabrakan dengan kendaraan menyebrang dari sisi kiri jalan;1;0;0;-7,138186095;112,4919833;selatan (180°);terang / jelas;cerah;arteri;i (jalan besar utk beban 10 ton & max 18 m panjang ran);lurus;4/2 b (4 lajur/2 arah dengan batas median);40;jalan nasional;jalan raya ds. glanggang kec. duduksampeyan kab. gresik;duduk sampeyan;kecelakaan berat;26-45;laki-laki;pick up;2;rendah
tabrakan dengan kendaraan menyebrang dari sisi kiri jalan;0;3;0;-7,246378638;112,581689;utara (0°);terang / jelas;cerah;lokal / lingkungan;ii (jalan sedang utk beban s/d 10 ton & 12m  panjang ran);lurus;2/2 tb (2 lajur/2 arah tanpa batas median);40;jalan kota / kabupaten;jalan raya ds. hendrosari kec. menganti kab. gresik;menganti;kecelakaan ringan;26-45;perempuan;r2 (sepeda motor);0;tinggi
tabrakan dengan kendaraan menyebrang dari sisi kiri jalan;0;2;0;-6,971847428;112,4522234;utara (0°);terang / jelas;cerah;lokal / lingkungan;ii (jalan sedang utk beban s/d 10 ton & 12m  panjang ran);lurus;2/2 tb (2 lajur/2 arah tanpa batas median);40;jalan kota / kabupaten;jalan raya desa mentaras kecamatan dukun kabupaten gresik;dukun;kecelakaan ringan;nan;laki-laki;r2 (sepeda motor);1;sedang
tabrakan dengan kendaraan menyebrang dari sisi kiri jalan;0;2;0;-6,988746863;112,5042105;selatan (180°);terang / jelas;cerah;lokal / lingkungan;ii (jalan sedang utk beban s/d 10 ton & 12m  panjang ran);lurus;2/2 tb (2 lajur/2 arah tanpa batas median);50;jalan kota / kabupaten;jalan raya ds. sambogunung kec. dukun kab. gresik;dukun;kecelakaan ringan;17-25;laki-laki;r2 (sepeda motor);1;sedang
tabrakan dengan kendaraan menyebrang dari sisi kiri jalan;0;1;0;-7,225023786;112,5481388;utara (0°);terang / jelas;cerah;lokal / lingkungan;ii (jalan sedang utk beban s/d 10 ton & 12m  panjang ran);lurus;2/2 tb (2 lajur/2 arah tanpa batas median);60;jalan kota / kabupaten;jalan raya ds. kambingan kec. cerme kab. gresik;cerme;kecelakaan ringan;26-45;laki-laki;r2 (sepeda motor);0;tinggi
tabrakan dengan kendaraan menyebrang dari sisi kiri jalan;0;1;0;-7,366574513;112,612579;timur (90°);terang / jelas;cerah;lokal / lingkungan;ii (jalan sedang utk beban s/d 10 ton & 12m  panjang ran);lurus;2/2 tb (2 lajur/2 arah tanpa batas median);50;jalan kota / kabupaten;jalan raya ds. driyorejo kec. driyorejo kab. gresik;driyorejo;kecelakaan ringan;17-25;laki-laki;r2 (sepeda motor);0;tinggi
tabrakan dengan kendaraan menyebrang dari sisi kiri jalan;0;4;0;-7,1449503;112,5034577;selatan (180°);terang / jelas;cerah;arteri;i (jalan besar utk beban 10 ton & max 18 m panjang ran);lurus;4/2 tb (4 lajur/2 arah tanpa batas median);50;jalan nasional;jalan raya ds. tambakrejo kec. duduksampeyan kab. gresik;duduk sampeyan;kecelakaan ringan;nan;laki-laki;r2 (sepeda motor);1;sedang
tabrakan dengan kendaraan menyebrang dari sisi kiri jalan;0;1;1;-7,342623826;112,6296042;timur (90°);terang / jelas;cerah;lokal / lingkungan;ii (jalan sedang utk beban s/d 10 ton & 12m  panjang ran);lurus;2/2 tb (2 lajur/2 arah tanpa batas median);50;jalan kota / kabupaten;jalan raya desa petiken kecamatan driyorejo kabupaten gresik;driyorejo;kecelakaan fatal;26-45;laki-laki;r2 (sepeda motor);0;tinggi
tabrakan dengan kendaraan menyebrang dari sisi kiri jalan;0;2;0;-7,366089294;112,6305597;selatan (180°);gelap / sulit terlihat;cerah;kolektor;i (jalan besar utk beban 10 ton & max 18 m panjang ran);lurus;2/2 tb (2 lajur/2 arah tanpa batas median);50;jalan propinsi;jalan raya ds. cangkir kec. driyorejo kab. gresik;driyorejo;kecelakaan ringan;26-45;laki-laki;r2 (sepeda motor);0;tinggi
tabrakan dengan kendaraan menyebrang dari sisi kiri jalan;0;2;0;-7,221994411;112,5056272;utara (0°);terang / jelas;cerah;lokal / lingkungan;ii (jalan sedang utk beban s/d 10 ton & 12m  panjang ran);lurus;2/2 tb (2 lajur/2 arah tanpa batas median);50;jalan kota / kabupaten;jalan raya desa metatu kecamatan benjeng kabupaten gresik;benjeng;kecelakaan ringan;26-45;perempuan;r2 (sepeda motor);1;sedang
tabrakan dengan kendaraan menyebrang dari sisi kiri jalan;0;1;0;-7,359527401;112,6516662;utara (0°);terang / jelas;cerah;kolektor;i (jalan besar utk beban 10 ton & max 18 m panjang ran);lurus;2/2 tb (2 lajur/2 arah tanpa batas median);50;jalan propinsi;jalan raya ds. bambe kec. driyorejo kab. gresik;driyorejo;kecelakaan ringan;26-45;laki-laki;r2 (sepeda motor);0;tinggi
tabrakan dengan kendaraan menyebrang dari sisi kiri jalan;0;1;0;-6,956195404;112,5040606;utara (0°);terang / jelas;cerah;arteri;i (jalan besar utk beban 10 ton & max 18 m panjang ran);lurus;2/2 tb (2 lajur/2 arah tanpa batas median);40;jalan nasional;jalan raya ds. sekapuk kec. ujungpangkah kab. gresik;ujungpangkah;kecelakaan ringan;17-25;laki-laki;r2 (sepeda motor);1;sedang
tabrakan dengan kendaraan menyebrang dari sisi kiri jalan;0;1;0;-7,162873184;112,6314436;utara (0°);terang / jelas;cerah;lokal / lingkungan;ii (jalan sedang utk beban s/d 10 ton & 12m  panjang ran);lurus;2/2 tb (2 lajur/2 arah tanpa batas median);50;jalan kota / kabupaten;jalan raya dr. wahidin sudirohusodo  kec. kebomas kab. gresik;kebomas;kecelakaan ringan;<17;perempuan;r2 (sepeda motor);0;tinggi
tabrakan dengan kendaraan menyebrang dari sisi kiri jalan;0;2;0;-7,162874483;112,6314721;utara (0°);gelap / sulit terlihat;cerah;lokal / lingkungan;ii (jalan sedang utk beban s/d 10 ton & 12m  panjang ran);lurus;2/2 tb (2 lajur/2 arah tanpa batas median);50;jalan kota / kabupaten;jalan raya dr. wahidin sudirohusodo  ds. randuagung kec. kebomas kab. gresik;kebomas;kecelakaan ringan;<17;laki-laki;r2 (sepeda motor);0;tinggi
tabrakan dengan kendaraan menyebrang dari sisi kiri jalan;0;2;0;-7,029749376;112,5695768;timur (90°);terang / jelas;cerah;arteri;i (jalan besar utk beban 10 ton & max 18 m panjang ran);lurus;2/2 tb (2 lajur/2 arah tanpa batas median);40;jalan nasional;jalan raya ds. kemangi kec. bungah kab. gresik;bungah;kecelakaan ringan;17-25;laki-laki;r2 (sepeda motor);0;tinggi
tabrakan dengan kendaraan menyebrang dari sisi kiri jalan;0;2;0;-7,264021577;112,4901772;selatan (180°);terang / jelas;cerah;lokal / lingkungan;ii (jalan sedang utk beban s/d 10 ton & 12m  panjang ran);lurus;2/2 tb (2 lajur/2 arah tanpa batas median);50;jalan kota / kabupaten;jalan raya ds. munggugianti kec. benjeng kab. gresik;benjeng;kecelakaan ringan;26-45;laki-laki;r2 (sepeda motor);1;sedang
tabrakan saat menyalip dari kiri;0;0;1;-7,040899573;112,5736972;utara (0°);gelap / sulit terlihat;cerah;arteri;i (jalan besar utk beban 10 ton & max 18 m panjang ran);lurus;2/2 tb (2 lajur/2 arah tanpa batas median);40;jalan nasional;jalan raya ds. abar-abir kec. bungah kab. gresik;bungah;kecelakaan fatal;46-65;laki-laki;truk berat / tronton;0;tinggi
tabrakan saat menyalip dari kiri;0;1;0;-7,300394874;112,6131976;timur (90°);terang / jelas;cerah;lokal / lingkungan;ii (jalan sedang utk beban s/d 10 ton & 12m  panjang ran);lurus;2/2 tb (2 lajur/2 arah tanpa batas median);40;jalan kota / kabupaten;jalan raya ds. setro kec. menganti kab. gresik;menganti;kecelakaan ringan;<17;laki-laki;r2 (sepeda motor);0;tinggi
tabrakan saat menyalip dari kiri;0;2;0;-7,169046622;112,5673134;barat (270°);terang / jelas;cerah;arteri;i (jalan besar utk beban 10 ton & max 18 m panjang ran);lurus;4/2 tb (4 lajur/2 arah tanpa batas median);50;jalan nasional;jalan raya ds. ambeng-ambeng kec. duduksampeyan kab. gresik;duduk sampeyan;kecelakaan ringan;nan;perempuan;r2 (sepeda motor);0;tinggi
tabrakan saat menyalip dari kiri;0;1;0;-7,250432732;112,5627819;barat (270°);terang / jelas;cerah;lokal / lingkungan;ii (jalan sedang utk beban s/d 10 ton & 12m  panjang ran);lurus;2/2 tb (2 lajur/2 arah tanpa batas median);50;jalan kota / kabupaten;jalan raya desa morowudi kecamatan cerme kabupaten gresik;cerme;kecelakaan ringan;26-45;laki-laki;trailer 20 feet;0;tinggi
tabrakan saat menyalip dari kiri;0;2;0;-7,089587616;112,5806898;barat (270°);terang / jelas;cerah;arteri;i (jalan besar utk beban 10 ton & max 18 m panjang ran);lurus;2/2 tb (2 lajur/2 arah tanpa batas median);50;jalan nasional;jalan raya ds. banyuwangi kec. manyar kab. gresik;manyar;kecelakaan ringan;<17;laki-laki;medium truk;0;tinggi
tabrakan saat menyalip dari kiri;2;0;0;-7,394718025;112,5363391;timur (90°);terang / jelas;cerah;lokal / lingkungan;ii (jalan sedang utk beban s/d 10 ton & 12m  panjang ran);lurus;2/2 tb (2 lajur/2 arah tanpa batas median);40;jalan kota / kabupaten;jalan raya ds. wringinanom kec. wringinanom kab. gresik;wringinanom;kecelakaan berat;46-65;laki-laki;trailer 20 feet;2;rendah
tabrakan saat menyalip dari kiri;0;1;1;-7,192869796;112,6456705;selatan (180°);terang / jelas;cerah;lokal / lingkungan;ii (jalan sedang utk beban s/d 10 ton & 12m  panjang ran);lurus;2/2 tb (2 lajur/2 arah tanpa batas median);50;jalan kota / kabupaten;jalan raya veteran kel. gulomantung kec. kebomas kab. gresik;kebomas;kecelakaan fatal;26-45;laki-laki;trailer 20 feet;0;tinggi
tabrakan saat menyalip dari kiri;0;1;0;-7,225216474;112,5487364;barat (270°);terang / jelas;cerah;lokal / lingkungan;ii (jalan sedang utk beban s/d 10 ton & 12m  panjang ran);lurus;2/2 tb (2 lajur/2 arah tanpa batas median);50;jalan kota / kabupaten;jalan raya ds. ngabetan kec. cerme kab. gresik;cerme;kecelakaan ringan;<17;laki-laki;r2 (sepeda motor);0;tinggi
tabrakan saat menyalip dari kiri;1;0;0;-7,324324202;112,5661804;selatan (180°);terang / jelas;cerah;kolektor;i (jalan besar utk beban 10 ton & max 18 m panjang ran);lurus;2/2 tb (2 lajur/2 arah tanpa batas median);50;jalan propinsi;jalan raya ds. kedamean kec. kedamean kab. gresik;kedamean;kecelakaan berat;nan;perempuan;truck;2;rendah
tabrakan saat menyalip dari kiri;1;0;0;-7,357436355;112,5711367;selatan (180°);gelap / sulit terlihat;cerah;arteri;i (jalan besar utk beban 10 ton & max 18 m panjang ran);lurus;2/2 tb (2 lajur/2 arah tanpa batas median);40;jalan nasional;jalan raya ds. karangandong kec. driyorejo kab. gresik;driyorejo;kecelakaan berat;26-45;perempuan;r2 (sepeda motor);2;rendah
tabrakan saat menyalip dari kiri;1;0;0;-7,112767235;112,5942544;selatan (180°);terang / jelas;cerah;arteri;i (jalan besar utk beban 10 ton & max 18 m panjang ran);lurus;2/2 tb (2 lajur/2 arah tanpa batas median);40;jalan nasional;jalan raya ds. manyarsidomukti kec. manyar kab. gresik;manyar;kecelakaan berat;<17;laki-laki;mini truk;2;rendah
tabrakan saat menyalip dari kiri;0;1;0;-7,390869457;112,5550846;barat (270°);terang / jelas;cerah;lokal / lingkungan;ii (jalan sedang utk beban s/d 10 ton & 12m  panjang ran);lurus;2/2 tb (2 lajur/2 arah tanpa batas median);40;jalan kota / kabupaten;jalan raya ds. sumengko kec. wringinanom kab. gresik;wringinanom;kecelakaan ringan;46-65;laki-laki;truk berat / tronton;0;tinggi
tabrakan saat menyalip dari kiri;1;0;0;-7,170321086;112,5852712;utara (0°);terang / jelas;cerah;kolektor;i (jalan besar utk beban 10 ton & max 18 m panjang ran);lurus;2/1 (2 lajur/1 arah);40;jalan propinsi;jalan raya desa banjarsari kecamatan cerme kabupaten gresik;cerme;kecelakaan fatal;17-25;perempuan;r2 (sepeda motor);2;rendah
tabrakan saat menyalip dari kiri;0;1;0;-7,090122038;112,5819393;selatan (180°);terang / jelas;cerah;arteri;i (jalan besar utk beban 10 ton & max 18 m panjang ran);lurus;2/2 tb (2 lajur/2 arah tanpa batas median);40;jalan nasional;jalan raya ds. banyuwangi kec. manyar kab. gresik;manyar;kecelakaan ringan;26-45;laki-laki;r2 (sepeda motor);0;tinggi
tabrakan saat menyalip dari kiri;0;2;0;-7,068714503;112,5752848;selatan (180°);terang / jelas;cerah;arteri;i (jalan besar utk beban 10 ton & max 18 m panjang ran);lurus;2/2 tb (2 lajur/2 arah tanpa batas median);40;jalan nasional;jalan raya ds. sembayat kec. manyar kab. gresik;manyar;kecelakaan ringan;17-25;perempuan;r2 (sepeda motor);0;tinggi
tabrakan saat menyalip dari kiri;0;1;0;-7,250396893;112,5682672;barat (270°);terang / jelas;cerah;kolektor;i (jalan besar utk beban 10 ton & max 18 m panjang ran);lurus;2/2 tb (2 lajur/2 arah tanpa batas median);50;jalan propinsi;jalan raya ds. boboh kec. menganti kab. gresik;menganti;kecelakaan ringan;17-25;perempuan;r2 (sepeda motor);0;tinggi
tabrakan saat menyalip dari kiri;1;0;0;-7,155095568;112,5217057;timur (90°);terang / jelas;cerah;arteri;i (jalan besar utk beban 10 ton & max 18 m panjang ran);lurus;4/2 b (4 lajur/2 arah dengan batas median);50;jalan nasional;jalan raya ds. duduksampeyan kec. duduksampeyan kab. gresik;duduk sampeyan;kecelakaan berat;26-45;laki-laki;medium truk;2;rendah
tabrakan saat menyalip dari kiri;1;0;0;-7,37031905;112,591457;barat (270°);terang / jelas;cerah;lokal / lingkungan;ii (jalan sedang utk beban s/d 10 ton & 12m  panjang ran);lurus;2/2 tb (2 lajur/2 arah tanpa batas median);40;jalan kota / kabupaten;jalan raya ds. krikilan kec. driyorejo kab. gresik;driyorejo;kecelakaan berat;46-65;laki-laki;r2 (sepeda motor);2;rendah
tabrakan saat menyalip dari kiri;0;1;0;-7,247223437;112,5791911;barat (270°);terang / jelas;cerah;lokal / lingkungan;ii (jalan sedang utk beban s/d 10 ton & 12m  panjang ran);lurus;2/2 tb (2 lajur/2 arah tanpa batas median);40;jalan kota / kabupaten;jalan raya desa hendrosari kecamatan menganti kabupaten gresik;menganti;kecelakaan ringan;<17;perempuan;mini truk;0;tinggi
tabrakan saat menyalip dari kiri;0;1;0;-6,951076192;112,5561259;utara (0°);terang / jelas;cerah;lokal / lingkungan;ii (jalan sedang utk beban s/d 10 ton & 12m  panjang ran);lurus;2/2 tb (2 lajur/2 arah tanpa batas median);50;jalan kota / kabupaten;jalan raya ds. karangrejo kec. ujungpangkah kab. gresik;ujungpangkah;kecelakaan ringan;26-45;laki-laki;r2 (sepeda motor);0;tinggi
tabrakan saat menyalip dari kiri;0;1;0;-7,250380847;112,5683901;selatan (180°);terang / jelas;cerah;lokal / lingkungan;ii (jalan sedang utk beban s/d 10 ton & 12m  panjang ran);lurus;2/2 tb (2 lajur/2 arah tanpa batas median);50;jalan kota / kabupaten;jalan raya desa boboh kecamatan menganti kabupaten gresik;menganti;kecelakaan ringan;46-65;laki-laki;medium truk;0;tinggi
tabrakan saat menyalip dari kiri;0;1;0;-7,135256349;112,6160502;barat (270°);terang / jelas;cerah;arteri;i (jalan besar utk beban 10 ton & max 18 m panjang ran);lurus;2/2 tb (2 lajur/2 arah tanpa batas median);40;jalan nasional;jalan raya ds. sukomulyo kec. manyar kab. gresik;manyar;kecelakaan ringan;<17;laki-laki;mini bus;0;tinggi
tabrakan saat menyalip dari kiri;0;1;0;-7,260026297;112,5862372;utara (0°);terang / jelas;cerah;lokal / lingkungan;ii (jalan sedang utk beban s/d 10 ton & 12m  panjang ran);lurus;2/2 tb (2 lajur/2 arah tanpa batas median);40;jalan kota / kabupaten;jalan raya ds. pelemwatu kec. menganti kab. gresik;menganti;kecelakaan ringan;26-45;perempuan;r2 (sepeda motor);0;tinggi
tabrakan saat menyalip dari kiri;1;0;0;-7,155458845;112,5223553;timur (90°);terang / jelas;cerah;arteri;i (jalan besar utk beban 10 ton & max 18 m panjang ran);lurus;4/2 b (4 lajur/2 arah dengan batas median);50;jalan nasional;jalan raya ds. duduksampeyan kec. duduksampeyan kab. gresik;duduk sampeyan;kecelakaan berat;46-65;laki-laki;r2 (sepeda motor);2;rendah
tabrakan saat menyalip dari kiri;1;0;0;-7,390293583;112,5571841;barat (270°);terang / jelas;cerah;lokal / lingkungan;ii (jalan sedang utk beban s/d 10 ton & 12m  panjang ran);lurus;2/2 tb (2 lajur/2 arah tanpa batas median);40;jalan kota / kabupaten;jalan raya ds. sumengko kec. wringinanom kab. gresik;wringinanom;kecelakaan berat;26-45;laki-laki;truk berat / tronton;2;rendah
tabrakan saat menyalip dari kiri;0;1;0;-6,886639277;112,4540434;selatan (180°);terang / jelas;cerah;lokal / lingkungan;ii (jalan sedang utk beban s/d 10 ton & 12m  panjang ran);lurus;2/2 tb (2 lajur/2 arah tanpa batas median);50;jalan kota / kabupaten;jalan raya ds. campurejo kec panceng kab. gresik;panceng;kecelakaan ringan;<17;perempuan;r2 (sepeda motor);1;sedang
tabrakan saat menyalip dari kiri;0;2;0;-7,255724565;112,567888;selatan (180°);terang / jelas;cerah;kolektor;i (jalan besar utk beban 10 ton & max 18 m panjang ran);lurus;2/2 tb (2 lajur/2 arah tanpa batas median);40;jalan propinsi;jalan raya ds. putatlor kec. menganti kab. gresik;menganti;kecelakaan ringan;26-45;perempuan;r2 (sepeda motor);0;tinggi
tabrakan saat menyalip dari kiri;0;0;1;-7,251266375;112,5653467;barat (270°);gelap / sulit terlihat;cerah;kolektor;i (jalan besar utk beban 10 ton & max 18 m panjang ran);lurus;2/2 tb (2 lajur/2 arah tanpa batas median);50;jalan propinsi;jalan raya ds. boboh kec. menganti kab. gresik;menganti;kecelakaan fatal;17-25;laki-laki;r2 (sepeda motor);0;tinggi
tabrakan saat menyalip dari kiri;0;2;0;-7,365339712;112,6210082;barat (270°);terang / jelas;cerah;kolektor;i (jalan besar utk beban 10 ton & max 18 m panjang ran);lurus;2/2 tb (2 lajur/2 arah tanpa batas median);40;jalan propinsi;jalan raya ds. driyorejo kec. driyorejo kab. gresik;driyorejo;kecelakaan ringan;46-65;laki-laki;mini truk;0;tinggi
tabrakan saat pindah lajur ke kanan;0;1;0;-7,168517834;112,59261;timur (90°);terang / jelas;cerah;arteri;i (jalan besar utk beban 10 ton & max 18 m panjang ran);lurus;4/2 b (4 lajur/2 arah dengan batas median);40;jalan nasional;jalan raya dr. wahidin sudirohusodo  kel. singopadu kec. kebomas kab. gresik;kebomas;kecelakaan ringan;<17;perempuan;mini bus;0;tinggi
tabrakan saat pindah lajur ke kanan;0;1;0;-7,186974652;112,6122441;timur (90°);terang / jelas;cerah;lokal / lingkungan;ii (jalan sedang utk beban s/d 10 ton & 12m  panjang ran);lurus;2/2 tb (2 lajur/2 arah tanpa batas median);40;jalan kota / kabupaten;jalan raya desa kedanyang kecamatan kebomas kabupaten gresik;kebomas;kecelakaan ringan;26-45;laki-laki;r2 (sepeda motor);0;tinggi
tabrakan saat pindah lajur ke kanan;0;2;0;-7,325674006;112,5493903;timur (90°);terang / jelas;cerah;lokal / lingkungan;ii (jalan sedang utk beban s/d 10 ton & 12m  panjang ran);lurus;2/2 tb (2 lajur/2 arah tanpa batas median);40;jalan kota / kabupaten;jalan raya ds. tanjung kec. kedamean kab. gresik;kedamean;kecelakaan ringan;46-65;perempuan;r2 (sepeda motor);0;tinggi
tabrakan saat pindah lajur ke kanan;0;1;0;-7,227046217;112,5681513;selatan (180°);terang / jelas;cerah;arteri;i (jalan besar utk beban 10 ton & max 18 m panjang ran);lurus;2/2 tb (2 lajur/2 arah tanpa batas median);40;jalan nasional;jalan raya ds. cerme lor kec. cerme kab. gresik;cerme;kecelakaan ringan;<17;perempuan;r2 (sepeda motor);0;tinggi
tabrakan saat pindah lajur ke kanan;0;4;0;-7,144206304;112,6296242;timur (90°);terang / jelas;cerah;lokal / lingkungan;ii (jalan sedang utk beban s/d 10 ton & 12m  panjang ran);lurus;2/2 tb (2 lajur/2 arah tanpa batas median);50;jalan kota / kabupaten;jalan raya ds. roomo kec. manyar kab. gresik;manyar;kecelakaan ringan;26-45;laki-laki;r2 (sepeda motor);0;tinggi
tabrakan saat pindah lajur ke kanan;0;1;0;-7,267317707;112,4525433;barat (270°);terang / jelas;cerah;lokal / lingkungan;ii (jalan sedang utk beban s/d 10 ton & 12m  panjang ran);lurus;2/2 tb (2 lajur/2 arah tanpa batas median);40;jalan kota / kabupaten;jalan raya ds. kedungpring kec. balongpanggang kab. gresik;balongpanggang;kecelakaan ringan;nan;perempuan;r2 (sepeda motor);1;sedang
tabrakan saat pindah lajur ke kanan;0;2;0;-7,291867742;112,5724717;timur (90°);terang / jelas;cerah;lokal / lingkungan;ii (jalan sedang utk beban s/d 10 ton & 12m  panjang ran);lurus;2/2 tb (2 lajur/2 arah tanpa batas median);40;jalan kota / kabupaten;jalan raya desa sidojangkung kecamatan menganti kabupaten gresik;menganti;kecelakaan ringan;17-25;perempuan;r2 (sepeda motor);0;tinggi
tabrakan saat pindah lajur ke kanan;0;1;0;-7,152966062;112,4903537;selatan (180°);terang / jelas;cerah;lokal / lingkungan;iii (jalan kecil utk max beban 8 ton & 9 m panjang ran);lurus;2/2 tb (2 lajur/2 arah tanpa batas median);40;jalan desa;jalan umum desa tambakrejo kecamatan duduksampeyan kabupaten gresik;duduk sampeyan;kecelakaan ringan;26-45;perempuan;r2 (sepeda motor);1;sedang
tabrakan saat pindah lajur ke kanan;0;1;0;-6,968515041;112,443956;barat (270°);terang / jelas;cerah;lokal / lingkungan;ii (jalan sedang utk beban s/d 10 ton & 12m  panjang ran);lurus;2/2 tb (2 lajur/2 arah tanpa batas median);40;jalan kota / kabupaten;jalan raya ds. tebuwung kec. dukun kab. gresik;dukun;kecelakaan ringan;46-65;laki-laki;r2 (sepeda motor);1;sedang
tabrakan saat pindah lajur ke kanan;0;1;0;-7,279674629;112,4402752;utara (0°);terang / jelas;cerah;lokal / lingkungan;ii (jalan sedang utk beban s/d 10 ton & 12m  panjang ran);lurus;2/2 tb (2 lajur/2 arah tanpa batas median);40;jalan kota / kabupaten;jalan raya ds. wahas kec. balongpanggang kab. gresik;balongpanggang;kecelakaan ringan;17-25;laki-laki;mini truk;1;sedang
tabrakan saat pindah lajur ke kanan;0;1;0;-7,159624748;112,6187571;barat (270°);terang / jelas;cerah;lokal / lingkungan;ii (jalan sedang utk beban s/d 10 ton & 12m  panjang ran);lurus;2/2 tb (2 lajur/2 arah tanpa batas median);50;jalan kota / kabupaten;jalan raya dr. wahidin sudirohusodo  kel. randuagung kec. kebomas kab. gresik;kebomas;kecelakaan ringan;26-45;perempuan;r2 (sepeda motor);0;tinggi
tabrakan saat pindah lajur ke kanan;0;1;0;-7,135833251;112,487667;barat (270°);terang / jelas;cerah;arteri;i (jalan besar utk beban 10 ton & max 18 m panjang ran);lurus;4/2 b (4 lajur/2 arah dengan batas median);50;jalan nasional;jalan raya ds. tumapel kec. duduksampeyan kab. gresik;duduk sampeyan;kecelakaan ringan;26-45;laki-laki;r2 (sepeda motor);1;sedang
tabrakan saat pindah lajur ke kanan;0;1;0;-6,960691133;112,4015208;barat (270°);terang / jelas;cerah;lokal / lingkungan;ii (jalan sedang utk beban s/d 10 ton & 12m  panjang ran);lurus;2/2 tb (2 lajur/2 arah tanpa batas median);40;jalan kota / kabupaten;jalan raya ds. wonokerto kec. dukun kab. gresik;dukun;kecelakaan ringan;26-45;laki-laki;r2 (sepeda motor);1;sedang
tabrakan saat pindah lajur ke kanan;0;1;0;-6,976850458;112,4665054;timur (90°);terang / jelas;cerah;lokal / lingkungan;ii (jalan sedang utk beban s/d 10 ton & 12m  panjang ran);lurus;2/2 tb (2 lajur/2 arah tanpa batas median);50;jalan kota / kabupaten;jalan raya ds. mojopetung kec. dukun kab. gresik;dukun;kecelakaan ringan;<17;perempuan;r2 (sepeda motor);1;sedang
tabrakan saat pindah lajur ke kanan;0;1;0;-7,297437133;112,56426;selatan (180°);terang / jelas;cerah;kolektor;i (jalan besar utk beban 10 ton & max 18 m panjang ran);lurus;2/2 tb (2 lajur/2 arah tanpa batas median);50;jalan propinsi;jalan raya ds. bringkang kec. menganti kab. gresik;menganti;kecelakaan ringan;17-25;laki-laki;r2 (sepeda motor);0;tinggi
tabrakan saat pindah lajur ke kanan;0;1;0;-7,169727851;112,5684387;barat (270°);terang / jelas;cerah;arteri;i (jalan besar utk beban 10 ton & max 18 m panjang ran);lurus;2/2 tb (2 lajur/2 arah tanpa batas median);50;jalan nasional;jalan raya ds.ambeng-ambeng kec duduksampeyan kab gresik;duduk sampeyan;kecelakaan ringan;nan;laki-laki;r2 (sepeda motor);0;tinggi
tabrakan saat pindah lajur ke kanan;0;1;0;-6,977021538;112,4666327;barat (270°);terang / jelas;cerah;lokal / lingkungan;ii (jalan sedang utk beban s/d 10 ton & 12m  panjang ran);lurus;2/2 tb (2 lajur/2 arah tanpa batas median);50;jalan kota / kabupaten;jalan raya ds. mojopetung kec. dukun kab. gresik;dukun;kecelakaan ringan;nan;perempuan;r2 (sepeda motor);1;sedang
tabrakan saat pindah lajur ke kanan;0;1;0;-6,988232256;112,5159088;barat (270°);terang / jelas;cerah;lokal / lingkungan;ii (jalan sedang utk beban s/d 10 ton & 12m  panjang ran);lurus;2/2 tb (2 lajur/2 arah tanpa batas median);50;jalan kota / kabupaten;jalan raya ds. lasem kec. sidayu kab. gresik;sidayu;kecelakaan ringan;<17;perempuan;r2 (sepeda motor);1;sedang
tabrakan saat pindah lajur ke kanan;1;1;0;-6,91603702;112,4554531;timur (90°);terang / jelas;cerah;lokal / lingkungan;ii (jalan sedang utk beban s/d 10 ton & 12m  panjang ran);lurus;2/2 tb (2 lajur/2 arah tanpa batas median);50;jalan kota / kabupaten;jalan raya ds. prupuh kec. panceng kab. gresik;panceng;kecelakaan berat;46-65;perempuan;r2 (sepeda motor);2;rendah
tabrakan saat pindah lajur ke kanan;0;1;0;-7,26771787;112,4489049;barat (270°);terang / jelas;cerah;lokal / lingkungan;ii (jalan sedang utk beban s/d 10 ton & 12m  panjang ran);lurus;2/2 tb (2 lajur/2 arah tanpa batas median);40;jalan kota / kabupaten;jalan raya ds. balongpanggang kec. balongpanggang kab. gresik;balongpanggang;kecelakaan ringan;46-65;perempuan;r2 (sepeda motor);1;sedang
tabrakan saat pindah lajur ke kanan;0;1;0;-7,326714207;112,4862945;barat (270°);terang / jelas;cerah;lokal / lingkungan;ii (jalan sedang utk beban s/d 10 ton & 12m  panjang ran);lurus;2/2 tb (2 lajur/2 arah tanpa batas median);40;jalan kota / kabupaten;jalan raya ds. mojowuku kec. kedamean kab. gresik;kedamean;kecelakaan ringan;nan;perempuan;r2 (sepeda motor);1;sedang
tabrakan saat pindah lajur ke kanan;0;1;0;-7,386431063;112,4826216;selatan (180°);terang / jelas;cerah;lokal / lingkungan;iii (jalan kecil utk max beban 8 ton & 9 m panjang ran);lurus;2/2 tb (2 lajur/2 arah tanpa batas median);40;jalan desa;jalan umum ds. kepuklagen kec. wringinanom kab. gresik;wringinanom;kecelakaan ringan;26-45;perempuan;r2 (sepeda motor);1;sedang
tabrakan saat pindah lajur ke kanan;0;1;0;-7,292851167;112,5638755;utara (0°);terang / jelas;cerah;kolektor;i (jalan besar utk beban 10 ton & max 18 m panjang ran);lurus;2/2 tb (2 lajur/2 arah tanpa batas median);40;jalan propinsi;jalan raya ds. bringkang kec. menganti kab. gresik;menganti;kecelakaan ringan;46-65;laki-laki;r2 (sepeda motor);0;tinggi
tabrakan saat pindah lajur ke kanan;0;2;0;-6,987121528;112,5167592;timur (90°);terang / jelas;cerah;lokal / lingkungan;ii (jalan sedang utk beban s/d 10 ton & 12m  panjang ran);lurus;2/2 tb (2 lajur/2 arah tanpa batas median);40;jalan kota / kabupaten;jalan raya ds. lasem kec. sidayu kab. gresik;sidayu;kecelakaan ringan;26-45;perempuan;r2 (sepeda motor);1;sedang
tabrakan saat pindah lajur ke kanan;0;1;0;-7,164199019;112,5435155;barat (270°);terang / jelas;cerah;arteri;i (jalan besar utk beban 10 ton & max 18 m panjang ran);lurus;2/2 tb (2 lajur/2 arah tanpa batas median);50;jalan nasional;jalan raya ds. tebaloan kec. duduksampeyan kab. gresik;duduk sampeyan;kecelakaan ringan;nan;laki-laki;r2 (sepeda motor);1;sedang
tabrakan saat pindah lajur ke kanan;0;1;0;-7,160932284;112,6159928;utara (0°);terang / jelas;cerah;lokal / lingkungan;ii (jalan sedang utk beban s/d 10 ton & 12m  panjang ran);lurus;2/2 tb (2 lajur/2 arah tanpa batas median);50;jalan kota / kabupaten;jalan raya randuagung (underpash gkb) kec kebomas kab gresik;kebomas;kecelakaan ringan;nan;laki-laki;r2 (sepeda motor);0;tinggi
tabrakan saat pindah lajur ke kanan;0;1;0;-6,958989383;112,4251717;timur (90°);terang / jelas;cerah;lokal / lingkungan;ii (jalan sedang utk beban s/d 10 ton & 12m  panjang ran);lurus;2/2 tb (2 lajur/2 arah tanpa batas median);40;jalan kota / kabupaten;jalan raya ds. lowayu kec. dukun kab. gresik;dukun;kecelakaan ringan;26-45;laki-laki;r2 (sepeda motor);1;sedang
tabrakan saat pindah lajur ke kanan;0;1;0;-7,156086589;112,6153932;utara (0°);gelap / sulit terlihat;cerah;lokal / lingkungan;ii (jalan sedang utk beban s/d 10 ton & 12m  panjang ran);lurus;2/2 tb (2 lajur/2 arah tanpa batas median);40;jalan kota / kabupaten;jalan raya sumatra perum gkb kel yosowilangun kec manyar  kab. gresik;manyar;kecelakaan ringan;<17;laki-laki;r2 (sepeda motor);0;tinggi
tabrak kendaraan belok kanan dengan kendaraan yang jalan lurus;0;1;0;-7,239527605;112,4487032;selatan (180°);terang / jelas;cerah;lokal / lingkungan;ii (jalan sedang utk beban s/d 10 ton & 12m  panjang ran);lurus;2/2 tb (2 lajur/2 arah tanpa batas median);50;jalan kota / kabupaten;jalan raya desa klotok kecamatan balongpanggang kabupaten gresik;balongpanggang;kecelakaan ringan;17-25;laki-laki;r2 (sepeda motor);1;sedang
tabrak kendaraan belok kanan dengan kendaraan yang jalan lurus;0;1;0;-7,324273673;112,6396223;barat (270°);terang / jelas;cerah;lokal / lingkungan;ii (jalan sedang utk beban s/d 10 ton & 12m  panjang ran);lurus;2/2 tb (2 lajur/2 arah tanpa batas median);50;jalan kota / kabupaten;jalan raya ds gadung kec driyorejo kab. gresik;driyorejo;kecelakaan ringan;nan;laki-laki;r2 (sepeda motor);0;tinggi
tabrak kendaraan belok kanan dengan kendaraan yang jalan lurus;0;1;0;-7,289545911;112,5635047;timur (90°);terang / jelas;cerah;kolektor;i (jalan besar utk beban 10 ton & max 18 m panjang ran);lurus;2/2 tb (2 lajur/2 arah tanpa batas median);50;jalan propinsi;jalan raya ds. bringkang kec. menganti kab. gresik;menganti;kecelakaan ringan;<17;perempuan;r2 (sepeda motor);0;tinggi
tabrak kendaraan belok kanan dengan kendaraan yang jalan lurus;0;1;0;-7,340974882;112,5943402;selatan (180°);terang / jelas;cerah;lokal / lingkungan;ii (jalan sedang utk beban s/d 10 ton & 12m  panjang ran);lurus;2/2 tb (2 lajur/2 arah tanpa batas median);40;jalan kota / kabupaten;jalan raya ds. mojosarirejo kec. driyorejo kab. gresik;driyorejo;kecelakaan ringan;nan;perempuan;r2 (sepeda motor);0;tinggi
tabrak kendaraan belok kanan dengan kendaraan yang jalan lurus;1;1;0;-7,364306071;112,6339076;barat (270°);terang / jelas;cerah;kolektor;i (jalan besar utk beban 10 ton & max 18 m panjang ran);lurus;2/2 tb (2 lajur/2 arah tanpa batas median);40;jalan propinsi;jalan raya desa cangkir kecamatan driyorejo kabupaten gresik;driyorejo;kecelakaan ringan;26-45;laki-laki;r2 (sepeda motor);2;rendah
tabrak kendaraan belok kanan dengan kendaraan yang jalan lurus;0;1;0;-7,002981121;112,4889724;timur (90°);terang / jelas;cerah;lokal / lingkungan;ii (jalan sedang utk beban s/d 10 ton & 12m  panjang ran);lurus;2/2 tb (2 lajur/2 arah tanpa batas median);40;jalan kota / kabupaten;jalan raya desa babaksari kecamatan dukun kabupaten gresik;dukun;kecelakaan ringan;26-45;laki-laki;r2 (sepeda motor);1;sedang
tabrak kendaraan belok kanan dengan kendaraan yang jalan lurus;0;2;0;-7,355896973;112,5502989;barat (270°);terang / jelas;cerah;lokal / lingkungan;ii (jalan sedang utk beban s/d 10 ton & 12m  panjang ran);lurus;2/2 tb (2 lajur/2 arah tanpa batas median);50;jalan kota / kabupaten;jalan raya ds. banyuurip kec. kedamean kab. gresik;kedamean;kecelakaan ringan;17-25;laki-laki;r2 (sepeda motor);0;tinggi
tabrak kendaraan belok kanan dengan kendaraan yang jalan lurus;0;1;0;-7,266779638;112,457657;timur (90°);terang / jelas;cerah;lokal / lingkungan;ii (jalan sedang utk beban s/d 10 ton & 12m  panjang ran);lurus;2/2 tb (2 lajur/2 arah tanpa batas median);40;jalan kota / kabupaten;jalan raya ds. balongpanggang kec. balongpanggang kab. gresik;balongpanggang;kecelakaan ringan;17-25;laki-laki;r2 (sepeda motor);1;sedang
tabrak kendaraan belok kanan dengan kendaraan yang jalan lurus;0;1;0;-7,033215262;112,5256426;barat (270°);terang / jelas;cerah;lokal / lingkungan;ii (jalan sedang utk beban s/d 10 ton & 12m  panjang ran);lurus;2/2 tb (2 lajur/2 arah tanpa batas median);40;jalan kota / kabupaten;jalan raya ds. mojopurowetan kec. bungah kab. gresik;bungah;kecelakaan ringan;17-25;laki-laki;r2 (sepeda motor);1;sedang
tabrak kendaraan belok kanan dengan kendaraan yang jalan lurus;0;1;0;-7,03375431;112,5700354;selatan (180°);terang / jelas;cerah;arteri;i (jalan besar utk beban 10 ton & max 18 m panjang ran);lurus;2/2 tb (2 lajur/2 arah tanpa batas median);40;jalan nasional;jalan raya ds. abar abir kec. bungah kab. gresik;bungah;kecelakaan ringan;26-45;laki-laki;mini bus;0;tinggi
tabrak kendaraan belok kanan dengan kendaraan yang jalan lurus;0;2;0;-7,165009404;112,5493586;barat (270°);terang / jelas;cerah;lokal / lingkungan;ii (jalan sedang utk beban s/d 10 ton & 12m  panjang ran);lurus;2/2 tb (2 lajur/2 arah tanpa batas median);50;jalan kota / kabupaten;jalan raya ds. tebaloan kec. duduksampeyan kab. gresik;duduk sampeyan;kecelakaan ringan;46-65;perempuan;r2 (sepeda motor);0;tinggi
tabrak kendaraan belok kanan dengan kendaraan yang jalan lurus;0;1;0;-7,400687372;112,5326969;timur (90°);terang / jelas;cerah;lokal / lingkungan;ii (jalan sedang utk beban s/d 10 ton & 12m  panjang ran);lurus;2/2 tb (2 lajur/2 arah tanpa batas median);40;jalan kota / kabupaten;jalan raya desa wringinanom kecamatan wringinanom kabupaten gresik;wringinanom;kecelakaan ringan;<17;laki-laki;r2 (sepeda motor);1;sedang
tabrak kendaraan belok kanan dengan kendaraan yang jalan lurus;0;2;0;-6,96326532;112,4129299;timur (90°);terang / jelas;cerah;lokal / lingkungan;ii (jalan sedang utk beban s/d 10 ton & 12m  panjang ran);lurus;2/2 tb (2 lajur/2 arah tanpa batas median);40;jalan kota / kabupaten;jalan raya ds. lowayu kec. dukun kab. gresik;dukun;kecelakaan ringan;nan;laki-laki;r2 (sepeda motor);1;sedang
tabrak kendaraan belok kanan dengan kendaraan yang jalan lurus;0;1;0;-6,998604351;112,5640307;utara (0°);terang / jelas;cerah;arteri;i (jalan besar utk beban 10 ton & max 18 m panjang ran);lurus;2/2 tb (2 lajur/2 arah tanpa batas median);50;jalan nasional;jalan raya ds. racitengah kec. sidayu kab. gresik;sidayu;kecelakaan ringan;nan;perempuan;r2 (sepeda motor);0;tinggi
tabrak kendaraan belok kanan dengan kendaraan yang jalan lurus;0;1;0;-6,986724287;112,4992852;barat (270°);terang / jelas;cerah;lokal / lingkungan;ii (jalan sedang utk beban s/d 10 ton & 12m  panjang ran);lurus;2/2 tb (2 lajur/2 arah tanpa batas median);50;jalan kota / kabupaten;jalan raya ds. sambogunung kec. dukun kab. gresik;dukun;kecelakaan ringan;46-65;laki-laki;r2 (sepeda motor);1;sedang
tabrak kendaraan belok kanan dengan kendaraan yang jalan lurus;0;2;0;-6,883722228;112,4490806;barat (270°);terang / jelas;cerah;lokal / lingkungan;ii (jalan sedang utk beban s/d 10 ton & 12m  panjang ran);lurus;2/2 tb (2 lajur/2 arah tanpa batas median);50;jalan kota / kabupaten;jalan raya ds. campurejo kec. panceng kab. gresik;panceng;kecelakaan ringan;<17;laki-laki;r2 (sepeda motor);1;sedang
tabrak kendaraan belok kanan dengan kendaraan yang jalan lurus;0;1;0;-6,990586285;112,5100784;timur (90°);terang / jelas;cerah;lokal / lingkungan;ii (jalan sedang utk beban s/d 10 ton & 12m  panjang ran);lurus;2/2 tb (2 lajur/2 arah tanpa batas median);40;jalan kota / kabupaten;jalan raya desa lasem kecamatan sidayu kabupaten gresik;sidayu;kecelakaan ringan;<17;laki-laki;r2 (sepeda motor);1;sedang
tabrak kendaraan belok kanan dengan kendaraan yang jalan lurus;0;1;0;-7,355794891;112,5499261;barat (270°);terang / jelas;cerah;lokal / lingkungan;ii (jalan sedang utk beban s/d 10 ton & 12m  panjang ran);lurus;2/2 tb (2 lajur/2 arah tanpa batas median);50;jalan kota / kabupaten;jalan raya ds. banyuurip kec. kedamean kab. gresik;kedamean;kecelakaan ringan;nan;perempuan;r2 (sepeda motor);0;tinggi
tabrak kendaraan belok kanan dengan kendaraan yang jalan lurus;0;1;0;-7,363066803;112,6372597;barat (270°);terang / jelas;cerah;kolektor;i (jalan besar utk beban 10 ton & max 18 m panjang ran);lurus;2/2 tb (2 lajur/2 arah tanpa batas median);60;jalan propinsi;jalan raya ds. cangkir kec. driyorejo kab. gresik;driyorejo;kecelakaan ringan;17-25;laki-laki;r2 (sepeda motor);0;tinggi
tabrak kendaraan belok kanan dengan kendaraan yang jalan lurus;0;1;0;-6,988682969;112,5040315;barat (270°);terang / jelas;cerah;lokal / lingkungan;ii (jalan sedang utk beban s/d 10 ton & 12m  panjang ran);lurus;2/2 tb (2 lajur/2 arah tanpa batas median);50;jalan kota / kabupaten;jalan raya ds. sambogunung kec. dukun kab. gresik;dukun;kecelakaan ringan;46-65;laki-laki;r2 (sepeda motor);1;sedang
tabrak kendaraan belok kanan dengan kendaraan yang jalan lurus;0;2;0;-6,932091598;112,5165347;selatan (180°);terang / jelas;cerah;lokal / lingkungan;ii (jalan sedang utk beban s/d 10 ton & 12m  panjang ran);lurus;2/2 tb (2 lajur/2 arah tanpa batas median);50;jalan kota / kabupaten;jalan raya ds. gosari kec. ujungpangkah kab. gresik;ujungpangkah;kecelakaan ringan;26-45;laki-laki;r2 (sepeda motor);1;sedang
tabrak kendaraan belok kanan dengan kendaraan yang jalan lurus;0;2;0;-6,921130623;112,4472097;barat (270°);terang / jelas;cerah;kolektor;i (jalan besar utk beban 10 ton & max 18 m panjang ran);lurus;2/2 tb (2 lajur/2 arah tanpa batas median);50;jalan propinsi;jalan raya desa prupuh kecamatan panceng kabupaten gresik;panceng;kecelakaan ringan;nan;laki-laki;r2 (sepeda motor);1;sedang
tabrak kendaraan belok kanan dengan kendaraan yang jalan lurus;0;1;0;-6,963733874;112,4149868;timur (90°);terang / jelas;cerah;lokal / lingkungan;ii (jalan sedang utk beban s/d 10 ton & 12m  panjang ran);lurus;2/2 tb (2 lajur/2 arah tanpa batas median);50;jalan kota / kabupaten;jalan raya ds. lowayu kec. dukun kab. gresik;dukun;kecelakaan ringan;26-45;laki-laki;r2 (sepeda motor);1;sedang
tabrak kendaraan belok kanan dengan kendaraan yang jalan lurus;0;2;0;-6,903832243;112,497409;timur (90°);terang / jelas;cerah;lokal / lingkungan;iii (jalan kecil utk max beban 8 ton & 9 m panjang ran);lurus;2/2 tb (2 lajur/2 arah tanpa batas median);50;jalan desa;jalan raya desa ngemboh kecamatan ujungpangkah kabupaten gresik;ujungpangkah;kecelakaan ringan;46-65;laki-laki;r2 (sepeda motor);1;sedang
tabrak kendaraan belok kanan dengan kendaraan yang jalan lurus;0;2;0;-7,365681665;112,6259233;barat (270°);terang / jelas;cerah;lokal / lingkungan;ii (jalan sedang utk beban s/d 10 ton & 12m  panjang ran);lurus;2/2 tb (2 lajur/2 arah tanpa batas median);50;jalan kota / kabupaten;jalan raya ds cangkir kec driyorejo kab. gresik;driyorejo;kecelakaan ringan;17-25;perempuan;r2 (sepeda motor);0;tinggi
tabrak kendaraan belok kanan dengan kendaraan yang jalan lurus;0;2;0;-6,968333503;112,481656;selatan (180°);terang / jelas;cerah;lokal / lingkungan;ii (jalan sedang utk beban s/d 10 ton & 12m  panjang ran);lurus;2/2 tb (2 lajur/2 arah tanpa batas median);50;jalan kota / kabupaten;jalan raya ds. petung kec. panceng kab. gresik;panceng;kecelakaan ringan;26-45;perempuan;r2 (sepeda motor);1;sedang
tabrakan kendaraan belok kanan dengan kendaraan dari arah kanan;0;2;0;-7,258040265;112,5002808;barat (270°);terang / jelas;cerah;lokal / lingkungan;ii (jalan sedang utk beban s/d 10 ton & 12m  panjang ran);lurus;2/2 tb (2 lajur/2 arah tanpa batas median);40;jalan kota / kabupaten;jalan raya ds bulurejo kec. benjeng kab. gresik;benjeng;kecelakaan ringan;17-25;perempuan;r2 (sepeda motor);1;sedang
tabrakan kendaraan belok kanan dengan kendaraan dari arah kanan;0;1;0;-7,144371975;112,6299115;selatan (180°);terang / jelas;cerah;arteri;i (jalan besar utk beban 10 ton & max 18 m panjang ran);lurus;2/2 tb (2 lajur/2 arah tanpa batas median);40;jalan nasional;jalan raya ds. roomo kec. manyar kab. gresik;manyar;kecelakaan ringan;nan;laki-laki;r2 (sepeda motor);0;tinggi
tabrakan kendaraan belok kanan dengan kendaraan dari arah kanan;0;2;0;-7,160091059;112,5889873;timur (90°);terang / jelas;cerah;lokal / lingkungan;ii (jalan sedang utk beban s/d 10 ton & 12m  panjang ran);lurus;2/2 tb (2 lajur/2 arah tanpa batas median);50;jalan kota / kabupaten;jalan raya kh. syafii kel. dahanrejo kec. kebomas kab. gresik;kebomas;kecelakaan ringan;26-45;laki-laki;r2 (sepeda motor);0;tinggi
tabrakan kendaraan belok kanan dengan kendaraan dari arah kanan;0;1;0;-7,146591339;112,6022437;timur (90°);terang / jelas;cerah;lokal / lingkungan;ii (jalan sedang utk beban s/d 10 ton & 12m  panjang ran);lurus;2/2 tb (2 lajur/2 arah tanpa batas median);40;jalan kota / kabupaten;jalan raya ds. suci kec. manyar kab. gresik;manyar;kecelakaan ringan;26-45;laki-laki;jeep ( suv );0;tinggi
tabrakan kendaraan belok kanan dengan kendaraan dari arah kanan;0;1;0;-7,400503959;112,5505899;timur (90°);terang / jelas;cerah;lokal / lingkungan;ii (jalan sedang utk beban s/d 10 ton & 12m  panjang ran);lurus;2/2 tb (2 lajur/2 arah tanpa batas median);50;jalan kota / kabupaten;jalan raya ds. lebaniwaras kec. wringinanom kab. gresik;wringinanom;kecelakaan ringan;nan;laki-laki;r2 (sepeda motor);0;tinggi
tabrakan kendaraan belok kanan dengan kendaraan dari arah kanan;0;1;0;-7,292560165;112,5764843;utara (0°);terang / jelas;cerah;lokal / lingkungan;ii (jalan sedang utk beban s/d 10 ton & 12m  panjang ran);lurus;2/2 tb (2 lajur/2 arah tanpa batas median);50;jalan kota / kabupaten;jalan raya ds. menganti kec. menganti kab. gresik;menganti;kecelakaan ringan;nan;perempuan;r2 (sepeda motor);0;tinggi
tabrakan kendaraan belok kanan dengan kendaraan dari arah kanan;0;2;0;-7,167486234;112,6011791;utara (0°);terang / jelas;cerah;lokal / lingkungan;ii (jalan sedang utk beban s/d 10 ton & 12m  panjang ran);lurus;4/2 b (4 lajur/2 arah dengan batas median);40;jalan kota / kabupaten;jalan raya dr. wahidin sudirohusodo  ds. kembangan kec. kebomas kab. gresik;kebomas;kecelakaan ringan;17-25;laki-laki;r2 (sepeda motor);0;tinggi
tabrakan kendaraan belok kanan dengan kendaraan dari arah kanan;0;1;0;-7,028776723;112,5173586;utara (0°);terang / jelas;cerah;lokal / lingkungan;ii (jalan sedang utk beban s/d 10 ton & 12m  panjang ran);lurus;2/2 tb (2 lajur/2 arah tanpa batas median);50;jalan kota / kabupaten;jalan raya desa mojopurogede kecamatan bungah kabupaten gresik;bungah;kecelakaan ringan;nan;laki-laki;r2 (sepeda motor);1;sedang
tabrakan kendaraan belok kanan dengan kendaraan dari arah kanan;0;1;0;-7,292392552;112,5755469;selatan (180°);terang / jelas;cerah;lokal / lingkungan;ii (jalan sedang utk beban s/d 10 ton & 12m  panjang ran);lurus;2/2 tb (2 lajur/2 arah tanpa batas median);50;jalan kota / kabupaten;jalan raya ds. sidojangkung kec. menganti kab. gresik;menganti;kecelakaan ringan;46-65;laki-laki;r2 (sepeda motor);0;tinggi
tabrakan kendaraan belok kanan dengan kendaraan dari arah kanan;0;1;0;-6,96495997;112,4204531;selatan (180°);terang / jelas;cerah;lokal / lingkungan;ii (jalan sedang utk beban s/d 10 ton & 12m  panjang ran);lurus;2/2 tb (2 lajur/2 arah tanpa batas median);40;jalan kota / kabupaten;jalan raya ds. lowayu kec. dukun kab. gresik;dukun;kecelakaan ringan;46-65;laki-laki;r2 (sepeda motor);1;sedang
tabrakan kendaraan belok kanan dengan kendaraan dari arah kanan;0;1;0;-7,096530479;112,5902841;timur (90°);terang / jelas;cerah;arteri;i (jalan besar utk beban 10 ton & max 18 m panjang ran);lurus;2/2 tb (2 lajur/2 arah tanpa batas median);50;jalan nasional;jalan raya ds banyuwangi kec. manyar kab. gresik;manyar;kecelakaan ringan;26-45;laki-laki;medium truk;0;tinggi
tabrakan kendaraan belok kanan dengan kendaraan dari arah kanan;0;2;0;-7,343365724;112,4896716;utara (0°);terang / jelas;cerah;lokal / lingkungan;ii (jalan sedang utk beban s/d 10 ton & 12m  panjang ran);lurus;2/2 tb (2 lajur/2 arah tanpa batas median);40;jalan kota / kabupaten;jalan raya ds mondoluku kec. wringinanom kab. gresik;wringinanom;kecelakaan ringan;46-65;laki-laki;r2 (sepeda motor);1;sedang
tabrakan kendaraan belok kanan dengan kendaraan dari arah kanan;0;2;0;-7,038398969;112,5342483;selatan (180°);terang / jelas;cerah;lokal / lingkungan;ii (jalan sedang utk beban s/d 10 ton & 12m  panjang ran);lurus;2/2 tb (2 lajur/2 arah tanpa batas median);40;jalan kota / kabupaten;jalan raya ds melirang kec bungah kab gresik;bungah;kecelakaan ringan;17-25;laki-laki;r2 (sepeda motor);1;sedang
tabrakan kendaraan belok kanan dengan kendaraan dari arah kanan;0;1;0;-7,250383118;112,5684356;selatan (180°);terang / jelas;cerah;lokal / lingkungan;ii (jalan sedang utk beban s/d 10 ton & 12m  panjang ran);lurus;2/2 tb (2 lajur/2 arah tanpa batas median);50;jalan kota / kabupaten;jalan raya desa boboh kecamatan menganti kabupaten gresik;menganti;kecelakaan ringan;17-25;laki-laki;r2 (sepeda motor);0;tinggi
tabrakan kendaraan belok kanan dengan kendaraan dari arah kanan;0;2;0;-7,223526054;112,5307338;selatan (180°);terang / jelas;cerah;lokal / lingkungan;ii (jalan sedang utk beban s/d 10 ton & 12m  panjang ran);lurus;2/2 tb (2 lajur/2 arah tanpa batas median);40;jalan kota / kabupaten;jalan raya ds. dungus kec. cerme kab. gresik;cerme;kecelakaan ringan;26-45;laki-laki;r2 (sepeda motor);1;sedang
tabrakan kendaraan belok kanan dengan kendaraan dari arah kanan;0;2;0;-7,325007597;112,5446348;utara (0°);terang / jelas;cerah;lokal / lingkungan;ii (jalan sedang utk beban s/d 10 ton & 12m  panjang ran);lurus;2/2 tb (2 lajur/2 arah tanpa batas median);40;jalan kota / kabupaten;jalan raya ds tanjung kec. kedamean kab. gresik;kedamean;kecelakaan ringan;26-45;laki-laki;r2 (sepeda motor);0;tinggi
tabrakan kendaraan belok kanan dengan kendaraan dari arah kanan;0;1;0;-7,280328122;112,4514973;timur (90°);terang / jelas;cerah;lokal / lingkungan;ii (jalan sedang utk beban s/d 10 ton & 12m  panjang ran);lurus;2/2 tb (2 lajur/2 arah tanpa batas median);40;jalan kota / kabupaten;jalan raya desa karangsemanding kecamatan balongpanggang kabupaten gresik;balongpanggang;kecelakaan ringan;17-25;laki-laki;r2 (sepeda motor);1;sedang
tabrakan kendaraan belok kanan dengan kendaraan dari arah kanan;0;1;0;-7,168032093;112,637435;timur (90°);terang / jelas;cerah;lokal / lingkungan;ii (jalan sedang utk beban s/d 10 ton & 12m  panjang ran);lurus;2/2 tb (2 lajur/2 arah tanpa batas median);40;jalan kota / kabupaten;jalan raya sunan giri kel. sidomukti kec. kebomas kab. gresik;kebomas;kecelakaan ringan;<17;laki-laki;r2 (sepeda motor);0;tinggi
tabrakan kendaraan belok kanan dengan kendaraan dari arah kanan;0;1;0;-6,955254635;112,5042741;barat (270°);terang / jelas;cerah;arteri;i (jalan besar utk beban 10 ton & max 18 m panjang ran);lurus;2/2 tb (2 lajur/2 arah tanpa batas median);40;jalan nasional;jalan raya desa sekapuk kecamatan ujungpangkah kabupaten gresik;ujungpangkah;kecelakaan ringan;26-45;laki-laki;r2 (sepeda motor);1;sedang
tabrakan kendaraan belok kanan dengan kendaraan dari arah kanan;0;2;0;-7,324797618;112,6312999;barat (270°);terang / jelas;cerah;lokal / lingkungan;ii (jalan sedang utk beban s/d 10 ton & 12m  panjang ran);lurus;2/2 tb (2 lajur/2 arah tanpa batas median);40;jalan kota / kabupaten;jalan raya ds. randegansari kec. driyorejo kab. gresik;driyorejo;kecelakaan ringan;26-45;laki-laki;r2 (sepeda motor);0;tinggi
tabrakan kendaraan belok kanan dengan kendaraan dari arah kanan;0;2;0;-7,248658747;112,5745389;selatan (180°);terang / jelas;cerah;lokal / lingkungan;ii (jalan sedang utk beban s/d 10 ton & 12m  panjang ran);lurus;2/2 tb (2 lajur/2 arah tanpa batas median);50;jalan kota / kabupaten;jalan raya desa boboh kecamatan menganti kabupaten gresik;menganti;kecelakaan ringan;nan;laki-laki;r2 (sepeda motor);0;tinggi
tabrakan kendaraan belok kanan dengan kendaraan dari arah kanan;0;2;0;-6,977235667;112,4756469;utara (0°);terang / jelas;cerah;lokal / lingkungan;iii (jalan kecil utk max beban 8 ton & 9 m panjang ran);lurus;2/2 tb (2 lajur/2 arah tanpa batas median);50;jalan desa;jalan umum ds. petung kec. panceng kab. gresik;panceng;kecelakaan ringan;26-45;laki-laki;r2 (sepeda motor);1;sedang
tabrakan kendaraan belok kanan dengan kendaraan dari arah kanan;0;1;0;-7,277722096;112,5783158;barat (270°);terang / jelas;cerah;lokal / lingkungan;ii (jalan sedang utk beban s/d 10 ton & 12m  panjang ran);lurus;2/2 tb (2 lajur/2 arah tanpa batas median);40;jalan kota / kabupaten;jalan raya ds. pelemwatu kec. menganti kab. gresik;menganti;kecelakaan ringan;<17;laki-laki;r2 (sepeda motor);0;tinggi
tabrakan kendaraan belok kanan dengan kendaraan dari arah kanan;2;0;0;-7,236321857;112,5643263;timur (90°);gelap / sulit terlihat;cerah;arteri;i (jalan besar utk beban 10 ton & max 18 m panjang ran);lurus;2/2 tb (2 lajur/2 arah tanpa batas median);50;jalan nasional;jalan raya ds. cerme kidul kec. cerme kab. gresik;cerme;kecelakaan berat;nan;laki-laki;mobil;2;rendah
tabrakan kendaraan belok kanan dengan kendaraan dari arah kanan;0;1;0;-6,976819931;112,4634074;selatan (180°);terang / jelas;cerah;kolektor;i (jalan besar utk beban 10 ton & max 18 m panjang ran);lurus;2/2 tb (2 lajur/2 arah tanpa batas median);40;jalan propinsi;jalan raya ds. mojopetung kec. dukun kab. gresik;dukun;kecelakaan ringan;26-45;perempuan;r2 (sepeda motor);1;sedang
tabrakan kendaraan belok kanan dengan kendaraan dari arah kanan;0;1;0;-7,166381568;112,5602474;selatan (180°);terang / jelas;cerah;arteri;i (jalan besar utk beban 10 ton & max 18 m panjang ran);lurus;2/2 tb (2 lajur/2 arah tanpa batas median);50;jalan nasional;jalan raya ds. ambeng-ambeng watangrejo kec. duduksampeyan kab. gresik;duduk sampeyan;kecelakaan ringan;46-65;laki-laki;mini truk;0;tinggi
tabrakan saat gerakan putar balik;0;2;0;-7,161984954;112,6257057;barat (270°);terang / jelas;cerah;lokal / lingkungan;ii (jalan sedang utk beban s/d 10 ton & 12m  panjang ran);lurus;4/2 b (4 lajur/2 arah dengan batas median);40;jalan kota / kabupaten;jalan raya dr. wahidin sudirohusodo  kel. kebomas kec. kebomas kab. gresik;kebomas;kecelakaan ringan;46-65;laki-laki;r2 (sepeda motor);0;tinggi
tabrakan saat gerakan putar balik;0;1;0;-7,051142927;112,5663122;barat (270°);gelap / sulit terlihat;cerah;lokal / lingkungan;ii (jalan sedang utk beban s/d 10 ton & 12m  panjang ran);lurus;2/2 tb (2 lajur/2 arah tanpa batas median);50;jalan kota / kabupaten;jalan raya ds.bungah kec. bungah kab. gresik;bungah;kecelakaan ringan;26-45;laki-laki;r2 (sepeda motor);0;tinggi
tabrakan saat gerakan putar balik;0;1;0;-7,147054701;112,6022539;barat (270°);terang / jelas;cerah;lokal / lingkungan;ii (jalan sedang utk beban s/d 10 ton & 12m  panjang ran);lurus;2/2 tb (2 lajur/2 arah tanpa batas median);50;jalan kota / kabupaten;jalan raya kyai h syafii ds. suci kec. manyar kab. gresik;manyar;kecelakaan ringan;nan;laki-laki;r2 (sepeda motor);0;tinggi
tabrakan saat gerakan putar balik;0;1;0;-7,033609334;112,5700251;utara (0°);terang / jelas;cerah;arteri;i (jalan besar utk beban 10 ton & max 18 m panjang ran);lurus;2/2 tb (2 lajur/2 arah tanpa batas median);50;jalan nasional;jalan raya desa abar-abir kecamatan bungah kabupaten gresik;bungah;kecelakaan ringan;nan;laki-laki;r2 (sepeda motor);0;tinggi
tabrakan saat gerakan putar balik;0;1;0;-7,070061415;112,5750082;utara (0°);terang / jelas;cerah;arteri;i (jalan besar utk beban 10 ton & max 18 m panjang ran);lurus;2/2 tb (2 lajur/2 arah tanpa batas median);50;jalan nasional;jalan raya desa sembayat kecamatan manyar kabupaten gresik;manyar;kecelakaan ringan;26-45;laki-laki;mini bus;0;tinggi
tabrakan saat gerakan putar balik;0;1;0;-7,162294172;112,6579536;utara (0°);terang / jelas;cerah;lokal / lingkungan;iii (jalan kecil utk max beban 8 ton & 9 m panjang ran);lurus;2/2 tb (2 lajur/2 arah tanpa batas median);50;jalan desa;jalan kh. zubair kel. pulopancikan kec. gresik;gresik;kecelakaan ringan;46-65;laki-laki;r2 (sepeda motor);0;tinggi
tabrakan saat gerakan putar balik;0;3;0;-7,290001085;112,5635711;timur (90°);terang / jelas;cerah;kolektor;i (jalan besar utk beban 10 ton & max 18 m panjang ran);lurus;2/2 tb (2 lajur/2 arah tanpa batas median);40;jalan propinsi;jalan raya desa bringkang kecamatan menganti kabupaten gresik;menganti;kecelakaan ringan;26-45;laki-laki;r2 (sepeda motor);0;tinggi
tabrakan saat gerakan putar balik;0;1;0;-7,0149254;112,5150328;selatan (180°);terang / jelas;cerah;lokal / lingkungan;ii (jalan sedang utk beban s/d 10 ton & 12m  panjang ran);lurus;2/2 tb (2 lajur/2 arah tanpa batas median);40;jalan kota / kabupaten;jalan raya ds. padangbandung kec. dukun kab. gresik;dukun;kecelakaan ringan;nan;laki-laki;r2 (sepeda motor);1;sedang
tabrakan saat gerakan putar balik;0;1;0;-7,163270213;112,6282947;timur (90°);terang / jelas;cerah;lokal / lingkungan;ii (jalan sedang utk beban s/d 10 ton & 12m  panjang ran);lurus;4/2 b (4 lajur/2 arah dengan batas median);40;jalan kota / kabupaten;jalan raya dr. wahidin sudirohusodo  kel. kebomas kec. kebomas kab. gresik;kebomas;kecelakaan ringan;<17;perempuan;r2 (sepeda motor);0;tinggi
tabrakan saat gerakan putar balik;0;1;0;-6,914313156;112,5372603;barat (270°);gelap / sulit terlihat;cerah;lokal / lingkungan;ii (jalan sedang utk beban s/d 10 ton & 12m  panjang ran);lurus;2/2 tb (2 lajur/2 arah tanpa batas median);50;jalan kota / kabupaten;jalan raya desa pangkah kulon kecamatan ujungpangkah kabupaten gresik;ujungpangkah;kecelakaan ringan;17-25;laki-laki;mini bus;1;sedang
tabrakan saat gerakan putar balik;0;2;0;-7,184897218;112,6089288;barat (270°);terang / jelas;cerah;lokal / lingkungan;ii (jalan sedang utk beban s/d 10 ton & 12m  panjang ran);lurus;2/2 tb (2 lajur/2 arah tanpa batas median);50;jalan kota / kabupaten;jalan raya ds. kedanyang kec. kebomas kab. gresik;kebomas;kecelakaan ringan;<17;laki-laki;r2 (sepeda motor);0;tinggi
tabrakan saat gerakan putar balik;0;1;0;-7,034331189;112,5277571;barat (270°);terang / jelas;cerah;lokal / lingkungan;ii (jalan sedang utk beban s/d 10 ton & 12m  panjang ran);lurus;2/2 tb (2 lajur/2 arah tanpa batas median);40;jalan kota / kabupaten;jalan raya ds. mojopuro wetan  kec. bungah kab. gresik;bungah;kecelakaan ringan;17-25;perempuan;r2 (sepeda motor);1;sedang
tabrakan saat gerakan putar balik;0;1;0;-7,290593718;112,5653584;barat (270°);terang / jelas;cerah;kolektor;i (jalan besar utk beban 10 ton & max 18 m panjang ran);lurus;2/2 tb (2 lajur/2 arah tanpa batas median);50;jalan propinsi;jalan raya ds. bringkang kec. menganti kab. gresik;menganti;kecelakaan ringan;26-45;laki-laki;r2 (sepeda motor);0;tinggi
tabrakan saat gerakan putar balik;0;2;0;-6,968326435;112,4378793;barat (270°);terang / jelas;cerah;lokal / lingkungan;ii (jalan sedang utk beban s/d 10 ton & 12m  panjang ran);lurus;2/2 tb (2 lajur/2 arah tanpa batas median);50;jalan kota / kabupaten;jalan raya ds. petiyin tunggal kec. dukun kab. gresik;dukun;kecelakaan ringan;nan;laki-laki;sepeda angin;1;sedang
tabrakan saat gerakan putar balik;0;1;0;-6,962930488;112,4114744;timur (90°);terang / jelas;cerah;lokal / lingkungan;ii (jalan sedang utk beban s/d 10 ton & 12m  panjang ran);lurus;2/2 tb (2 lajur/2 arah tanpa batas median);40;jalan kota / kabupaten;jalan raya ds. lowayu kec. dukun kab. gresik;dukun;kecelakaan ringan;46-65;perempuan;r2 (sepeda motor);1;sedang
tabrakan dengan kendaraan menyebrang dari sisi kanan jalan;0;1;0;-7,182396623;112,6490631;timur (90°);terang / jelas;cerah;lokal / lingkungan;ii (jalan sedang utk beban s/d 10 ton & 12m  panjang ran);lurus;2/2 tb (2 lajur/2 arah tanpa batas median);40;jalan kota / kabupaten;jalan raya veteran kel. sidomoro kec. kebomas kab. gresik;kebomas;kecelakaan ringan;26-45;perempuan;r2 (sepeda motor);0;tinggi
tabrakan dengan kendaraan menyebrang dari sisi kanan jalan;0;2;0;-6,965664151;112,5154707;selatan (180°);terang / jelas;cerah;arteri;i (jalan besar utk beban 10 ton & max 18 m panjang ran);lurus;2/2 tb (2 lajur/2 arah tanpa batas median);50;jalan nasional;jalan raya ds. wadeng kec. sidayu kab. gresik;sidayu;kecelakaan ringan;46-65;laki-laki;truk berat / tronton;1;sedang
tabrakan dengan kendaraan menyebrang dari sisi kanan jalan;0;1;0;-7,280609458;112,5833112;barat (270°);terang / jelas;cerah;lokal / lingkungan;ii (jalan sedang utk beban s/d 10 ton & 12m  panjang ran);lurus;2/2 tb (2 lajur/2 arah tanpa batas median);50;jalan kota / kabupaten;jalan raya ds. hulaan kec. menganti kab. gresik;menganti;kecelakaan ringan;nan;perempuan;r2 (sepeda motor);0;tinggi
tabrakan dengan kendaraan menyebrang dari sisi kanan jalan;0;2;0;-7,192477133;112,509603;timur (90°);terang / jelas;cerah;lokal / lingkungan;ii (jalan sedang utk beban s/d 10 ton & 12m  panjang ran);lurus;2/2 tb (2 lajur/2 arah tanpa batas median);40;jalan kota / kabupaten;jalan raya ds. jatirembe kec. benjeng kab. gresik;benjeng;kecelakaan ringan;nan;laki-laki;r2 (sepeda motor);1;sedang
tabrakan dengan kendaraan menyebrang dari sisi kanan jalan;0;2;0;-7,169566511;112,5812267;utara (0°);gelap / sulit terlihat;cerah;arteri;i (jalan besar utk beban 10 ton & max 18 m panjang ran);lurus;2/2 tb (2 lajur/2 arah tanpa batas median);50;jalan nasional;jalan raya ds banjarsari kec cerme kab. gresik;cerme;kecelakaan ringan;26-45;laki-laki;r2 (sepeda motor);0;tinggi
tabrakan dengan kendaraan menyebrang dari sisi kanan jalan;0;1;0;-7,001216105;112,5765665;timur (90°);terang / jelas;cerah;lokal / lingkungan;ii (jalan sedang utk beban s/d 10 ton & 12m  panjang ran);lurus;2/2 tb (2 lajur/2 arah tanpa batas median);40;jalan kota / kabupaten;jalan raya ds. ngawen kec. sidayu kab. gresik;sidayu;kecelakaan ringan;46-65;perempuan;r2 (sepeda motor);0;tinggi
tabrakan dengan kendaraan menyebrang dari sisi kanan jalan;0;1;0;-6,994502284;112,5639037;timur (90°);terang / jelas;cerah;arteri;i (jalan besar utk beban 10 ton & max 18 m panjang ran);lurus;2/2 tb (2 lajur/2 arah tanpa batas median);40;jalan nasional;jalan raya ds. sidomulyo kec. sidayu kab. gresik;sidayu;kecelakaan ringan;46-65;laki-laki;mini bus;0;tinggi
tabrakan dengan kendaraan menyebrang dari sisi kanan jalan;0;2;0;-7,357199675;112,6281379;timur (90°);terang / jelas;cerah;lokal / lingkungan;ii (jalan sedang utk beban s/d 10 ton & 12m  panjang ran);lurus;2/2 tb (2 lajur/2 arah tanpa batas median);50;jalan kota / kabupaten;jalan raya ds. tenaru kec. driyorejo kab. gresik;driyorejo;kecelakaan ringan;<17;laki-laki;r2 (sepeda motor);0;tinggi
tabrakan dengan kendaraan menyebrang dari sisi kanan jalan;0;1;0;-7,337849496;112,6305015;timur (90°);terang / jelas;cerah;lokal / lingkungan;ii (jalan sedang utk beban s/d 10 ton & 12m  panjang ran);lurus;2/2 tb (2 lajur/2 arah tanpa batas median);40;jalan kota / kabupaten;jalan raya desa petiken kecamatan driyorejo kabupaten gresik;driyorejo;kecelakaan ringan;<17;perempuan;r2 (sepeda motor);0;tinggi
tabrakan dengan kendaraan menyebrang dari sisi kanan jalan;0;2;0;-7,149939269;112,642307;selatan (180°);terang / jelas;cerah;lokal / lingkungan;ii (jalan sedang utk beban s/d 10 ton & 12m  panjang ran);lurus;2/2 tb (2 lajur/2 arah tanpa batas median);50;jalan kota / kabupaten;jalan raya gubernur suryo kel. tlogopojok kec. gresik;gresik;kecelakaan ringan;26-45;laki-laki;trailer 20 feet;0;tinggi
tabrakan dengan kendaraan menyebrang dari sisi kanan jalan;0;2;0;-7,368411202;112,6046196;utara (0°);terang / jelas;cerah;lokal / lingkungan;ii (jalan sedang utk beban s/d 10 ton & 12m  panjang ran);lurus;2/2 tb (2 lajur/2 arah tanpa batas median);40;jalan kota / kabupaten;jalan raya ds driyorejo kec driyorejo kab. gresik;driyorejo;kecelakaan ringan;nan;laki-laki;r2 (sepeda motor);0;tinggi
tabrakan dengan kendaraan menyebrang dari sisi kanan jalan;0;3;0;-7,251061377;112,5869223;timur (90°);terang / jelas;cerah;lokal / lingkungan;ii (jalan sedang utk beban s/d 10 ton & 12m  panjang ran);lurus;2/2 tb (2 lajur/2 arah tanpa batas median);40;jalan kota / kabupaten;jalan raya ds. gempolkurung kec. menganti kab. gresik;menganti;kecelakaan ringan;26-45;laki-laki;r2 (sepeda motor);0;tinggi
tabrakan dengan kendaraan menyebrang dari sisi kanan jalan;0;1;0;-7,295465037;112,5969558;barat (270°);terang / jelas;cerah;lokal / lingkungan;ii (jalan sedang utk beban s/d 10 ton & 12m  panjang ran);lurus;2/2 tb (2 lajur/2 arah tanpa batas median);40;jalan kota / kabupaten;jalan raya ds. sidowungu kec. menganti kab. gresik;menganti;kecelakaan ringan;26-45;perempuan;r2 (sepeda motor);0;tinggi
tabrakan dengan kendaraan menyebrang dari sisi kanan jalan;0;3;0;-7,052467342;112,5728882;barat (270°);terang / jelas;cerah;lokal / lingkungan;ii (jalan sedang utk beban s/d 10 ton & 12m  panjang ran);lurus;2/2 tb (2 lajur/2 arah tanpa batas median);40;jalan kota / kabupaten;jalan raya desa bungah kecamatan bungah kabupaten gresik;bungah;kecelakaan ringan;26-45;laki-laki;r2 (sepeda motor);0;tinggi
tabrakan dengan kendaraan menyebrang dari sisi kanan jalan;0;1;0;-7,163127451;112,629329;selatan (180°);terang / jelas;cerah;lokal / lingkungan;ii (jalan sedang utk beban s/d 10 ton & 12m  panjang ran);lurus;2/2 tb (2 lajur/2 arah tanpa batas median);40;jalan kota / kabupaten;jalan raya dr. wahidin sudirohusodo  kel. randuagung kec. kebomas kab. gresik;kebomas;kecelakaan ringan;46-65;perempuan;r2 (sepeda motor);0;tinggi
kendaraan out of control keluar ke kiri jalan;1;0;0;-7,185154051;112,6608825;timur (90°);terang / jelas;cerah;lokal / lingkungan;ii (jalan sedang utk beban s/d 10 ton & 12m  panjang ran);lurus;2/2 tb (2 lajur/2 arah tanpa batas median);40;jalan kota / kabupaten;jalan raya kapten darmosugondo desa karangkiring kecamatan kebomas kabupaten gresik;kebomas;kecelakaan berat;46-65;laki-laki;mini truk;2;rendah
kendaraan out of control keluar ke kiri jalan;1;0;0;-7,250909008;112,5666168;barat (270°);terang / jelas;cerah;lokal / lingkungan;ii (jalan sedang utk beban s/d 10 ton & 12m  panjang ran);lurus;2/2 tb (2 lajur/2 arah tanpa batas median);40;jalan kota / kabupaten;jalan raya ds. boboh kec. meganti kab. gresik;menganti;kecelakaan fatal;46-65;laki-laki;r2 (sepeda motor);2;rendah
kendaraan out of control keluar ke kiri jalan;1;1;0;-5,822363283;112,6705466;utara (0°);terang / jelas;cerah;lokal / lingkungan;iii (jalan kecil utk max beban 8 ton & 9 m panjang ran);lurus;2/2 tb (2 lajur/2 arah tanpa batas median);30;jalan desa;jalan umum ds. gunungteguh kec. sangkapura kab. gresik;sangkapura;kecelakaan berat;17-25;perempuan;r2 (sepeda motor);2;rendah
kendaraan out of control keluar ke kiri jalan;0;0;1;-7,291964886;112,5728719;barat (270°);terang / jelas;cerah;lokal / lingkungan;ii (jalan sedang utk beban s/d 10 ton & 12m  panjang ran);lurus;2/2 tb (2 lajur/2 arah tanpa batas median);50;jalan kota / kabupaten;jalan raya sidojangkung kec. menganti kab. gresik;menganti;kecelakaan fatal;46-65;laki-laki;r2 (sepeda motor);0;tinggi
kendaraan out of control keluar ke kiri jalan;1;1;0;-7,174356944;112,6126791;selatan (180°);terang / jelas;cerah;lokal / lingkungan;ii (jalan sedang utk beban s/d 10 ton & 12m  panjang ran);lurus;2/2 tb (2 lajur/2 arah tanpa batas median);50;jalan kota / kabupaten;jalan raya ds. kembangan kec. kebomas kab. gresik;kebomas;kecelakaan berat;26-45;perempuan;r2 (sepeda motor);2;rendah
kendaraan out of control keluar ke kiri jalan;1;0;0;-7,355002924;112,623412;barat (270°);terang / jelas;cerah;tol;i (jalan besar utk beban 10 ton & max 18 m panjang ran);lurus;2/1 (2 lajur/1 arah);60;jalan nasional;jalan tol sumo km 734 a ( exit tol tenaru driyorejo ) ds. tenaru kec. driyorejo kab. gresik;driyorejo;kecelakaan berat;46-65;laki-laki;mini bus;2;rendah
kendaraan out of control keluar ke kiri jalan;1;0;0;-7,291230078;112,435665;selatan (180°);terang / jelas;cerah;lokal / lingkungan;ii (jalan sedang utk beban s/d 10 ton & 12m  panjang ran);lurus;2/2 tb (2 lajur/2 arah tanpa batas median);50;jalan kota / kabupaten;jalan raya ds. karangsemanding kec. balongpanggang kab. gresik;balongpanggang;kecelakaan berat;26-45;laki-laki;r2 (sepeda motor);2;rendah
kendaraan out of control keluar ke kiri jalan;1;1;0;-7,130034727;112,4788257;barat (270°);terang / jelas;cerah;arteri;i (jalan besar utk beban 10 ton & max 18 m panjang ran);lurus;4/2 b (4 lajur/2 arah dengan batas median);50;jalan nasional;jalan raya desa pandanan kecamatan duduksampeyan kabupaten gresik;duduk sampeyan;kecelakaan berat;nan;laki-laki;r2 (sepeda motor);2;rendah
kendaraan out of control keluar ke kiri jalan;1;0;0;-7,396154392;112,5358514;timur (90°);terang / jelas;cerah;lokal / lingkungan;ii (jalan sedang utk beban s/d 10 ton & 12m  panjang ran);lurus;2/2 tb (2 lajur/2 arah tanpa batas median);40;jalan kota / kabupaten;jalan raya ds. tanggunan kec. wringinanom kab. gresik;wringinanom;kecelakaan berat;nan;laki-laki;r2 (sepeda motor);2;rendah
kendaraan out of control keluar ke kiri jalan;1;0;0;-7,390113981;112,5450683;utara (0°);terang / jelas;cerah;tol;i (jalan besar utk beban 10 ton & max 18 m panjang ran);lurus;4/2 b (4 lajur/2 arah dengan batas median);60;jalan nasional;jalan tol klbm km 4.700b ds. sumengko kec. wringinanom kab. gresik;wringinanom;kecelakaan berat;26-45;laki-laki;mini bus;2;rendah
kendaraan out of control keluar ke kiri jalan;1;0;0;-7,277726372;112,5781737;selatan (180°);terang / jelas;cerah;lokal / lingkungan;ii (jalan sedang utk beban s/d 10 ton & 12m  panjang ran);lurus;2/2 tb (2 lajur/2 arah tanpa batas median);40;jalan kota / kabupaten;jalan raya desa hulaan kecamatan menganti  kabupaten gresik;menganti;kecelakaan berat;26-45;laki-laki;r2 (sepeda motor);2;rendah
kendaraan out of control keluar ke kiri jalan;1;0;0;-7,252652969;112,5552942;barat (270°);terang / jelas;cerah;lokal / lingkungan;ii (jalan sedang utk beban s/d 10 ton & 12m  panjang ran);lurus;2/2 tb (2 lajur/2 arah tanpa batas median);50;jalan kota / kabupaten;jalan raya ds. morowudi kec. cerme kab. gresik;cerme;kecelakaan berat;46-65;laki-laki;r2 (sepeda motor);2;rendah
kendaraan out of control keluar ke kiri jalan;1;0;0;-7,188091282;112,6602153;timur (90°);terang / jelas;cerah;lokal / lingkungan;ii (jalan sedang utk beban s/d 10 ton & 12m  panjang ran);lurus;2/2 tb (2 lajur/2 arah tanpa batas median);50;jalan kota / kabupaten;jalan raya darmo sugondo ds. karang kiring kec. kebomas kab. gresik;kebomas;kecelakaan berat;17-25;laki-laki;r2 (sepeda motor);2;rendah
tabrakan samping;1;2;0;-7,18115084;112,5798015;selatan (180°);terang / jelas;cerah;kolektor;i (jalan besar utk beban 10 ton & max 18 m panjang ran);lurus;2/2 tb (2 lajur/2 arah tanpa batas median);50;jalan propinsi;jalan raya ds. banjarsari kec. cerme kab. gresik;cerme;kecelakaan berat;<17;perempuan;medium truk;2;rendah
tabrakan samping;0;0;1;-7,384422166;112,5761022;selatan (180°);terang / jelas;cerah;arteri;i (jalan besar utk beban 10 ton & max 18 m panjang ran);x atau + (simpang empat);2/2 tb (2 lajur/2 arah tanpa batas median);50;jalan nasional;jalan raya simpang 4 legundi ds. krikilan kec. driyorejo kab. gresik;driyorejo;kecelakaan fatal;17-25;laki-laki;truk berat / tronton;0;tinggi
tabrakan samping;0;1;0;-7,162206638;112,5347676;barat (270°);terang / jelas;cerah;arteri;i (jalan besar utk beban 10 ton & max 18 m panjang ran);lurus;2/2 tb (2 lajur/2 arah tanpa batas median);50;jalan nasional;jalan raya ds. tebaloan kec. duduksampeyan kab. gresik;duduk sampeyan;kecelakaan ringan;46-65;perempuan;r2 (sepeda motor);1;sedang
tabrakan samping;0;1;0;-7,278435472;112,5653038;utara (0°);gelap / sulit terlihat;cerah;kolektor;i (jalan besar utk beban 10 ton & max 18 m panjang ran);lurus;2/2 tb (2 lajur/2 arah tanpa batas median);50;jalan propinsi;jalan raya ds. domas kec. menganti kab. gresik;menganti;kecelakaan ringan;<17;laki-laki;mini bus;0;tinggi
tabrakan samping;0;1;0;-7,149277775;112,5110705;barat (270°);terang / jelas;cerah;arteri;i (jalan besar utk beban 10 ton & max 18 m panjang ran);lurus;4/2 b (4 lajur/2 arah dengan batas median);40;jalan nasional;jalan raya ds. setrohadi kec. duduksampeyan kab. gresik;duduk sampeyan;kecelakaan ringan;17-25;laki-laki;r2 (sepeda motor);1;sedang
tabrakan samping;1;1;0;-7,099778546;112,5642717;barat (270°);terang / jelas;cerah;lokal / lingkungan;ii (jalan sedang utk beban s/d 10 ton & 12m  panjang ran);lurus;2/2 tb (2 lajur/2 arah tanpa batas median);50;jalan kota / kabupaten;jalan raya ds betoyoguci kec manyar kab. gresik;manyar;kecelakaan berat;26-45;perempuan;sepeda angin;2;rendah
tabrakan samping;1;1;0;-7,286829116;112,5853421;barat (270°);terang / jelas;cerah;lokal / lingkungan;ii (jalan sedang utk beban s/d 10 ton & 12m  panjang ran);lurus;2/2 tb (2 lajur/2 arah tanpa batas median);50;jalan kota / kabupaten;jalan raya ds. hulaan kec. menganti kab. gresik;menganti;kecelakaan berat;nan;perempuan;r2 (sepeda motor);2;rendah
tabrakan samping;0;1;0;-7,226617098;112,5594552;barat (270°);terang / jelas;cerah;lokal / lingkungan;ii (jalan sedang utk beban s/d 10 ton & 12m  panjang ran);lurus;2/2 tb (2 lajur/2 arah tanpa batas median);50;jalan kota / kabupaten;jalan raya ds. cerme lor kec. cerme kab. gresik;cerme;kecelakaan ringan;nan;perempuan;r2 (sepeda motor);0;tinggi
tabrakan samping;0;1;0;-6,99951716;112,5640378;utara (0°);terang / jelas;cerah;arteri;i (jalan besar utk beban 10 ton & max 18 m panjang ran);lurus;2/2 tb (2 lajur/2 arah tanpa batas median);40;jalan nasional;jalan raya ds. racitengah kec. sidayu kab. gresik;sidayu;kecelakaan ringan;nan;perempuan;r2 (sepeda motor);0;tinggi
tabrakan samping;0;1;0;-7,176575095;112,61163;barat (270°);terang / jelas;cerah;lokal / lingkungan;ii (jalan sedang utk beban s/d 10 ton & 12m  panjang ran);lurus;2/2 tb (2 lajur/2 arah tanpa batas median);50;jalan kota / kabupaten;jalan raya mayjend sungkono kel. kembangan kec. kebomas kab. gresik;kebomas;kecelakaan ringan;17-25;laki-laki;r2 (sepeda motor);0;tinggi
tabrakan samping;1;1;0;-7,013674124;112,5673507;selatan (180°);terang / jelas;cerah;arteri;i (jalan besar utk beban 10 ton & max 18 m panjang ran);lurus;2/2 tb (2 lajur/2 arah tanpa batas median);50;jalan nasional;jalan raya ds. gumeng kec. bungah kab. gresik;bungah;kecelakaan ringan;46-65;laki-laki;r2 (sepeda motor);2;rendah
tabrakan samping;0;1;0;-7,166976714;112,6052884;barat (270°);terang / jelas;cerah;lokal / lingkungan;ii (jalan sedang utk beban s/d 10 ton & 12m  panjang ran);lurus;2/2 tb (2 lajur/2 arah tanpa batas median);40;jalan kota / kabupaten;jalan raya dr. wahidin sudirohusodo  ds. kembangan kec. kebomas kab. gresik;kebomas;kecelakaan ringan;26-45;laki-laki;mini truk;0;tinggi
tabrakan samping;1;0;0;-7,365840605;112,6320528;timur (90°);terang / jelas;cerah;kolektor;i (jalan besar utk beban 10 ton & max 18 m panjang ran);lurus;2/2 tb (2 lajur/2 arah tanpa batas median);50;jalan propinsi;jalan raya desa cangkir kecamatan driyorejo kabupaten gresik;driyorejo;kecelakaan berat;<17;perempuan;r2 (sepeda motor);2;rendah
tabrakan kendaraan belok kanan dengan kendaraan dari arah kiri;1;0;0;-7,230402414;112,4544918;barat (270°);terang / jelas;cerah;lokal / lingkungan;ii (jalan sedang utk beban s/d 10 ton & 12m  panjang ran);lurus;2/2 tb (2 lajur/2 arah tanpa batas median);40;jalan kota / kabupaten;jalan raya ds. ganggang kec. balongpanggang kab. gresik;balongpanggang;kecelakaan berat;nan;perempuan;sepeda angin;2;rendah
tabrakan kendaraan belok kanan dengan kendaraan dari arah kiri;0;2;0;-7,044761484;112,5751672;timur (90°);terang / jelas;cerah;lokal / lingkungan;ii (jalan sedang utk beban s/d 10 ton & 12m  panjang ran);lurus;2/2 tb (2 lajur/2 arah tanpa batas median);40;jalan kota / kabupaten;jalan raya ds. bungah kec. bungah kab. gresik;bungah;kecelakaan ringan;17-25;laki-laki;r2 (sepeda motor);0;tinggi
tabrakan kendaraan belok kanan dengan kendaraan dari arah kiri;0;2;0;-7,229646253;112,5620682;barat (270°);terang / jelas;cerah;lokal / lingkungan;iii (jalan kecil utk max beban 8 ton & 9 m panjang ran);lurus;2/2 tb (2 lajur/2 arah tanpa batas median);30;jalan desa;jalan umum ds. cerme kidul kec. cerme kab. gresik;cerme;kecelakaan ringan;<17;laki-laki;r2 (sepeda motor);0;tinggi
tabrakan kendaraan belok kanan dengan kendaraan dari arah kiri;0;2;0;-7,223252505;112,5263188;utara (0°);terang / jelas;cerah;lokal / lingkungan;ii (jalan sedang utk beban s/d 10 ton & 12m  panjang ran);lurus;2/2 tb (2 lajur/2 arah tanpa batas median);40;jalan kota / kabupaten;jalan raya ds. kandangan kec. cerme kab. gresik;cerme;kecelakaan ringan;46-65;laki-laki;r2 (sepeda motor);1;sedang
tabrakan kendaraan belok kanan dengan kendaraan dari arah kiri;0;2;0;-7,181829343;112,6178658;timur (90°);terang / jelas;cerah;lokal / lingkungan;ii (jalan sedang utk beban s/d 10 ton & 12m  panjang ran);lurus;2/2 tb (2 lajur/2 arah tanpa batas median);40;jalan kota / kabupaten;jalan raya ds. sekarkurung kec. kebomas kab. gresik;kebomas;kecelakaan ringan;17-25;perempuan;r2 (sepeda motor);0;tinggi
tabrakan kendaraan belok kanan dengan kendaraan dari arah kiri;1;0;0;-7,406464084;112,5005754;utara (0°);terang / jelas;cerah;kolektor;i (jalan besar utk beban 10 ton & max 18 m panjang ran);lurus;2/2 tb (2 lajur/2 arah tanpa batas median);50;jalan propinsi;jalan raya ds. kedunganyar kec. wringinanom kab. gresik;wringinanom;kecelakaan berat;17-25;laki-laki;r2 (sepeda motor);2;rendah
tabrakan kendaraan belok kanan dengan kendaraan dari arah kiri;0;1;0;-7,166728721;112,5629802;utara (0°);terang / jelas;cerah;arteri;i (jalan besar utk beban 10 ton & max 18 m panjang ran);lurus;4/2 tb (4 lajur/2 arah tanpa batas median);40;jalan nasional;jalan raya ds. ambeng-ambeng kec. duduksampeyan kab. gresik;duduk sampeyan;kecelakaan ringan;nan;laki-laki;r2 (sepeda motor);0;tinggi
tabrakan kendaraan belok kanan dengan kendaraan dari arah kiri;0;2;0;-7,187515542;112,6128966;timur (90°);terang / jelas;cerah;lokal / lingkungan;ii (jalan sedang utk beban s/d 10 ton & 12m  panjang ran);lurus;2/2 tb (2 lajur/2 arah tanpa batas median);40;jalan kota / kabupaten;jalan raya ds. kedanyang kec. kebomas kab. gresik;kebomas;kecelakaan ringan;46-65;laki-laki;r2 (sepeda motor);0;tinggi
tabrakan kendaraan belok kanan dengan kendaraan dari arah kiri;0;1;0;-7,384475454;112,5761159;timur (90°);terang / jelas;cerah;kolektor;i (jalan besar utk beban 10 ton & max 18 m panjang ran);x atau + (simpang empat);2/2 tb (2 lajur/2 arah tanpa batas median);50;jalan propinsi;jalan raya legundi ds. krikilan kec. driyorejo kab. gresik;driyorejo;kecelakaan ringan;26-45;laki-laki;truk gandeng;0;tinggi
tabrakan kendaraan belok kanan dengan kendaraan dari arah kiri;0;1;0;-7,038372682;112,5342661;selatan (180°);terang / jelas;cerah;lokal / lingkungan;ii (jalan sedang utk beban s/d 10 ton & 12m  panjang ran);lurus;2/2 tb (2 lajur/2 arah tanpa batas median);50;jalan kota / kabupaten;jalan raya ds. melirang kec. bungah kab. gresik;bungah;kecelakaan ringan;nan;laki-laki;r2 (sepeda motor);1;sedang
tabrakan kendaraan belok kanan dengan kendaraan dari arah kiri;0;2;0;-7,138794755;112,6096792;timur (90°);gelap / sulit terlihat;cerah;lokal / lingkungan;ii (jalan sedang utk beban s/d 10 ton & 12m  panjang ran);lurus;2/2 tb (2 lajur/2 arah tanpa batas median);40;jalan kota / kabupaten;jalan raya ds. pongangan kec. manyar kab. gresik;manyar;kecelakaan ringan;46-65;laki-laki;r2 (sepeda motor);0;tinggi
tabrakan kendaraan belok kanan dengan kendaraan dari arah kiri;0;1;0;-7,158041383;112,6328425;selatan (180°);terang / jelas;cerah;lokal / lingkungan;ii (jalan sedang utk beban s/d 10 ton & 12m  panjang ran);lurus;2/2 tb (2 lajur/2 arah tanpa batas median);40;jalan kota / kabupaten;jalan raya siti fatimah binti mimun ds. tlogopojok kec. gresik;gresik;kecelakaan ringan;46-65;laki-laki;r2 (sepeda motor);0;tinggi
di ruas jalan, pejalan kaki sejajar jalan di kiri atau di kanan;0;2;0;-7,325959314;112,5670543;barat (270°);terang / jelas;cerah;lokal / lingkungan;ii (jalan sedang utk beban s/d 10 ton & 12m  panjang ran);lurus;2/2 tb (2 lajur/2 arah tanpa batas median);40;jalan kota / kabupaten;jalan raya desa ngepung kecamatan kedamean kabupaten gresik;kedamean;kecelakaan ringan;26-45;laki-laki;pick up;0;tinggi
di ruas jalan, pejalan kaki sejajar jalan di kiri atau di kanan;0;1;0;-7,271288338;112,5850953;utara (0°);terang / jelas;cerah;lokal / lingkungan;ii (jalan sedang utk beban s/d 10 ton & 12m  panjang ran);lurus;2/2 tb (2 lajur/2 arah tanpa batas median);50;jalan kota / kabupaten;jalan raya ds. pelemwatu kec. menganti kab. gresik;menganti;kecelakaan ringan;nan;perempuan;pejalan kaki;0;tinggi
di ruas jalan, pejalan kaki sejajar jalan di kiri atau di kanan;0;1;0;-7,261221168;112,5038215;barat (270°);terang / jelas;cerah;lokal / lingkungan;ii (jalan sedang utk beban s/d 10 ton & 12m  panjang ran);lurus;2/2 tb (2 lajur/2 arah tanpa batas median);50;jalan kota / kabupaten;jalan raya ds. bulurejo kec. benjeng kab. gresik;benjeng;kecelakaan ringan;17-25;laki-laki;pick up;1;sedang
di ruas jalan, pejalan kaki sejajar jalan di kiri atau di kanan;0;1;0;-7,16033568;112,6204118;timur (90°);terang / jelas;cerah;lokal / lingkungan;iii (jalan kecil utk max beban 8 ton & 9 m panjang ran);lurus;2/2 tb (2 lajur/2 arah tanpa batas median);40;jalan desa;jalan umum dr. wahidin sudirohusodo  ds. randuagung kec. kebomas kab. gresik;kebomas;kecelakaan ringan;26-45;laki-laki;mini bus;0;tinggi
di ruas jalan, pejalan kaki sejajar jalan di kiri atau di kanan;1;1;0;-7,301035883;112,431661;selatan (180°);terang / jelas;cerah;lokal / lingkungan;ii (jalan sedang utk beban s/d 10 ton & 12m  panjang ran);lurus;2/2 tb (2 lajur/2 arah tanpa batas median);40;jalan kota / kabupaten;jalan raya desa sekarputih kecamatan balongpanggang kabupaten gresik;balongpanggang;kecelakaan berat;nan;laki-laki;r2 (sepeda motor);2;rendah
di ruas jalan, pejalan kaki sejajar jalan di kiri atau di kanan;0;1;0;-7,395391704;112,5245011;barat (270°);terang / jelas;cerah;lokal / lingkungan;ii (jalan sedang utk beban s/d 10 ton & 12m  panjang ran);lurus;2/2 tb (2 lajur/2 arah tanpa batas median);40;jalan kota / kabupaten;jalan raya ds. wringinanom kec. wringinanom kab. gresik;wringinanom;kecelakaan ringan;46-65;perempuan;r2 (sepeda motor);1;sedang
di ruas jalan, pejalan kaki sejajar jalan di kiri atau di kanan;0;1;0;-7,306763366;112,5071413;timur (90°);terang / jelas;cerah;lokal / lingkungan;iii (jalan kecil utk max beban 8 ton & 9 m panjang ran);lurus;2/2 tb (2 lajur/2 arah tanpa batas median);40;jalan desa;jalan umum ds. tulung kec. kedamean kab. gresik;kedamean;kecelakaan ringan;<17;perempuan;r2 (sepeda motor);1;sedang
di ruas jalan, pejalan kaki sejajar jalan di kiri atau di kanan;0;2;0;-7,223366225;112,5014304;selatan (180°);terang / jelas;cerah;lokal / lingkungan;ii (jalan sedang utk beban s/d 10 ton & 12m  panjang ran);lurus;2/2 tb (2 lajur/2 arah tanpa batas median);40;jalan kota / kabupaten;jalan raya desa metatu kecamatan benjeng kabupaten gresik;benjeng;kecelakaan ringan;<17;laki-laki;r2 (sepeda motor);1;sedang
di ruas jalan, pejalan kaki sejajar jalan di kiri atau di kanan;0;2;0;-7,156814664;112,5904846;utara (0°);terang / jelas;cerah;lokal / lingkungan;ii (jalan sedang utk beban s/d 10 ton & 12m  panjang ran);lurus;2/2 tb (2 lajur/2 arah tanpa batas median);40;jalan kota / kabupaten;jalan raya kh. syafii desa dahanrejo kecamatan kebomas kabupaten gresik;kebomas;kecelakaan ringan;26-45;laki-laki;r2 (sepeda motor);0;tinggi
tabrakan saat pindah lajur ke kiri;0;1;0;-6,968717698;112,4468246;selatan (180°);terang / jelas;cerah;lokal / lingkungan;ii (jalan sedang utk beban s/d 10 ton & 12m  panjang ran);lurus;2/2 tb (2 lajur/2 arah tanpa batas median);40;jalan kota / kabupaten;jalan raya ds. tebuwung kec. dukun kab. gresik;dukun;kecelakaan ringan;26-45;perempuan;r2 (sepeda motor);1;sedang
tabrakan saat pindah lajur ke kiri;0;1;0;-7,039426044;112,5357077;timur (90°);terang / jelas;cerah;lokal / lingkungan;ii (jalan sedang utk beban s/d 10 ton & 12m  panjang ran);lurus;2/2 tb (2 lajur/2 arah tanpa batas median);40;jalan kota / kabupaten;jalan raya ds. melirang kec. bungah kab. gresik;bungah;kecelakaan ringan;<17;perempuan;r2 (sepeda motor);1;sedang
tabrakan saat pindah lajur ke kiri;0;1;0;-7,165009404;112,5493586;timur (90°);terang / jelas;cerah;arteri;i (jalan besar utk beban 10 ton & max 18 m panjang ran);lurus;2/2 tb (2 lajur/2 arah tanpa batas median);40;jalan nasional;jalan raya ds. tebaloan kec. duduksampeyan kab. gresik;duduk sampeyan;kecelakaan ringan;26-45;perempuan;r2 (sepeda motor);0;tinggi
tabrakan saat pindah lajur ke kiri;0;1;0;-7,157574791;112,640662;barat (270°);terang / jelas;cerah;lokal / lingkungan;ii (jalan sedang utk beban s/d 10 ton & 12m  panjang ran);lurus;2/2 tb (2 lajur/2 arah tanpa batas median);40;jalan kota / kabupaten;jalan raya ahmad yani kelurahan ngipik kecamatan gresik;gresik;kecelakaan ringan;46-65;perempuan;r2 (sepeda motor);0;tinggi
tabrakan saat pindah lajur ke kiri;0;1;0;-7,034547037;112,577847;utara (0°);terang / jelas;cerah;lokal / lingkungan;ii (jalan sedang utk beban s/d 10 ton & 12m  panjang ran);lurus;2/2 tb (2 lajur/2 arah tanpa batas median);50;jalan kota / kabupaten;jalan raya desa kisik kecamatan bungah kabupaten gresik;bungah;kecelakaan ringan;17-25;laki-laki;r2 (sepeda motor);0;tinggi
tabrakan saat pindah lajur ke kiri;0;1;0;-6,978153225;112,5401557;selatan (180°);terang / jelas;cerah;arteri;i (jalan besar utk beban 10 ton & max 18 m panjang ran);lurus;2/2 tb (2 lajur/2 arah tanpa batas median);40;jalan nasional;jalan raya ds. golokan kec. sidayu kab. gresik;sidayu;kecelakaan ringan;26-45;perempuan;r2 (sepeda motor);1;sedang
tabrakan saat pindah lajur ke kiri;0;1;0;-7,222143551;112,5693252;utara (0°);terang / jelas;cerah;kolektor;i (jalan besar utk beban 10 ton & max 18 m panjang ran);lurus;2/2 tb (2 lajur/2 arah tanpa batas median);50;jalan propinsi;jalan raya desa cerme lor kecamatan cerme kabupaten gresik;cerme;kecelakaan ringan;nan;perempuan;r2 (sepeda motor);0;tinggi
tabrakan saat pindah lajur ke kiri;1;2;0;-7,048500618;112,5615914;timur (90°);terang / jelas;cerah;lokal / lingkungan;ii (jalan sedang utk beban s/d 10 ton & 12m  panjang ran);lurus;2/2 tb (2 lajur/2 arah tanpa batas median);50;jalan kota / kabupaten;jalan raya ds. sukowati kec. bungah kab. gresik;bungah;kecelakaan berat;46-65;laki-laki;r2 (sepeda motor);2;rendah
kendaraan out of control keluar ke kanan jalan;0;1;0;-7,19250979;112,6254512;barat (270°);terang / jelas;cerah;tol;i (jalan besar utk beban 10 ton & max 18 m panjang ran);lurus;4/2 b (4 lajur/2 arah dengan batas median);80;jalan nasional;jalan tol surabaya-gresik;kebomas;kecelakaan ringan;nan;laki-laki;bus;0;tinggi
kendaraan out of control keluar ke kanan jalan;0;1;0;-7,191505517;112,6432678;timur (90°);gelap / sulit terlihat;cerah;lokal / lingkungan;ii (jalan sedang utk beban s/d 10 ton & 12m  panjang ran);lurus;2/2 tb (2 lajur/2 arah tanpa batas median);50;jalan kota / kabupaten;jalan raya mayjend sungkono kel. segoromadu kec. kebomas kab. gresik;kebomas;kecelakaan ringan;26-45;laki-laki;r2 (sepeda motor);0;tinggi
kendaraan out of control keluar ke kanan jalan;1;1;0;-7,143753203;112,6288856;timur (90°);terang / jelas;cerah;lokal / lingkungan;ii (jalan sedang utk beban s/d 10 ton & 12m  panjang ran);lurus;2/2 tb (2 lajur/2 arah tanpa batas median);40;jalan kota / kabupaten;jalan raya ds. roomo kec. manyar kab. gresik;manyar;kecelakaan berat;46-65;laki-laki;pick up;2;rendah
kendaraan out of control keluar ke kanan jalan;0;0;1;-7,168956319;112,5885689;timur (90°);terang / jelas;cerah;arteri;i (jalan besar utk beban 10 ton & max 18 m panjang ran);lurus;4/2 b (4 lajur/2 arah dengan batas median);50;jalan nasional;jalan raya dr. wahidin sudirohusodo  ds. dahanrejo kec. kebomas kab. gresik;kebomas;kecelakaan fatal;17-25;laki-laki;r2 (sepeda motor);0;tinggi
kendaraan out of control keluar ke kanan jalan;1;0;0;-7,214823849;112,5712927;utara (0°);terang / jelas;cerah;arteri;i (jalan besar utk beban 10 ton & max 18 m panjang ran);lurus;4/2 b (4 lajur/2 arah dengan batas median);40;jalan nasional;jalan raya ds. cerme lor kec. cerme kab. gresik;cerme;kecelakaan berat;46-65;laki-laki;r2 (sepeda motor);2;rendah
tabrakan saat pindah lajur ke kiri;0;1;0;-6,968717698;112,4468246;selatan (180°);terang / jelas;cerah;lokal / lingkungan;ii (jalan sedang utk beban s/d 10 ton & 12m  panjang ran);lurus;2/2 tb (2 lajur/2 arah tanpa batas median);40;jalan kota / kabupaten;jalan raya ds. tebuwung kec. dukun kab. gresik;dukun;kecelakaan ringan;26-45;perempuan;r2 (sepeda motor);1;sedang
tabrakan saat pindah lajur ke kiri;0;1;0;-7,039426044;112,5357077;timur (90°);terang / jelas;cerah;lokal / lingkungan;ii (jalan sedang utk beban s/d 10 ton & 12m  panjang ran);lurus;2/2 tb (2 lajur/2 arah tanpa batas median);40;jalan kota / kabupaten;jalan raya ds. melirang kec. bungah kab. gresik;bungah;kecelakaan ringan;<17;perempuan;r2 (sepeda motor);1;sedang
tabrakan saat pindah lajur ke kiri;0;1;0;-7,165009404;112,5493586;timur (90°);terang / jelas;cerah;arteri;i (jalan besar utk beban 10 ton & max 18 m panjang ran);lurus;2/2 tb (2 lajur/2 arah tanpa batas median);40;jalan nasional;jalan raya ds. tebaloan kec. duduksampeyan kab. gresik;duduk sampeyan;kecelakaan ringan;26-45;perempuan;r2 (sepeda motor);0;tinggi
tabrakan saat pindah lajur ke kiri;0;1;0;-7,157574791;112,640662;barat (270°);terang / jelas;cerah;lokal / lingkungan;ii (jalan sedang utk beban s/d 10 ton & 12m  panjang ran);lurus;2/2 tb (2 lajur/2 arah tanpa batas median);40;jalan kota / kabupaten;jalan raya ahmad yani kelurahan ngipik kecamatan gresik;gresik;kecelakaan ringan;46-65;perempuan;r2 (sepeda motor);0;tinggi
tabrakan saat pindah lajur ke kiri;0;1;0;-6,978153225;112,5401557;selatan (180°);terang / jelas;cerah;arteri;i (jalan besar utk beban 10 ton & max 18 m panjang ran);lurus;2/2 tb (2 lajur/2 arah tanpa batas median);40;jalan nasional;jalan raya ds. golokan kec. sidayu kab. gresik;sidayu;kecelakaan ringan;26-45;perempuan;r2 (sepeda motor);1;sedang
tabrakan saat pindah lajur ke kiri;0;1;0;-7,034547037;112,577847;utara (0°);terang / jelas;cerah;lokal / lingkungan;ii (jalan sedang utk beban s/d 10 ton & 12m  panjang ran);lurus;2/2 tb (2 lajur/2 arah tanpa batas median);50;jalan kota / kabupaten;jalan raya desa kisik kecamatan bungah kabupaten gresik;bungah;kecelakaan ringan;17-25;laki-laki;r2 (sepeda motor);0;tinggi
tabrakan saat pindah lajur ke kiri;0;1;0;-7,222143551;112,5693252;utara (0°);terang / jelas;cerah;kolektor;i (jalan besar utk beban 10 ton & max 18 m panjang ran);lurus;2/2 tb (2 lajur/2 arah tanpa batas median);50;jalan propinsi;jalan raya desa cerme lor kecamatan cerme kabupaten gresik;cerme;kecelakaan ringan;nan;perempuan;r2 (sepeda motor);0;tinggi
tabrakan saat pindah lajur ke kiri;1;2;0;-7,048500618;112,5615914;timur (90°);terang / jelas;cerah;lokal / lingkungan;ii (jalan sedang utk beban s/d 10 ton & 12m  panjang ran);lurus;2/2 tb (2 lajur/2 arah tanpa batas median);50;jalan kota / kabupaten;jalan raya ds. sukowati kec. bungah kab. gresik;bungah;kecelakaan berat;46-65;laki-laki;r2 (sepeda motor);2;rendah
kendaraan out of control keluar ke kanan jalan;0;1;0;-7,19250979;112,6254512;barat (270°);terang / jelas;cerah;tol;i (jalan besar utk beban 10 ton & max 18 m panjang ran);lurus;4/2 b (4 lajur/2 arah dengan batas median);80;jalan nasional;jalan tol surabaya-gresik;kebomas;kecelakaan ringan;nan;laki-laki;bus;0;tinggi
kendaraan out of control keluar ke kanan jalan;0;1;0;-7,191505517;112,6432678;timur (90°);gelap / sulit terlihat;cerah;lokal / lingkungan;ii (jalan sedang utk beban s/d 10 ton & 12m  panjang ran);lurus;2/2 tb (2 lajur/2 arah tanpa batas median);50;jalan kota / kabupaten;jalan raya mayjend sungkono kel. segoromadu kec. kebomas kab. gresik;kebomas;kecelakaan ringan;26-45;laki-laki;r2 (sepeda motor);0;tinggi
kendaraan out of control keluar ke kanan jalan;1;1;0;-7,143753203;112,6288856;timur (90°);terang / jelas;cerah;lokal / lingkungan;ii (jalan sedang utk beban s/d 10 ton & 12m  panjang ran);lurus;2/2 tb (2 lajur/2 arah tanpa batas median);40;jalan kota / kabupaten;jalan raya ds. roomo kec. manyar kab. gresik;manyar;kecelakaan berat;46-65;laki-laki;pick up;2;rendah
kendaraan out of control keluar ke kanan jalan;0;0;1;-7,168956319;112,5885689;timur (90°);terang / jelas;cerah;arteri;i (jalan besar utk beban 10 ton & max 18 m panjang ran);lurus;4/2 b (4 lajur/2 arah dengan batas median);50;jalan nasional;jalan raya dr. wahidin sudirohusodo  ds. dahanrejo kec. kebomas kab. gresik;kebomas;kecelakaan fatal;17-25;laki-laki;r2 (sepeda motor);0;tinggi
kendaraan out of control keluar ke kanan jalan;1;0;0;-7,214823849;112,5712927;utara (0°);terang / jelas;cerah;arteri;i (jalan besar utk beban 10 ton & max 18 m panjang ran);lurus;4/2 b (4 lajur/2 arah dengan batas median);40;jalan nasional;jalan raya ds. cerme lor kec. cerme kab. gresik;cerme;kecelakaan berat;46-65;laki-laki;r2 (sepeda motor);2;rendah
di simpang, tabrakan dengan kendaraan b yang datang dari arah kiri;0;1;0;-6,96742442;112,4319614;utara (0°);terang / jelas;cerah;lokal / lingkungan;ii (jalan sedang utk beban s/d 10 ton & 12m  panjang ran);lurus;2/2 tb (2 lajur/2 arah tanpa batas median);40;jalan kota / kabupaten;jalan raya ds. tebuwung kec. dukun kab. gresik;dukun;kecelakaan ringan;46-65;laki-laki;r2 (sepeda motor);1;sedang
di simpang, tabrakan dengan kendaraan b yang datang dari arah kiri;0;1;0;-7,384515264;112,5761297;barat (270°);terang / jelas;cerah;arteri;i (jalan besar utk beban 10 ton & max 18 m panjang ran);x atau + (simpang empat);2/2 tb (2 lajur/2 arah tanpa batas median);50;jalan nasional;jalan raya ds krikilan (simpang 4 legundi)kec driyorejo kab. gresik;driyorejo;kecelakaan ringan;17-25;laki-laki;r2 (sepeda motor);0;tinggi
di simpang, tabrakan dengan kendaraan b yang datang dari arah kiri;0;1;0;-7,155198088;112,6150898;timur (90°);terang / jelas;cerah;lokal / lingkungan;ii (jalan sedang utk beban s/d 10 ton & 12m  panjang ran);lurus;2/2 tb (2 lajur/2 arah tanpa batas median);40;jalan kota / kabupaten;jalan sumatra gkb kel. randuagung kec. kebomas kab. gresik;kebomas;kecelakaan ringan;17-25;perempuan;r2 (sepeda motor);0;tinggi
tabrakan kendaraan belok kiri dengan kendaraan dari arah kanan;0;2;0;-7,280878407;112,4397419;barat (270°);terang / jelas;cerah;lokal / lingkungan;ii (jalan sedang utk beban s/d 10 ton & 12m  panjang ran);lurus;2/2 tb (2 lajur/2 arah tanpa batas median);40;jalan kota / kabupaten;jalan raya ds. wahas kec. balongpanggang kab. gresik;balongpanggang;kecelakaan ringan;17-25;laki-laki;r2 (sepeda motor);1;sedang
tabrakan kendaraan belok kiri dengan kendaraan dari arah kanan;0;1;0;-7,044585641;112,5523494;utara (0°);terang / jelas;cerah;lokal / lingkungan;ii (jalan sedang utk beban s/d 10 ton & 12m  panjang ran);lurus;2/2 tb (2 lajur/2 arah tanpa batas median);40;jalan kota / kabupaten;jalan raya ds. masangan kec. bungah kab. gresik;bungah;kecelakaan fatal;26-45;perempuan;r2 (sepeda motor);0;tinggi
tabrakan kendaraan belok kiri dengan kendaraan dari arah kanan;0;1;0;-7,169552138;112,6496078;selatan (180°);terang / jelas;cerah;lokal / lingkungan;ii (jalan sedang utk beban s/d 10 ton & 12m  panjang ran);lurus;2/2 tb (2 lajur/2 arah tanpa batas median);50;jalan kota / kabupaten;jalan raya ra kartini kelurahan sidomoro kecamatan kebomas kabupaten gresik;kebomas;kecelakaan ringan;46-65;perempuan;r2 (sepeda motor);0;tinggi
tabrakan kendaraan belok kiri dengan kendaraan dari arah kanan;0;1;0;-7,160781744;112,6221622;selatan (180°);terang / jelas;cerah;lokal / lingkungan;ii (jalan sedang utk beban s/d 10 ton & 12m  panjang ran);lurus;4/2 b (4 lajur/2 arah dengan batas median);40;jalan kota / kabupaten;jalan raya dr. wahidin sudirohusodo  kel. randuagung kec. kebomas kab. gresik;kebomas;kecelakaan ringan;<17;laki-laki;r2 (sepeda motor);0;tinggi
tabrakan dengan kendaraan parkir di kanan;1;0;0;-7,141377012;112,4972786;timur (90°);terang / jelas;cerah;arteri;i (jalan besar utk beban 10 ton & max 18 m panjang ran);lurus;4/2 b (4 lajur/2 arah dengan batas median);40;jalan nasional;jalan raya desa palebon kecamatan duduksampeyan kabupaten gresik;duduk sampeyan;kecelakaan berat;26-45;laki-laki;medium truk;2;rendah
tabrakan dengan kendaraan parkir di kanan;0;1;0;-7,140192991;112,4954089;barat (270°);terang / jelas;cerah;arteri;i (jalan besar utk beban 10 ton & max 18 m panjang ran);lurus;4/2 b (4 lajur/2 arah dengan batas median);50;jalan nasional;jalan raya ds. tumapel kec. duduksampeyan  kab. gresik;duduk sampeyan;kecelakaan ringan;<17;laki-laki;mini truk;1;sedang
tabrakan dengan kendaraan parkir di kanan;0;1;0;-7,149581757;112,511619;barat (270°);terang / jelas;cerah;arteri;i (jalan besar utk beban 10 ton & max 18 m panjang ran);lurus;2/2 tb (2 lajur/2 arah tanpa batas median);50;jalan nasional;jalan raya ds. setrohadi kec. duduksampeyan kab. gresik;duduk sampeyan;kecelakaan ringan;17-25;laki-laki;r2 (sepeda motor);1;sedang
tabrakan kendaraan belok kiri dengan kendaraan dari arah kiri;0;2;0;-7,318836253;112,565762;timur (90°);terang / jelas;cerah;kolektor;i (jalan besar utk beban 10 ton & max 18 m panjang ran);lurus;2/2 tb (2 lajur/2 arah tanpa batas median);50;jalan propinsi;jalan raya ds. kedamean kec. kedamean kab. gresik;kedamean;kecelakaan ringan;17-25;laki-laki;r2 (sepeda motor);0;tinggi
tabrakan kendaraan belok kiri dengan kendaraan dari arah kiri;0;1;0;-7,350399758;112,6467986;utara (0°);terang / jelas;cerah;lokal / lingkungan;iii (jalan kecil utk max beban 8 ton & 9 m panjang ran);lurus;2/2 tb (2 lajur/2 arah tanpa batas median);50;jalan desa;jalan perum bukit bambe ds. bambe kec. driyorejo kab. gresik;driyorejo;kecelakaan ringan;26-45;perempuan;r2 (sepeda motor);0;tinggi
tabrakan kendaraan belok kiri dengan kendaraan dari arah kiri;1;0;0;-5,842688647;112,6352287;utara (0°);terang / jelas;cerah;lokal / lingkungan;iii (jalan kecil utk max beban 8 ton & 9 m panjang ran);lurus;2/2 tb (2 lajur/2 arah tanpa batas median);40;jalan desa;jalan umum ds. sungai teluk kec. sangkapura kab. gresik;sangkapura;kecelakaan fatal;<17;laki-laki;r2 (sepeda motor);2;rendah
di simpang, tabrakan dengan kendaraan b yang datang dari arah kanan;0;1;0;-7,165929177;112,6394587;barat (270°);terang / jelas;cerah;lokal / lingkungan;ii (jalan sedang utk beban s/d 10 ton & 12m  panjang ran);x atau + (simpang empat);2/2 tb (2 lajur/2 arah tanpa batas median);50;jalan kota / kabupaten;jalan raya kartini ( simpang empat kebomas ) kel. kebomas kec. kebomas kab. gresik;kebomas;kecelakaan ringan;26-45;laki-laki;mini bus;0;tinggi
di simpang, tabrakan dengan kendaraan b yang datang dari arah kanan;0;1;0;-7,335330381;112,6320734;selatan (180°);terang / jelas;cerah;lokal / lingkungan;ii (jalan sedang utk beban s/d 10 ton & 12m  panjang ran);lurus;2/2 tb (2 lajur/2 arah tanpa batas median);50;jalan kota / kabupaten;jalan perum kbd ds. petiken kec. driyorejo kab. gresik;driyorejo;kecelakaan ringan;<17;perempuan;r2 (sepeda motor);0;tinggi
tabrak belakang kendaraan depan yang belok kiri;1;0;0;-7,244791951;112,5861845;selatan (180°);terang / jelas;cerah;lokal / lingkungan;ii (jalan sedang utk beban s/d 10 ton & 12m  panjang ran);lurus;2/2 tb (2 lajur/2 arah tanpa batas median);40;jalan kota / kabupaten;jalan raya ds. kepatihan kec. menganti kab. gresik;menganti;kecelakaan berat;46-65;laki-laki;r2 (sepeda motor);2;rendah
tabrak belakang kendaraan depan yang belok kiri;0;1;0;-7,221641496;112,5037016;selatan (180°);terang / jelas;cerah;lokal / lingkungan;ii (jalan sedang utk beban s/d 10 ton & 12m  panjang ran);lurus;2/2 tb (2 lajur/2 arah tanpa batas median);40;jalan kota / kabupaten;jalan raya ds. metatu kec. benjeng kab. gresik;benjeng;kecelakaan ringan;17-25;laki-laki;mini truk;1;sedang
tabrakan saat kendaraan a melakukan gerakan mundur / lawan arah;1;0;0;-7,326459841;112,5662741;selatan (180°);terang / jelas;cerah;kolektor;i (jalan besar utk beban 10 ton & max 18 m panjang ran);lurus;2/2 tb (2 lajur/2 arah tanpa batas median);50;jalan propinsi;jalan raya ds. kedamean kec. kedamean kab. gresik;kedamean;kecelakaan berat;17-25;laki-laki;mini truk;2;rendah
tabrakan saat kendaraan a melakukan gerakan mundur / lawan arah;0;1;0;-7,052662993;112,5745204;utara (0°);terang / jelas;cerah;lokal / lingkungan;ii (jalan sedang utk beban s/d 10 ton & 12m  panjang ran);lurus;2/2 tb (2 lajur/2 arah tanpa batas median);40;jalan kota / kabupaten;jalan raya ds. bungah kec. bungah kab. gresik;bungah;kecelakaan ringan;26-45;laki-laki;r2 (sepeda motor);0;tinggi
di ruas jalan, pejalan kaki di bahu jalan atau di trotoar;0;4;0;-7,293912189;112,5895035;timur (90°);terang / jelas;cerah;lokal / lingkungan;ii (jalan sedang utk beban s/d 10 ton & 12m  panjang ran);lurus;2/2 tb (2 lajur/2 arah tanpa batas median);60;jalan kota / kabupaten;jalan raya desa menganti kecamatan menganti kabupaten gresik;menganti;kecelakaan ringan;17-25;laki-laki;mini bus;0;tinggi
tabrak belakang kendaraan depan yang belok kanan;0;1;0;-7,031927505;112,5237718;barat (270°);terang / jelas;cerah;lokal / lingkungan;ii (jalan sedang utk beban s/d 10 ton & 12m  panjang ran);lurus;2/2 tb (2 lajur/2 arah tanpa batas median);50;jalan kota / kabupaten;jalan raya ds. mojopurowetan kec. bungah kab. gresik;bungah;kecelakaan ringan;nan;perempuan;sepeda listrik;1;sedang
tabrakan dengan kereta api;0;1;1;-7,190830137;112,6554486;selatan (180°);terang / jelas;cerah;lokal / lingkungan;ii (jalan sedang utk beban s/d 10 ton & 12m  panjang ran);lurus;2/2 tb (2 lajur/2 arah tanpa batas median);40;jalan desa;jalan umum perlintasa ka kel. tenggulunan kec. kebomas kab. gresik;kebomas;kecelakaan fatal;46-65;laki-laki;truk berat / tronton;0;tinggi
tabrakan kendaraan belok kiri dengan kendaraan yang datang dari arah yang berlawanan;0;2;0;-7,040659331;112,5332649;barat (270°);terang / jelas;cerah;lokal / lingkungan;ii (jalan sedang utk beban s/d 10 ton & 12m  panjang ran);lurus;2/2 tb (2 lajur/2 arah tanpa batas median);40;jalan kota / kabupaten;jalan raya ds. melirang kec. bungah kab. gresik;bungah;kecelakaan ringan;26-45;laki-laki;r2 (sepeda motor);1;sedang
tabrakan kendaraan belok kiri dengan kendaraan yang jalan lurus;0;2;0;-7,13893472;112,6210848;timur (90°);terang / jelas;cerah;lokal / lingkungan;ii (jalan sedang utk beban s/d 10 ton & 12m  panjang ran);lurus;2/2 tb (2 lajur/2 arah tanpa batas median);50;jalan kota / kabupaten;jalan raya ds. roomo kec manyar  kab. gresik;manyar;kecelakaan ringan;nan;laki-laki;r2 (sepeda motor);0;tinggi
tabrakan depan - belakang;0;2;0;-7,265777508;112,4693553;timur (90°);gelap / sulit terlihat;cerah;lokal / lingkungan;ii (jalan sedang utk beban s/d 10 ton & 12m  panjang ran);lurus;2/2 tb (2 lajur/2 arah tanpa batas median);40;jalan kota / kabupaten;jalan raya ds. kalipadang kec. benjeng kab. gresik;benjeng;kecelakaan ringan;17-25;perempuan;r2 (sepeda motor);1;sedang
tabrakan depan - belakang;0;1;0;-7,169628248;112,5802588;barat (270°);terang / jelas;hujan/ grimis;arteri;i (jalan besar utk beban 10 ton & max 18 m panjang ran);lurus;2/2 tb (2 lajur/2 arah tanpa batas median);40;jalan nasional;jalan raya  ds. banjarsari kec. cerme kab. gresik;cerme;kecelakaan ringan;<17;laki-laki;mini truk;0;tinggi
tabrakan depan - belakang;0;1;0;-7,320771644;112,5658969;utara (0°);terang / jelas;cerah;arteri;i (jalan besar utk beban 10 ton & max 18 m panjang ran);lurus;2/2 tb (2 lajur/2 arah tanpa batas median);40;jalan nasional;jalan raya desa kedamean kecamatan kedamean  kabupaten gresik;kedamean;kecelakaan ringan;46-65;laki-laki;mini truk;0;tinggi
tabrakan depan - belakang;0;2;0;-7,353527421;112,6344995;barat (270°);terang / jelas;cerah;tol;i (jalan besar utk beban 10 ton & max 18 m panjang ran);lurus;2/2 tb (2 lajur/2 arah tanpa batas median);50;jalan nasional;jalan tol sumo km 735.400 jalur a desa tenaru kecamatan driyorejo kabupaten gresik;driyorejo;kecelakaan ringan;46-65;laki-laki;truk berat / tronton;0;tinggi
tabrakan depan - depan;0;1;0;-7,165014061;112,5493612;timur (90°);terang / jelas;cerah;arteri;i (jalan besar utk beban 10 ton & max 18 m panjang ran);lurus;2/2 tb (2 lajur/2 arah tanpa batas median);40;jalan nasional;jalan raya ds. tebaloan kec. duduksampeyan kab. gresik;duduk sampeyan;kecelakaan ringan;46-65;laki-laki;medium truk;0;tinggi
tabrakan depan - depan;0;2;0;-7,396446409;112,5253039;timur (90°);gelap / sulit terlihat;cerah;lokal / lingkungan;ii (jalan sedang utk beban s/d 10 ton & 12m  panjang ran);lurus;2/2 tb (2 lajur/2 arah tanpa batas median);40;jalan kota / kabupaten;jalan raya ds. grompol kec. wringinanom kab. gresik;wringinanom;kecelakaan ringan;17-25;laki-laki;r2 (sepeda motor);1;sedang
tabrakan depan - depan;1;0;0;-6,970532125;112,5240004;timur (90°);gelap / sulit terlihat;hujan/ grimis;arteri;i (jalan besar utk beban 10 ton & max 18 m panjang ran);lurus;2/2 tb (2 lajur/2 arah tanpa batas median);40;jalan nasional;jalan raya ds. sambipondok kec. sidayu kab. gresik;sidayu;kecelakaan berat;26-45;laki-laki;mini truk;2;rendah
tabrakan depan - depan;0;2;0;-7,152958877;112,517641;barat (270°);terang / jelas;cerah;arteri;i (jalan besar utk beban 10 ton & max 18 m panjang ran);lurus;4/2 b (4 lajur/2 arah dengan batas median);50;jalan nasional;jalan raya desa duduksampeyan kecamatan duduksampeyan kabupaten gresik;duduk sampeyan;kecelakaan ringan;<17;laki-laki;r2 (sepeda motor);1;sedang
tabrakan dengan kendaraan parkir di kiri;0;1;0;-7,221499133;112,5694968;selatan (180°);gelap / sulit terlihat;cerah;arteri;i (jalan besar utk beban 10 ton & max 18 m panjang ran);lurus;2/2 tb (2 lajur/2 arah tanpa batas median);50;jalan nasional;jalan raya ds. cerme lor kec. cerme kab. gresik;cerme;kecelakaan ringan;26-45;laki-laki;truk berat / tronton;0;tinggi
tabrakan dengan kendaraan parkir di kiri;0;0;1;-7,378575407;112,5831806;timur (90°);gelap / sulit terlihat;cerah;kolektor;i (jalan besar utk beban 10 ton & max 18 m panjang ran);lurus;2/2 tb (2 lajur/2 arah tanpa batas median);40;jalan propinsi;jalan raya ds. krikilan kec. driyorejo kab. gresik;driyorejo;kecelakaan fatal;26-45;laki-laki;mini truk;0;tinggi
tabrakan kendaraan belok kanan dengan kendaraan yang datang dari arah berlawanan;0;2;0;-7,160494194;112,5316733;timur (90°);terang / jelas;cerah;arteri;i (jalan besar utk beban 10 ton & max 18 m panjang ran);lurus;2/2 tb (2 lajur/2 arah tanpa batas median);40;jalan nasional;jalan raya ds. samir plapan kec. duduksampeyan kab. gresik;duduk sampeyan;kecelakaan ringan;<17;perempuan;r2 (sepeda motor);1;sedang
tabrakan kendaraan belok kanan dengan kendaraan yang datang dari arah berlawanan;0;2;0;-7,392732631;112,5469412;barat (270°);gelap / sulit terlihat;cerah;lokal / lingkungan;ii (jalan sedang utk beban s/d 10 ton & 12m  panjang ran);lurus;2/2 tb (2 lajur/2 arah tanpa batas median);40;jalan kota / kabupaten;jalan raya ds. lebaniwaras kec. wringinanom kab. gresik;wringinanom;kecelakaan ringan;17-25;laki-laki;r2 (sepeda motor);0;tinggi
tabrakan kendaraan belok kanan dengan kendaraan yang datang dari arah berlawanan;0;1;0;-6,969153687;112,5205361;barat (270°);gelap / sulit terlihat;cerah;arteri;i (jalan besar utk beban 10 ton & max 18 m panjang ran);lurus;2/2 tb (2 lajur/2 arah tanpa batas median);40;jalan nasional;jalan raya desa sambipondok kecamatan sidayu kabupaten gresik;sidayu;kecelakaan ringan;26-45;laki-laki;truk berat / tronton;1;sedang
tabrakan kendaraan belok kanan dengan kendaraan yang datang dari arah berlawanan;0;2;0;-7,341692017;112,5674828;utara (0°);terang / jelas;cerah;kolektor;i (jalan besar utk beban 10 ton & max 18 m panjang ran);lurus;2/2 tb (2 lajur/2 arah tanpa batas median);50;jalan propinsi;jalan raya desa banyuurip kecamatan kedamean kabupaten gresik;kedamean;kecelakaan ringan;46-65;laki-laki;r2 (sepeda motor);0;tinggi
tabrakan saat menyalip dari kanan;1;0;0;-7,365439627;112,6227766;timur (90°);gelap / sulit terlihat;cerah;kolektor;i (jalan besar utk beban 10 ton & max 18 m panjang ran);lurus;2/2 tb (2 lajur/2 arah tanpa batas median);40;jalan propinsi;jalan raya desa driyorejo kecamatan driyorejo kabupaten gresik;driyorejo;kecelakaan berat;26-45;laki-laki;r2 (sepeda motor);2;rendah
tabrakan saat menyalip dari kanan;0;1;0;-7,057881969;112,5541424;barat (270°);terang / jelas;cerah;lokal / lingkungan;iii (jalan kecil utk max beban 8 ton & 9 m panjang ran);lurus;2/2 tb (2 lajur/2 arah tanpa batas median);40;jalan desa;jalan umum ds. morobakung kec. manyar kab. gresik;manyar;kecelakaan ringan;<17;laki-laki;r2 (sepeda motor);0;tinggi
tabrak kendaraan belok kanan dengan kendaraan yang jalan lurus;0;1;0;-7,396642038;112,5250827;timur (90°);terang / jelas;cerah;lokal / lingkungan;ii (jalan sedang utk beban s/d 10 ton & 12m  panjang ran);lurus;2/2 tb (2 lajur/2 arah tanpa batas median);40;jalan kota / kabupaten;jalan raya desa sumberrame kecamatan wringinanom kabupaten gresik;wringinanom;kecelakaan ringan;26-45;laki-laki;r2 (sepeda motor);1;sedang
tabrakan saat menyalip;1;0;0;-7,159676013;112,5891369;selatan (180°);gelap / sulit terlihat;cerah;lokal / lingkungan;ii (jalan sedang utk beban s/d 10 ton & 12m  panjang ran);lurus;2/2 tb (2 lajur/2 arah tanpa batas median);40;jalan kota / kabupaten;jalan raya kh syafii desa dahanrejo kecamatan kebomas kabupaten gresik;kebomas;kecelakaan berat;<17;laki-laki;pick up;2;rendah
tabrakan saat menyalip;1;0;0;-7,287125301;112,5853837;selatan (180°);terang / jelas;cerah;lokal / lingkungan;ii (jalan sedang utk beban s/d 10 ton & 12m  panjang ran);lurus;2/2 tb (2 lajur/2 arah tanpa batas median);50;jalan kota / kabupaten;jalan raya ds. hulaan kec. menganti kab. gresik;menganti;kecelakaan berat;<17;laki-laki;r2 (sepeda motor);2;rendah
di ruas jalan, pejalan kaki menyeberang dari kanan ke kiri;0;2;0;-7,393341015;112,5285855;selatan (180°);terang / jelas;cerah;lokal / lingkungan;iii (jalan kecil utk max beban 8 ton & 9 m panjang ran);lurus;2/2 tb (2 lajur/2 arah tanpa batas median);40;jalan desa;jalan umum ds. lebaniwaras kec. wringinanom kab. gresik;wringinanom;kecelakaan ringan;46-65;perempuan;r2 (sepeda motor);1;sedang
di ruas jalan, pejalan kaki menyeberang dari kanan ke kiri;0;1;0;-7,265020953;112,4786064;barat (270°);terang / jelas;cerah;lokal / lingkungan;ii (jalan sedang utk beban s/d 10 ton & 12m  panjang ran);lurus;2/2 tb (2 lajur/2 arah tanpa batas median);50;jalan kota / kabupaten;jalan raya ds. kedungrukem kec. benjeng kab. gresik;benjeng;kecelakaan ringan;26-45;laki-laki;r2 (sepeda motor);1;sedang
di ruas jalan, pejalan kaki menyeberang dari kanan ke kiri;0;1;0;-7,350518898;112,5200539;utara (0°);terang / jelas;hujan/ grimis;lokal / lingkungan;iii (jalan kecil utk max beban 8 ton & 9 m panjang ran);lurus;2/2 tb (2 lajur/2 arah tanpa batas median);40;jalan desa;jalan umum ds. sooko kec. wringinanom kab. gresik;wringinanom;kecelakaan ringan;<17;perempuan;r2 (sepeda motor);1;sedang
tabrakan saat menyalip dari kiri;0;2;0;-7,090122038;112,5819393;utara (0°);gelap / sulit terlihat;hujan/ grimis;kolektor;i (jalan besar utk beban 10 ton & max 18 m panjang ran);lurus;2/2 tb (2 lajur/2 arah tanpa batas median);50;jalan propinsi;jalan raya ds. banyuwangi kec. manyar kab. gresik;manyar;kecelakaan ringan;17-25;laki-laki;r2 (sepeda motor);0;tinggi
tabrakan saat menyalip dari kiri;0;1;0;-7,269481155;112,4333951;barat (270°);terang / jelas;cerah;lokal / lingkungan;ii (jalan sedang utk beban s/d 10 ton & 12m  panjang ran);lurus;2/2 tb (2 lajur/2 arah tanpa batas median);50;jalan kota / kabupaten;jalan raya ds. kedungsumber kec. balongpanggang kab. gresik;balongpanggang;kecelakaan ringan;46-65;laki-laki;pick up;1;sedang
di ruas jalan, pejalan kaki menyeberang dari kiri ke kanan;0;1;0;-7,249868455;112,5612503;barat (270°);terang / jelas;cerah;lokal / lingkungan;ii (jalan sedang utk beban s/d 10 ton & 12m  panjang ran);lurus;2/2 tb (2 lajur/2 arah tanpa batas median);50;jalan kota / kabupaten;jalan raya desa morowudi kecamatan cerme kabupaten gresik;cerme;kecelakaan ringan;26-45;laki-laki;r2 (sepeda motor);0;tinggi
di ruas jalan, pejalan kaki menyeberang dari kiri ke kanan;0;2;0;-7,227017209;112,5637135;utara (0°);terang / jelas;cerah;lokal / lingkungan;ii (jalan sedang utk beban s/d 10 ton & 12m  panjang ran);lurus;2/2 tb (2 lajur/2 arah tanpa batas median);40;jalan kota / kabupaten;jalan raya ds. cerme lor kec. cerme kab. gresik;cerme;kecelakaan ringan;26-45;laki-laki;r2 (sepeda motor);0;tinggi
kendaraan out of control keluar ke kanan jalan;1;0;0;-7,141239746;112,6164064;selatan (180°);terang / jelas;cerah;lokal / lingkungan;ii (jalan sedang utk beban s/d 10 ton & 12m  panjang ran);lurus;2/2 tb (2 lajur/2 arah tanpa batas median);40;jalan kota / kabupaten;jalan kalimantan gkb  ds. yosowilangun kec. manyar kab. gresik;manyar;kecelakaan berat;<17;perempuan;r2 (sepeda motor);2;rendah
tabrakan dengan kendaraan menyebrang dari sisi kiri jalan;0;1;0;-7,384387678;112,5760871;barat (270°);terang / jelas;cerah;kolektor;i (jalan besar utk beban 10 ton & max 18 m panjang ran);x atau + (simpang empat);2/2 tb (2 lajur/2 arah tanpa batas median);50;jalan propinsi;jalan raya desa krikilan (simpang 4 legundi) kecamatan driyorejo kabupaten gresik;driyorejo;kecelakaan ringan;<17;laki-laki;r2 (sepeda motor);0;tinggi
tabrakan samping;0;1;0;-7,105856227;112,5911086;selatan (180°);terang / jelas;cerah;arteri;i (jalan besar utk beban 10 ton & max 18 m panjang ran);lurus;2/2 tb (2 lajur/2 arah tanpa batas median);40;jalan nasional;jalan raya ds. banyuwangi kec. manyar kab. gresik;manyar;kecelakaan ringan;17-25;perempuan;r2 (sepeda motor);0;tinggi
tabrakan depan - depan;2;1;0;-7,229391656;112,5002716;utara (0°);terang / jelas;cerah;lokal / lingkungan;ii (jalan sedang utk beban s/d 10 ton & 12m  panjang ran);lurus;2/2 tb (2 lajur/2 arah tanpa batas median);40;jalan kota / kabupaten;jalan raya ds. medangan kec. benjeng kab. gresik;benjeng;kecelakaan berat;nan;perempuan;r2 (sepeda motor);2;rendah
tabrakan depan - depan;2;1;0;-7,229391656;112,5002716;utara (0°);terang / jelas;cerah;lokal / lingkungan;ii (jalan sedang utk beban s/d 10 ton & 12m  panjang ran);lurus;2/2 tb (2 lajur/2 arah tanpa batas median);40;jalan kota / kabupaten;jalan raya ds. medangan kec. benjeng kab. gresik;benjeng;kecelakaan berat;nan;laki-laki;r2 (sepeda motor);2;rendah
